( Eyebrows - cutout (outside offset, through-cut) )
( Origin: true bottom-left corner of the 18x12.5in stock )
( Zero the machine at that corner before running this file )
G21 ( mm )
G90 ( absolute )
M3 S12000 ( ignored if spindle speed is set manually )
G0 Z5.000
( Origin: lower-left corner of the eyebrow artwork's own bounding box )
( Independent coordinate system -- NOT shared with the rest of Scrappy )
( 14 Z passes of 0.9429mm to 13.200mm total )
( -- pass 1/14, Z=-0.9429 -- )
( eyebrow 1/2 )
G0 X67.9829 Y168.1164 Z5.0000
G1 Z-0.9429 F300
G1 X71.6911 Y167.3054 Z-0.9429 F800
G1 X71.7375 Y167.2937 Z-0.9429 F800
G1 X75.3239 Y166.2658 Z-0.9429 F800
G1 X75.3690 Y166.2513 Z-0.9429 F800
G1 X78.8354 Y165.0161 Z-0.9429 F800
G1 X78.8787 Y164.9991 Z-0.9429 F800
G1 X82.2270 Y163.5662 Z-0.9429 F800
G1 X82.2681 Y163.5471 Z-0.9429 F800
G1 X85.5002 Y161.9262 Z-0.9429 F800
G1 X85.5389 Y161.9053 Z-0.9429 F800
G1 X88.6566 Y160.1059 Z-0.9429 F800
G1 X88.6926 Y160.0838 Z-0.9429 F800
G1 X91.6979 Y158.1155 Z-0.9429 F800
G1 X91.7312 Y158.0924 Z-0.9429 F800
G1 X94.6259 Y155.9650 Z-0.9429 F800
G1 X94.6563 Y155.9413 Z-0.9429 F800
G1 X97.4423 Y153.6643 Z-0.9429 F800
G1 X97.4701 Y153.6404 Z-0.9429 F800
G1 X100.1493 Y151.2233 Z-0.9429 F800
G1 X100.1744 Y151.1995 Z-0.9429 F800
G1 X102.7487 Y148.6521 Z-0.9429 F800
G1 X102.7714 Y148.6286 Z-0.9429 F800
G1 X105.2425 Y145.9603 Z-0.9429 F800
G1 X105.2630 Y145.9373 Z-0.9429 F800
G1 X107.6329 Y143.1579 Z-0.9429 F800
G1 X107.6513 Y143.1355 Z-0.9429 F800
G1 X109.9219 Y140.2545 Z-0.9429 F800
G1 X109.9384 Y140.2329 Z-0.9429 F800
G1 X112.1116 Y137.2600 Z-0.9429 F800
G1 X112.1263 Y137.2391 Z-0.9429 F800
G1 X114.2040 Y134.1839 Z-0.9429 F800
G1 X114.2171 Y134.1638 Z-0.9429 F800
G1 X116.2011 Y131.0359 Z-0.9429 F800
G1 X116.2129 Y131.0167 Z-0.9429 F800
G1 X118.1051 Y127.8256 Z-0.9429 F800
G1 X118.1156 Y127.8073 Z-0.9429 F800
G1 X119.9178 Y124.5627 Z-0.9429 F800
G1 X119.9273 Y124.5452 Z-0.9429 F800
G1 X121.6415 Y121.2567 Z-0.9429 F800
G1 X121.6499 Y121.2400 Z-0.9429 F800
G1 X123.2780 Y117.9173 Z-0.9429 F800
G1 X123.2855 Y117.9014 Z-0.9429 F800
G1 X124.8293 Y114.5541 Z-0.9429 F800
G1 X124.8361 Y114.5389 Z-0.9429 F800
G1 X126.2974 Y111.1765 Z-0.9429 F800
G1 X126.3035 Y111.1621 Z-0.9429 F800
G1 X127.6843 Y107.7942 Z-0.9429 F800
G1 X127.6898 Y107.7805 Z-0.9429 F800
G1 X128.9920 Y104.4168 Z-0.9429 F800
G1 X128.9969 Y104.4037 Z-0.9429 F800
G1 X130.2223 Y101.0538 Z-0.9429 F800
G1 X130.2267 Y101.0413 Z-0.9429 F800
G1 X131.3772 Y97.7149 Z-0.9429 F800
G1 X131.3812 Y97.7029 Z-0.9429 F800
G1 X132.4587 Y94.4095 Z-0.9429 F800
G1 X132.4623 Y94.3981 Z-0.9429 F800
G1 X133.4687 Y91.1473 Z-0.9429 F800
G1 X133.4719 Y91.1363 Z-0.9429 F800
G1 X134.4090 Y87.9378 Z-0.9429 F800
G1 X134.4120 Y87.9273 Z-0.9429 F800
G1 X135.2817 Y84.7906 Z-0.9429 F800
G1 X135.2844 Y84.7805 Z-0.9429 F800
G1 X136.0885 Y81.7153 Z-0.9429 F800
G1 X136.0910 Y81.7056 Z-0.9429 F800
G1 X136.8315 Y78.7214 Z-0.9429 F800
G1 X136.8338 Y78.7121 Z-0.9429 F800
G1 X137.5125 Y75.8186 Z-0.9429 F800
G1 X137.5146 Y75.8096 Z-0.9429 F800
G1 X138.1335 Y73.0164 Z-0.9429 F800
G1 X138.1354 Y73.0076 Z-0.9429 F800
G1 X138.6963 Y70.3244 Z-0.9429 F800
G1 X138.6980 Y70.3158 Z-0.9429 F800
G1 X139.2028 Y67.7521 Z-0.9429 F800
G1 X139.2044 Y67.7437 Z-0.9429 F800
G1 X139.6550 Y65.3091 Z-0.9429 F800
G1 X139.6564 Y65.3008 Z-0.9429 F800
G1 X140.0546 Y63.0050 Z-0.9429 F800
G1 X140.0560 Y62.9967 Z-0.9429 F800
G1 X140.4037 Y60.8493 Z-0.9429 F800
G1 X140.4050 Y60.8409 Z-0.9429 F800
G1 X140.7041 Y58.8514 Z-0.9429 F800
G1 X140.7053 Y58.8428 Z-0.9429 F800
G1 X140.9577 Y57.0210 Z-0.9429 F800
G1 X140.9589 Y57.0120 Z-0.9429 F800
G1 X141.1664 Y55.3673 Z-0.9429 F800
G1 X141.1675 Y55.3575 Z-0.9429 F800
G1 X141.3320 Y53.8997 Z-0.9429 F800
G1 X141.3332 Y53.8886 Z-0.9429 F800
G1 X141.4566 Y52.6272 Z-0.9429 F800
G1 X141.4578 Y52.6138 Z-0.9429 F800
G1 X141.5420 Y51.5584 Z-0.9429 F800
G1 X141.5432 Y51.5405 Z-0.9429 F800
G1 X141.5901 Y50.7008 Z-0.9429 F800
G1 X141.5912 Y50.6729 Z-0.9429 F800
G1 X141.6026 Y50.0585 Z-0.9429 F800
G1 X141.6025 Y50.0263 Z-0.9429 F800
G1 X141.5906 Y49.5365 Z-0.9429 F800
G1 X141.5898 Y49.5167 Z-0.9429 F800
G1 X141.5658 Y49.0441 Z-0.9429 F800
G1 X141.5645 Y49.0238 Z-0.9429 F800
G1 X141.5290 Y48.5682 Z-0.9429 F800
G1 X141.5271 Y48.5475 Z-0.9429 F800
G1 X141.4806 Y48.1086 Z-0.9429 F800
G1 X141.4780 Y48.0874 Z-0.9429 F800
G1 X141.4211 Y47.6649 Z-0.9429 F800
G1 X141.4178 Y47.6432 Z-0.9429 F800
G1 X141.3509 Y47.2368 Z-0.9429 F800
G1 X141.3469 Y47.2148 Z-0.9429 F800
G1 X141.2706 Y46.8242 Z-0.9429 F800
G1 X141.2659 Y46.8019 Z-0.9429 F800
G1 X141.1806 Y46.4268 Z-0.9429 F800
G1 X141.1751 Y46.4042 Z-0.9429 F800
G1 X141.0815 Y46.0442 Z-0.9429 F800
G1 X141.0752 Y46.0215 Z-0.9429 F800
G1 X140.9738 Y45.6764 Z-0.9429 F800
G1 X140.9667 Y45.6536 Z-0.9429 F800
G1 X140.8580 Y45.3231 Z-0.9429 F800
G1 X140.8500 Y45.3002 Z-0.9429 F800
G1 X140.7345 Y44.9840 Z-0.9429 F800
G1 X140.7257 Y44.9611 Z-0.9429 F800
G1 X140.6040 Y44.6589 Z-0.9429 F800
G1 X140.5944 Y44.6361 Z-0.9429 F800
G1 X140.4669 Y44.3476 Z-0.9429 F800
G1 X140.4565 Y44.3250 Z-0.9429 F800
G1 X140.3239 Y44.0499 Z-0.9429 F800
G1 X140.3126 Y44.0275 Z-0.9429 F800
G1 X140.1753 Y43.7655 Z-0.9429 F800
G1 X140.1633 Y43.7434 Z-0.9429 F800
G1 X140.0220 Y43.4942 Z-0.9429 F800
G1 X140.0092 Y43.4726 Z-0.9429 F800
G1 X139.8642 Y43.2359 Z-0.9429 F800
G1 X139.8508 Y43.2148 Z-0.9429 F800
G1 X139.7028 Y42.9902 Z-0.9429 F800
G1 X139.6887 Y42.9696 Z-0.9429 F800
G1 X139.5382 Y42.7570 Z-0.9429 F800
G1 X139.5235 Y42.7370 Z-0.9429 F800
G1 X139.3710 Y42.5359 Z-0.9429 F800
G1 X139.3558 Y42.5166 Z-0.9429 F800
G1 X139.2018 Y42.3269 Z-0.9429 F800
G1 X139.1862 Y42.3083 Z-0.9429 F800
G1 X139.0312 Y42.1295 Z-0.9429 F800
G1 X139.0152 Y42.1116 Z-0.9429 F800
G1 X138.8599 Y41.9435 Z-0.9429 F800
G1 X138.8436 Y41.9264 Z-0.9429 F800
G1 X138.6883 Y41.7687 Z-0.9429 F800
G1 X138.6718 Y41.7524 Z-0.9429 F800
G1 X138.5172 Y41.6048 Z-0.9429 F800
G1 X138.5004 Y41.5893 Z-0.9429 F800
G1 X138.3470 Y41.4515 Z-0.9429 F800
G1 X138.3302 Y41.4368 Z-0.9429 F800
G1 X138.1784 Y41.3085 Z-0.9429 F800
G1 X138.1616 Y41.2946 Z-0.9429 F800
G1 X138.0121 Y41.1754 Z-0.9429 F800
G1 X137.9952 Y41.1624 Z-0.9429 F800
G1 X137.8485 Y41.0521 Z-0.9429 F800
G1 X137.8316 Y41.0398 Z-0.9429 F800
G1 X137.6882 Y40.9381 Z-0.9429 F800
G1 X137.6715 Y40.9266 Z-0.9429 F800
G1 X137.5319 Y40.8332 Z-0.9429 F800
G1 X137.5153 Y40.8224 Z-0.9429 F800
G1 X137.3801 Y40.7370 Z-0.9429 F800
G1 X137.3637 Y40.7269 Z-0.9429 F800
G1 X137.2333 Y40.6492 Z-0.9429 F800
G1 X137.2172 Y40.6398 Z-0.9429 F800
G1 X137.0922 Y40.5695 Z-0.9429 F800
G1 X137.0763 Y40.5608 Z-0.9429 F800
G1 X136.9573 Y40.4975 Z-0.9429 F800
G1 X136.9417 Y40.4895 Z-0.9429 F800
G1 X136.8292 Y40.4330 Z-0.9429 F800
G1 X136.8139 Y40.4255 Z-0.9429 F800
G1 X136.7083 Y40.3755 Z-0.9429 F800
G1 X136.6933 Y40.3686 Z-0.9429 F800
G1 X136.5954 Y40.3248 Z-0.9429 F800
G1 X136.5807 Y40.3184 Z-0.9429 F800
G1 X136.4908 Y40.2805 Z-0.9429 F800
G1 X136.4764 Y40.2747 Z-0.9429 F800
G1 X136.3951 Y40.2423 Z-0.9429 F800
G1 X136.3811 Y40.2369 Z-0.9429 F800
G1 X136.3089 Y40.2099 Z-0.9429 F800
G1 X136.2953 Y40.2049 Z-0.9429 F800
G1 X136.2328 Y40.1829 Z-0.9429 F800
G1 X136.2195 Y40.1783 Z-0.9429 F800
G1 X136.1672 Y40.1609 Z-0.9429 F800
G1 X136.1543 Y40.1568 Z-0.9429 F800
G1 X136.1127 Y40.1438 Z-0.9429 F800
G1 X136.1002 Y40.1400 Z-0.9429 F800
G1 X136.0698 Y40.1311 Z-0.9429 F800
G1 X136.0578 Y40.1277 Z-0.9429 F800
G1 X136.0411 Y40.1231 Z-0.9429 F800
G1 X92.9343 Y26.8136 Z-0.9429 F800
G1 X92.8619 Y26.7951 Z-0.9429 F800
G1 X92.7880 Y26.7839 Z-0.9429 F800
G1 X92.7134 Y26.7802 Z-0.9429 F800
G1 X92.6388 Y26.7839 Z-0.9429 F800
G1 X92.5649 Y26.7949 Z-0.9429 F800
G1 X92.4925 Y26.8133 Z-0.9429 F800
G1 X92.4223 Y26.8388 Z-0.9429 F800
G1 X92.3549 Y26.8712 Z-0.9429 F800
G1 X92.2911 Y26.9101 Z-0.9429 F800
G1 X92.2315 Y26.9551 Z-0.9429 F800
G1 X92.1767 Y27.0059 Z-0.9429 F800
G1 X92.1272 Y27.0618 Z-0.9429 F800
G1 X92.0835 Y27.1225 Z-0.9429 F800
G1 X92.0461 Y27.1871 Z-0.9429 F800
G1 X92.0153 Y27.2552 Z-0.9429 F800
G1 X91.9914 Y27.3259 Z-0.9429 F800
G1 X91.9746 Y27.3988 Z-0.9429 F800
G1 X67.0843 Y167.2523 Z-0.9429 F800
G1 X67.0750 Y167.3253 Z-0.9429 F800
G1 X67.0728 Y167.3988 Z-0.9429 F800
G1 X67.0779 Y167.4722 Z-0.9429 F800
G1 X67.0902 Y167.5447 Z-0.9429 F800
G1 X67.1095 Y167.6157 Z-0.9429 F800
G1 X67.1356 Y167.6845 Z-0.9429 F800
G1 X67.1684 Y167.7503 Z-0.9429 F800
G1 X67.2074 Y167.8126 Z-0.9429 F800
G1 X67.2524 Y167.8708 Z-0.9429 F800
G1 X67.3029 Y167.9244 Z-0.9429 F800
G1 X67.3583 Y167.9727 Z-0.9429 F800
G1 X67.4182 Y168.0153 Z-0.9429 F800
G1 X67.4820 Y168.0519 Z-0.9429 F800
G1 X67.5491 Y168.0821 Z-0.9429 F800
G1 X67.6189 Y168.1055 Z-0.9429 F800
G1 X67.6905 Y168.1220 Z-0.9429 F800
G1 X67.7635 Y168.1314 Z-0.9429 F800
G1 X67.8370 Y168.1336 Z-0.9429 F800
G1 X67.9104 Y168.1286 Z-0.9429 F800
G1 X67.9829 Y168.1164 Z-0.9429 F800
G0 Z5.000
( eyebrow 2/2 )
G0 X0.1602 Y-0.7327 Z5.0000
G1 Z-0.9429 F300
G1 X0.0877 Y-0.7449 Z-0.9429 F800
G1 X0.0143 Y-0.7499 Z-0.9429 F800
G1 X-0.0592 Y-0.7477 Z-0.9429 F800
G1 X-0.1322 Y-0.7383 Z-0.9429 F800
G1 X-0.2038 Y-0.7218 Z-0.9429 F800
G1 X-0.2736 Y-0.6983 Z-0.9429 F800
G1 X-0.3406 Y-0.6682 Z-0.9429 F800
G1 X-0.4045 Y-0.6316 Z-0.9429 F800
G1 X-0.4644 Y-0.5889 Z-0.9429 F800
G1 X-0.5198 Y-0.5406 Z-0.9429 F800
G1 X-0.5703 Y-0.4871 Z-0.9429 F800
G1 X-0.6153 Y-0.4289 Z-0.9429 F800
G1 X-0.6543 Y-0.3666 Z-0.9429 F800
G1 X-0.6871 Y-0.3007 Z-0.9429 F800
G1 X-0.7132 Y-0.2320 Z-0.9429 F800
G1 X-0.7325 Y-0.1610 Z-0.9429 F800
G1 X-0.7448 Y-0.0884 Z-0.9429 F800
G1 X-0.7498 Y-0.0151 Z-0.9429 F800
G1 X-0.7477 Y0.0585 Z-0.9429 F800
G1 X-0.7384 Y0.1314 Z-0.9429 F800
G1 X24.1519 Y139.9850 Z-0.9429 F800
G1 X24.1687 Y140.0578 Z-0.9429 F800
G1 X24.1926 Y140.1286 Z-0.9429 F800
G1 X24.2234 Y140.1966 Z-0.9429 F800
G1 X24.2608 Y140.2613 Z-0.9429 F800
G1 X24.3045 Y140.3219 Z-0.9429 F800
G1 X24.3540 Y140.3779 Z-0.9429 F800
G1 X24.4089 Y140.4286 Z-0.9429 F800
G1 X24.4685 Y140.4737 Z-0.9429 F800
G1 X24.5322 Y140.5126 Z-0.9429 F800
G1 X24.5996 Y140.5449 Z-0.9429 F800
G1 X24.6698 Y140.5704 Z-0.9429 F800
G1 X24.7422 Y140.5888 Z-0.9429 F800
G1 X24.8161 Y140.5999 Z-0.9429 F800
G1 X24.8907 Y140.6036 Z-0.9429 F800
G1 X24.9653 Y140.5998 Z-0.9429 F800
G1 X25.0392 Y140.5887 Z-0.9429 F800
G1 X25.1116 Y140.5702 Z-0.9429 F800
G1 X68.2184 Y127.2606 Z-0.9429 F800
G1 X68.2351 Y127.2560 Z-0.9429 F800
G1 X68.2471 Y127.2526 Z-0.9429 F800
G1 X68.2775 Y127.2437 Z-0.9429 F800
G1 X68.2900 Y127.2399 Z-0.9429 F800
G1 X68.3316 Y127.2269 Z-0.9429 F800
G1 X68.3445 Y127.2228 Z-0.9429 F800
G1 X68.3969 Y127.2054 Z-0.9429 F800
G1 X68.4101 Y127.2009 Z-0.9429 F800
G1 X68.4727 Y127.1788 Z-0.9429 F800
G1 X68.4863 Y127.1739 Z-0.9429 F800
G1 X68.5585 Y127.1468 Z-0.9429 F800
G1 X68.5724 Y127.1414 Z-0.9429 F800
G1 X68.6538 Y127.1091 Z-0.9429 F800
G1 X68.6681 Y127.1032 Z-0.9429 F800
G1 X68.7580 Y127.0653 Z-0.9429 F800
G1 X68.7727 Y127.0589 Z-0.9429 F800
G1 X68.8707 Y127.0151 Z-0.9429 F800
G1 X68.8857 Y127.0082 Z-0.9429 F800
G1 X68.9912 Y126.9582 Z-0.9429 F800
G1 X69.0065 Y126.9508 Z-0.9429 F800
G1 X69.1190 Y126.8943 Z-0.9429 F800
G1 X69.1346 Y126.8862 Z-0.9429 F800
G1 X69.2536 Y126.8230 Z-0.9429 F800
G1 X69.2695 Y126.8143 Z-0.9429 F800
G1 X69.3945 Y126.7439 Z-0.9429 F800
G1 X69.4106 Y126.7345 Z-0.9429 F800
G1 X69.5410 Y126.6568 Z-0.9429 F800
G1 X69.5574 Y126.6468 Z-0.9429 F800
G1 X69.6926 Y126.5613 Z-0.9429 F800
G1 X69.7092 Y126.5506 Z-0.9429 F800
G1 X69.8488 Y126.4572 Z-0.9429 F800
G1 X69.8655 Y126.4456 Z-0.9429 F800
G1 X70.0089 Y126.3439 Z-0.9429 F800
G1 X70.0258 Y126.3317 Z-0.9429 F800
G1 X70.1725 Y126.2214 Z-0.9429 F800
G1 X70.1894 Y126.2083 Z-0.9429 F800
G1 X70.3389 Y126.0891 Z-0.9429 F800
G1 X70.3558 Y126.0753 Z-0.9429 F800
G1 X70.5075 Y125.9469 Z-0.9429 F800
G1 X70.5243 Y125.9323 Z-0.9429 F800
G1 X70.6778 Y125.7944 Z-0.9429 F800
G1 X70.6945 Y125.7789 Z-0.9429 F800
G1 X70.8491 Y125.6313 Z-0.9429 F800
G1 X70.8656 Y125.6150 Z-0.9429 F800
G1 X71.0209 Y125.4573 Z-0.9429 F800
G1 X71.0372 Y125.4402 Z-0.9429 F800
G1 X71.1926 Y125.2721 Z-0.9429 F800
G1 X71.2085 Y125.2543 Z-0.9429 F800
G1 X71.3635 Y125.0755 Z-0.9429 F800
G1 X71.3791 Y125.0569 Z-0.9429 F800
G1 X71.5331 Y124.8671 Z-0.9429 F800
G1 X71.5483 Y124.8478 Z-0.9429 F800
G1 X71.7008 Y124.6467 Z-0.9429 F800
G1 X71.7155 Y124.6268 Z-0.9429 F800
G1 X71.8660 Y124.4141 Z-0.9429 F800
G1 X71.8801 Y124.3935 Z-0.9429 F800
G1 X72.0281 Y124.1690 Z-0.9429 F800
G1 X72.0416 Y124.1479 Z-0.9429 F800
G1 X72.1865 Y123.9111 Z-0.9429 F800
G1 X72.1993 Y123.8895 Z-0.9429 F800
G1 X72.3407 Y123.6403 Z-0.9429 F800
G1 X72.3527 Y123.6183 Z-0.9429 F800
G1 X72.4899 Y123.3563 Z-0.9429 F800
G1 X72.5012 Y123.3339 Z-0.9429 F800
G1 X72.6338 Y123.0588 Z-0.9429 F800
G1 X72.6442 Y123.0362 Z-0.9429 F800
G1 X72.7717 Y122.7477 Z-0.9429 F800
G1 X72.7813 Y122.7249 Z-0.9429 F800
G1 X72.9030 Y122.4227 Z-0.9429 F800
G1 X72.9118 Y122.3998 Z-0.9429 F800
G1 X73.0273 Y122.0836 Z-0.9429 F800
G1 X73.0353 Y122.0607 Z-0.9429 F800
G1 X73.1440 Y121.7302 Z-0.9429 F800
G1 X73.1511 Y121.7073 Z-0.9429 F800
G1 X73.2525 Y121.3623 Z-0.9429 F800
G1 X73.2588 Y121.3395 Z-0.9429 F800
G1 X73.3524 Y120.9796 Z-0.9429 F800
G1 X73.3579 Y120.9570 Z-0.9429 F800
G1 X73.4432 Y120.5819 Z-0.9429 F800
G1 X73.4479 Y120.5596 Z-0.9429 F800
G1 X73.5242 Y120.1689 Z-0.9429 F800
G1 X73.5282 Y120.1469 Z-0.9429 F800
G1 X73.5951 Y119.7405 Z-0.9429 F800
G1 X73.5984 Y119.7189 Z-0.9429 F800
G1 X73.6554 Y119.2964 Z-0.9429 F800
G1 X73.6579 Y119.2752 Z-0.9429 F800
G1 X73.7044 Y118.8363 Z-0.9429 F800
G1 X73.7063 Y118.8155 Z-0.9429 F800
G1 X73.7419 Y118.3599 Z-0.9429 F800
G1 X73.7432 Y118.3396 Z-0.9429 F800
G1 X73.7671 Y117.8671 Z-0.9429 F800
G1 X73.7679 Y117.8473 Z-0.9429 F800
G1 X73.7798 Y117.3574 Z-0.9429 F800
G1 X73.7799 Y117.3253 Z-0.9429 F800
G1 X73.7685 Y116.7108 Z-0.9429 F800
G1 X73.7674 Y116.6829 Z-0.9429 F800
G1 X73.7206 Y115.8432 Z-0.9429 F800
G1 X73.7194 Y115.8253 Z-0.9429 F800
G1 X73.6351 Y114.7700 Z-0.9429 F800
G1 X73.6340 Y114.7566 Z-0.9429 F800
G1 X73.5105 Y113.4952 Z-0.9429 F800
G1 X73.5094 Y113.4841 Z-0.9429 F800
G1 X73.3448 Y112.0262 Z-0.9429 F800
G1 X73.3437 Y112.0165 Z-0.9429 F800
G1 X73.1362 Y110.3718 Z-0.9429 F800
G1 X73.1350 Y110.3628 Z-0.9429 F800
G1 X72.8826 Y108.5409 Z-0.9429 F800
G1 X72.8814 Y108.5323 Z-0.9429 F800
G1 X72.5823 Y106.5428 Z-0.9429 F800
G1 X72.5810 Y106.5345 Z-0.9429 F800
G1 X72.2333 Y104.3870 Z-0.9429 F800
G1 X72.2319 Y104.3787 Z-0.9429 F800
G1 X71.8338 Y102.0829 Z-0.9429 F800
G1 X71.8323 Y102.0746 Z-0.9429 F800
G1 X71.3817 Y99.6400 Z-0.9429 F800
G1 X71.3801 Y99.6316 Z-0.9429 F800
G1 X70.8754 Y97.0679 Z-0.9429 F800
G1 X70.8736 Y97.0593 Z-0.9429 F800
G1 X70.3127 Y94.3761 Z-0.9429 F800
G1 X70.3108 Y94.3673 Z-0.9429 F800
G1 X69.6919 Y91.5742 Z-0.9429 F800
G1 X69.6899 Y91.5651 Z-0.9429 F800
G1 X69.0111 Y88.6716 Z-0.9429 F800
G1 X69.0088 Y88.6623 Z-0.9429 F800
G1 X68.2683 Y85.6781 Z-0.9429 F800
G1 X68.2658 Y85.6685 Z-0.9429 F800
G1 X67.4617 Y82.6032 Z-0.9429 F800
G1 X67.4590 Y82.5932 Z-0.9429 F800
G1 X66.5893 Y79.4565 Z-0.9429 F800
G1 X66.5863 Y79.4460 Z-0.9429 F800
G1 X65.6493 Y76.2474 Z-0.9429 F800
G1 X65.6460 Y76.2365 Z-0.9429 F800
G1 X64.6397 Y72.9857 Z-0.9429 F800
G1 X64.6360 Y72.9743 Z-0.9429 F800
G1 X63.5586 Y69.6808 Z-0.9429 F800
G1 X63.5545 Y69.6689 Z-0.9429 F800
G1 X62.4041 Y66.3424 Z-0.9429 F800
G1 X62.3996 Y66.3299 Z-0.9429 F800
G1 X61.1742 Y62.9800 Z-0.9429 F800
G1 X61.1693 Y62.9669 Z-0.9429 F800
G1 X59.8671 Y59.6033 Z-0.9429 F800
G1 X59.8616 Y59.5895 Z-0.9429 F800
G1 X58.4808 Y56.2217 Z-0.9429 F800
G1 X58.4747 Y56.2072 Z-0.9429 F800
G1 X57.0134 Y52.8448 Z-0.9429 F800
G1 X57.0066 Y52.8297 Z-0.9429 F800
G1 X55.4628 Y49.4823 Z-0.9429 F800
G1 X55.4553 Y49.4664 Z-0.9429 F800
G1 X53.8272 Y46.1437 Z-0.9429 F800
G1 X53.8188 Y46.1270 Z-0.9429 F800
G1 X52.1046 Y42.8386 Z-0.9429 F800
G1 X52.0952 Y42.8211 Z-0.9429 F800
G1 X50.2929 Y39.5765 Z-0.9429 F800
G1 X50.2824 Y39.5582 Z-0.9429 F800
G1 X48.3902 Y36.3671 Z-0.9429 F800
G1 X48.3784 Y36.3479 Z-0.9429 F800
G1 X46.3944 Y33.2199 Z-0.9429 F800
G1 X46.3813 Y33.1999 Z-0.9429 F800
G1 X44.3036 Y30.1446 Z-0.9429 F800
G1 X44.2889 Y30.1238 Z-0.9429 F800
G1 X42.1157 Y27.1509 Z-0.9429 F800
G1 X42.0992 Y27.1292 Z-0.9429 F800
G1 X39.8286 Y24.2482 Z-0.9429 F800
G1 X39.8102 Y24.2259 Z-0.9429 F800
G1 X37.4403 Y21.4464 Z-0.9429 F800
G1 X37.4198 Y21.4234 Z-0.9429 F800
G1 X34.9487 Y18.7552 Z-0.9429 F800
G1 X34.9260 Y18.7317 Z-0.9429 F800
G1 X32.3518 Y16.1842 Z-0.9429 F800
G1 X32.3266 Y16.1604 Z-0.9429 F800
G1 X29.6474 Y13.7433 Z-0.9429 F800
G1 X29.6197 Y13.7195 Z-0.9429 F800
G1 X26.8337 Y11.4424 Z-0.9429 F800
G1 X26.8032 Y11.4188 Z-0.9429 F800
G1 X23.9085 Y9.2913 Z-0.9429 F800
G1 X23.8752 Y9.2682 Z-0.9429 F800
G1 X20.8700 Y7.3000 Z-0.9429 F800
G1 X20.8339 Y7.2778 Z-0.9429 F800
G1 X17.7162 Y5.4784 Z-0.9429 F800
G1 X17.6775 Y5.4576 Z-0.9429 F800
G1 X14.4455 Y3.8366 Z-0.9429 F800
G1 X14.4043 Y3.8175 Z-0.9429 F800
G1 X11.0560 Y2.3846 Z-0.9429 F800
G1 X11.0127 Y2.3677 Z-0.9429 F800
G1 X7.5463 Y1.1325 Z-0.9429 F800
G1 X7.5012 Y1.1180 Z-0.9429 F800
G1 X3.9148 Y0.0900 Z-0.9429 F800
G1 X3.8684 Y0.0783 Z-0.9429 F800
G1 X0.1602 Y-0.7327 Z-0.9429 F800
G0 Z5.000
( -- pass 2/14, Z=-1.8857 -- )
( eyebrow 1/2 )
G0 X67.9829 Y168.1164 Z5.0000
G1 Z-1.8857 F300
G1 X71.6911 Y167.3054 Z-1.8857 F800
G1 X71.7375 Y167.2937 Z-1.8857 F800
G1 X75.3239 Y166.2658 Z-1.8857 F800
G1 X75.3690 Y166.2513 Z-1.8857 F800
G1 X78.8354 Y165.0161 Z-1.8857 F800
G1 X78.8787 Y164.9991 Z-1.8857 F800
G1 X82.2270 Y163.5662 Z-1.8857 F800
G1 X82.2681 Y163.5471 Z-1.8857 F800
G1 X85.5002 Y161.9262 Z-1.8857 F800
G1 X85.5389 Y161.9053 Z-1.8857 F800
G1 X88.6566 Y160.1059 Z-1.8857 F800
G1 X88.6926 Y160.0838 Z-1.8857 F800
G1 X91.6979 Y158.1155 Z-1.8857 F800
G1 X91.7312 Y158.0924 Z-1.8857 F800
G1 X94.6259 Y155.9650 Z-1.8857 F800
G1 X94.6563 Y155.9413 Z-1.8857 F800
G1 X97.4423 Y153.6643 Z-1.8857 F800
G1 X97.4701 Y153.6404 Z-1.8857 F800
G1 X100.1493 Y151.2233 Z-1.8857 F800
G1 X100.1744 Y151.1995 Z-1.8857 F800
G1 X102.7487 Y148.6521 Z-1.8857 F800
G1 X102.7714 Y148.6286 Z-1.8857 F800
G1 X105.2425 Y145.9603 Z-1.8857 F800
G1 X105.2630 Y145.9373 Z-1.8857 F800
G1 X107.6329 Y143.1579 Z-1.8857 F800
G1 X107.6513 Y143.1355 Z-1.8857 F800
G1 X109.9219 Y140.2545 Z-1.8857 F800
G1 X109.9384 Y140.2329 Z-1.8857 F800
G1 X112.1116 Y137.2600 Z-1.8857 F800
G1 X112.1263 Y137.2391 Z-1.8857 F800
G1 X114.2040 Y134.1839 Z-1.8857 F800
G1 X114.2171 Y134.1638 Z-1.8857 F800
G1 X116.2011 Y131.0359 Z-1.8857 F800
G1 X116.2129 Y131.0167 Z-1.8857 F800
G1 X118.1051 Y127.8256 Z-1.8857 F800
G1 X118.1156 Y127.8073 Z-1.8857 F800
G1 X119.9178 Y124.5627 Z-1.8857 F800
G1 X119.9273 Y124.5452 Z-1.8857 F800
G1 X121.6415 Y121.2567 Z-1.8857 F800
G1 X121.6499 Y121.2400 Z-1.8857 F800
G1 X123.2780 Y117.9173 Z-1.8857 F800
G1 X123.2855 Y117.9014 Z-1.8857 F800
G1 X124.8293 Y114.5541 Z-1.8857 F800
G1 X124.8361 Y114.5389 Z-1.8857 F800
G1 X126.2974 Y111.1765 Z-1.8857 F800
G1 X126.3035 Y111.1621 Z-1.8857 F800
G1 X127.6843 Y107.7942 Z-1.8857 F800
G1 X127.6898 Y107.7805 Z-1.8857 F800
G1 X128.9920 Y104.4168 Z-1.8857 F800
G1 X128.9969 Y104.4037 Z-1.8857 F800
G1 X130.2223 Y101.0538 Z-1.8857 F800
G1 X130.2267 Y101.0413 Z-1.8857 F800
G1 X131.3772 Y97.7149 Z-1.8857 F800
G1 X131.3812 Y97.7029 Z-1.8857 F800
G1 X132.4587 Y94.4095 Z-1.8857 F800
G1 X132.4623 Y94.3981 Z-1.8857 F800
G1 X133.4687 Y91.1473 Z-1.8857 F800
G1 X133.4719 Y91.1363 Z-1.8857 F800
G1 X134.4090 Y87.9378 Z-1.8857 F800
G1 X134.4120 Y87.9273 Z-1.8857 F800
G1 X135.2817 Y84.7906 Z-1.8857 F800
G1 X135.2844 Y84.7805 Z-1.8857 F800
G1 X136.0885 Y81.7153 Z-1.8857 F800
G1 X136.0910 Y81.7056 Z-1.8857 F800
G1 X136.8315 Y78.7214 Z-1.8857 F800
G1 X136.8338 Y78.7121 Z-1.8857 F800
G1 X137.5125 Y75.8186 Z-1.8857 F800
G1 X137.5146 Y75.8096 Z-1.8857 F800
G1 X138.1335 Y73.0164 Z-1.8857 F800
G1 X138.1354 Y73.0076 Z-1.8857 F800
G1 X138.6963 Y70.3244 Z-1.8857 F800
G1 X138.6980 Y70.3158 Z-1.8857 F800
G1 X139.2028 Y67.7521 Z-1.8857 F800
G1 X139.2044 Y67.7437 Z-1.8857 F800
G1 X139.6550 Y65.3091 Z-1.8857 F800
G1 X139.6564 Y65.3008 Z-1.8857 F800
G1 X140.0546 Y63.0050 Z-1.8857 F800
G1 X140.0560 Y62.9967 Z-1.8857 F800
G1 X140.4037 Y60.8493 Z-1.8857 F800
G1 X140.4050 Y60.8409 Z-1.8857 F800
G1 X140.7041 Y58.8514 Z-1.8857 F800
G1 X140.7053 Y58.8428 Z-1.8857 F800
G1 X140.9577 Y57.0210 Z-1.8857 F800
G1 X140.9589 Y57.0120 Z-1.8857 F800
G1 X141.1664 Y55.3673 Z-1.8857 F800
G1 X141.1675 Y55.3575 Z-1.8857 F800
G1 X141.3320 Y53.8997 Z-1.8857 F800
G1 X141.3332 Y53.8886 Z-1.8857 F800
G1 X141.4566 Y52.6272 Z-1.8857 F800
G1 X141.4578 Y52.6138 Z-1.8857 F800
G1 X141.5420 Y51.5584 Z-1.8857 F800
G1 X141.5432 Y51.5405 Z-1.8857 F800
G1 X141.5901 Y50.7008 Z-1.8857 F800
G1 X141.5912 Y50.6729 Z-1.8857 F800
G1 X141.6026 Y50.0585 Z-1.8857 F800
G1 X141.6025 Y50.0263 Z-1.8857 F800
G1 X141.5906 Y49.5365 Z-1.8857 F800
G1 X141.5898 Y49.5167 Z-1.8857 F800
G1 X141.5658 Y49.0441 Z-1.8857 F800
G1 X141.5645 Y49.0238 Z-1.8857 F800
G1 X141.5290 Y48.5682 Z-1.8857 F800
G1 X141.5271 Y48.5475 Z-1.8857 F800
G1 X141.4806 Y48.1086 Z-1.8857 F800
G1 X141.4780 Y48.0874 Z-1.8857 F800
G1 X141.4211 Y47.6649 Z-1.8857 F800
G1 X141.4178 Y47.6432 Z-1.8857 F800
G1 X141.3509 Y47.2368 Z-1.8857 F800
G1 X141.3469 Y47.2148 Z-1.8857 F800
G1 X141.2706 Y46.8242 Z-1.8857 F800
G1 X141.2659 Y46.8019 Z-1.8857 F800
G1 X141.1806 Y46.4268 Z-1.8857 F800
G1 X141.1751 Y46.4042 Z-1.8857 F800
G1 X141.0815 Y46.0442 Z-1.8857 F800
G1 X141.0752 Y46.0215 Z-1.8857 F800
G1 X140.9738 Y45.6764 Z-1.8857 F800
G1 X140.9667 Y45.6536 Z-1.8857 F800
G1 X140.8580 Y45.3231 Z-1.8857 F800
G1 X140.8500 Y45.3002 Z-1.8857 F800
G1 X140.7345 Y44.9840 Z-1.8857 F800
G1 X140.7257 Y44.9611 Z-1.8857 F800
G1 X140.6040 Y44.6589 Z-1.8857 F800
G1 X140.5944 Y44.6361 Z-1.8857 F800
G1 X140.4669 Y44.3476 Z-1.8857 F800
G1 X140.4565 Y44.3250 Z-1.8857 F800
G1 X140.3239 Y44.0499 Z-1.8857 F800
G1 X140.3126 Y44.0275 Z-1.8857 F800
G1 X140.1753 Y43.7655 Z-1.8857 F800
G1 X140.1633 Y43.7434 Z-1.8857 F800
G1 X140.0220 Y43.4942 Z-1.8857 F800
G1 X140.0092 Y43.4726 Z-1.8857 F800
G1 X139.8642 Y43.2359 Z-1.8857 F800
G1 X139.8508 Y43.2148 Z-1.8857 F800
G1 X139.7028 Y42.9902 Z-1.8857 F800
G1 X139.6887 Y42.9696 Z-1.8857 F800
G1 X139.5382 Y42.7570 Z-1.8857 F800
G1 X139.5235 Y42.7370 Z-1.8857 F800
G1 X139.3710 Y42.5359 Z-1.8857 F800
G1 X139.3558 Y42.5166 Z-1.8857 F800
G1 X139.2018 Y42.3269 Z-1.8857 F800
G1 X139.1862 Y42.3083 Z-1.8857 F800
G1 X139.0312 Y42.1295 Z-1.8857 F800
G1 X139.0152 Y42.1116 Z-1.8857 F800
G1 X138.8599 Y41.9435 Z-1.8857 F800
G1 X138.8436 Y41.9264 Z-1.8857 F800
G1 X138.6883 Y41.7687 Z-1.8857 F800
G1 X138.6718 Y41.7524 Z-1.8857 F800
G1 X138.5172 Y41.6048 Z-1.8857 F800
G1 X138.5004 Y41.5893 Z-1.8857 F800
G1 X138.3470 Y41.4515 Z-1.8857 F800
G1 X138.3302 Y41.4368 Z-1.8857 F800
G1 X138.1784 Y41.3085 Z-1.8857 F800
G1 X138.1616 Y41.2946 Z-1.8857 F800
G1 X138.0121 Y41.1754 Z-1.8857 F800
G1 X137.9952 Y41.1624 Z-1.8857 F800
G1 X137.8485 Y41.0521 Z-1.8857 F800
G1 X137.8316 Y41.0398 Z-1.8857 F800
G1 X137.6882 Y40.9381 Z-1.8857 F800
G1 X137.6715 Y40.9266 Z-1.8857 F800
G1 X137.5319 Y40.8332 Z-1.8857 F800
G1 X137.5153 Y40.8224 Z-1.8857 F800
G1 X137.3801 Y40.7370 Z-1.8857 F800
G1 X137.3637 Y40.7269 Z-1.8857 F800
G1 X137.2333 Y40.6492 Z-1.8857 F800
G1 X137.2172 Y40.6398 Z-1.8857 F800
G1 X137.0922 Y40.5695 Z-1.8857 F800
G1 X137.0763 Y40.5608 Z-1.8857 F800
G1 X136.9573 Y40.4975 Z-1.8857 F800
G1 X136.9417 Y40.4895 Z-1.8857 F800
G1 X136.8292 Y40.4330 Z-1.8857 F800
G1 X136.8139 Y40.4255 Z-1.8857 F800
G1 X136.7083 Y40.3755 Z-1.8857 F800
G1 X136.6933 Y40.3686 Z-1.8857 F800
G1 X136.5954 Y40.3248 Z-1.8857 F800
G1 X136.5807 Y40.3184 Z-1.8857 F800
G1 X136.4908 Y40.2805 Z-1.8857 F800
G1 X136.4764 Y40.2747 Z-1.8857 F800
G1 X136.3951 Y40.2423 Z-1.8857 F800
G1 X136.3811 Y40.2369 Z-1.8857 F800
G1 X136.3089 Y40.2099 Z-1.8857 F800
G1 X136.2953 Y40.2049 Z-1.8857 F800
G1 X136.2328 Y40.1829 Z-1.8857 F800
G1 X136.2195 Y40.1783 Z-1.8857 F800
G1 X136.1672 Y40.1609 Z-1.8857 F800
G1 X136.1543 Y40.1568 Z-1.8857 F800
G1 X136.1127 Y40.1438 Z-1.8857 F800
G1 X136.1002 Y40.1400 Z-1.8857 F800
G1 X136.0698 Y40.1311 Z-1.8857 F800
G1 X136.0578 Y40.1277 Z-1.8857 F800
G1 X136.0411 Y40.1231 Z-1.8857 F800
G1 X92.9343 Y26.8136 Z-1.8857 F800
G1 X92.8619 Y26.7951 Z-1.8857 F800
G1 X92.7880 Y26.7839 Z-1.8857 F800
G1 X92.7134 Y26.7802 Z-1.8857 F800
G1 X92.6388 Y26.7839 Z-1.8857 F800
G1 X92.5649 Y26.7949 Z-1.8857 F800
G1 X92.4925 Y26.8133 Z-1.8857 F800
G1 X92.4223 Y26.8388 Z-1.8857 F800
G1 X92.3549 Y26.8712 Z-1.8857 F800
G1 X92.2911 Y26.9101 Z-1.8857 F800
G1 X92.2315 Y26.9551 Z-1.8857 F800
G1 X92.1767 Y27.0059 Z-1.8857 F800
G1 X92.1272 Y27.0618 Z-1.8857 F800
G1 X92.0835 Y27.1225 Z-1.8857 F800
G1 X92.0461 Y27.1871 Z-1.8857 F800
G1 X92.0153 Y27.2552 Z-1.8857 F800
G1 X91.9914 Y27.3259 Z-1.8857 F800
G1 X91.9746 Y27.3988 Z-1.8857 F800
G1 X67.0843 Y167.2523 Z-1.8857 F800
G1 X67.0750 Y167.3253 Z-1.8857 F800
G1 X67.0728 Y167.3988 Z-1.8857 F800
G1 X67.0779 Y167.4722 Z-1.8857 F800
G1 X67.0902 Y167.5447 Z-1.8857 F800
G1 X67.1095 Y167.6157 Z-1.8857 F800
G1 X67.1356 Y167.6845 Z-1.8857 F800
G1 X67.1684 Y167.7503 Z-1.8857 F800
G1 X67.2074 Y167.8126 Z-1.8857 F800
G1 X67.2524 Y167.8708 Z-1.8857 F800
G1 X67.3029 Y167.9244 Z-1.8857 F800
G1 X67.3583 Y167.9727 Z-1.8857 F800
G1 X67.4182 Y168.0153 Z-1.8857 F800
G1 X67.4820 Y168.0519 Z-1.8857 F800
G1 X67.5491 Y168.0821 Z-1.8857 F800
G1 X67.6189 Y168.1055 Z-1.8857 F800
G1 X67.6905 Y168.1220 Z-1.8857 F800
G1 X67.7635 Y168.1314 Z-1.8857 F800
G1 X67.8370 Y168.1336 Z-1.8857 F800
G1 X67.9104 Y168.1286 Z-1.8857 F800
G1 X67.9829 Y168.1164 Z-1.8857 F800
G0 Z5.000
( eyebrow 2/2 )
G0 X0.1602 Y-0.7327 Z5.0000
G1 Z-1.8857 F300
G1 X0.0877 Y-0.7449 Z-1.8857 F800
G1 X0.0143 Y-0.7499 Z-1.8857 F800
G1 X-0.0592 Y-0.7477 Z-1.8857 F800
G1 X-0.1322 Y-0.7383 Z-1.8857 F800
G1 X-0.2038 Y-0.7218 Z-1.8857 F800
G1 X-0.2736 Y-0.6983 Z-1.8857 F800
G1 X-0.3406 Y-0.6682 Z-1.8857 F800
G1 X-0.4045 Y-0.6316 Z-1.8857 F800
G1 X-0.4644 Y-0.5889 Z-1.8857 F800
G1 X-0.5198 Y-0.5406 Z-1.8857 F800
G1 X-0.5703 Y-0.4871 Z-1.8857 F800
G1 X-0.6153 Y-0.4289 Z-1.8857 F800
G1 X-0.6543 Y-0.3666 Z-1.8857 F800
G1 X-0.6871 Y-0.3007 Z-1.8857 F800
G1 X-0.7132 Y-0.2320 Z-1.8857 F800
G1 X-0.7325 Y-0.1610 Z-1.8857 F800
G1 X-0.7448 Y-0.0884 Z-1.8857 F800
G1 X-0.7498 Y-0.0151 Z-1.8857 F800
G1 X-0.7477 Y0.0585 Z-1.8857 F800
G1 X-0.7384 Y0.1314 Z-1.8857 F800
G1 X24.1519 Y139.9850 Z-1.8857 F800
G1 X24.1687 Y140.0578 Z-1.8857 F800
G1 X24.1926 Y140.1286 Z-1.8857 F800
G1 X24.2234 Y140.1966 Z-1.8857 F800
G1 X24.2608 Y140.2613 Z-1.8857 F800
G1 X24.3045 Y140.3219 Z-1.8857 F800
G1 X24.3540 Y140.3779 Z-1.8857 F800
G1 X24.4089 Y140.4286 Z-1.8857 F800
G1 X24.4685 Y140.4737 Z-1.8857 F800
G1 X24.5322 Y140.5126 Z-1.8857 F800
G1 X24.5996 Y140.5449 Z-1.8857 F800
G1 X24.6698 Y140.5704 Z-1.8857 F800
G1 X24.7422 Y140.5888 Z-1.8857 F800
G1 X24.8161 Y140.5999 Z-1.8857 F800
G1 X24.8907 Y140.6036 Z-1.8857 F800
G1 X24.9653 Y140.5998 Z-1.8857 F800
G1 X25.0392 Y140.5887 Z-1.8857 F800
G1 X25.1116 Y140.5702 Z-1.8857 F800
G1 X68.2184 Y127.2606 Z-1.8857 F800
G1 X68.2351 Y127.2560 Z-1.8857 F800
G1 X68.2471 Y127.2526 Z-1.8857 F800
G1 X68.2775 Y127.2437 Z-1.8857 F800
G1 X68.2900 Y127.2399 Z-1.8857 F800
G1 X68.3316 Y127.2269 Z-1.8857 F800
G1 X68.3445 Y127.2228 Z-1.8857 F800
G1 X68.3969 Y127.2054 Z-1.8857 F800
G1 X68.4101 Y127.2009 Z-1.8857 F800
G1 X68.4727 Y127.1788 Z-1.8857 F800
G1 X68.4863 Y127.1739 Z-1.8857 F800
G1 X68.5585 Y127.1468 Z-1.8857 F800
G1 X68.5724 Y127.1414 Z-1.8857 F800
G1 X68.6538 Y127.1091 Z-1.8857 F800
G1 X68.6681 Y127.1032 Z-1.8857 F800
G1 X68.7580 Y127.0653 Z-1.8857 F800
G1 X68.7727 Y127.0589 Z-1.8857 F800
G1 X68.8707 Y127.0151 Z-1.8857 F800
G1 X68.8857 Y127.0082 Z-1.8857 F800
G1 X68.9912 Y126.9582 Z-1.8857 F800
G1 X69.0065 Y126.9508 Z-1.8857 F800
G1 X69.1190 Y126.8943 Z-1.8857 F800
G1 X69.1346 Y126.8862 Z-1.8857 F800
G1 X69.2536 Y126.8230 Z-1.8857 F800
G1 X69.2695 Y126.8143 Z-1.8857 F800
G1 X69.3945 Y126.7439 Z-1.8857 F800
G1 X69.4106 Y126.7345 Z-1.8857 F800
G1 X69.5410 Y126.6568 Z-1.8857 F800
G1 X69.5574 Y126.6468 Z-1.8857 F800
G1 X69.6926 Y126.5613 Z-1.8857 F800
G1 X69.7092 Y126.5506 Z-1.8857 F800
G1 X69.8488 Y126.4572 Z-1.8857 F800
G1 X69.8655 Y126.4456 Z-1.8857 F800
G1 X70.0089 Y126.3439 Z-1.8857 F800
G1 X70.0258 Y126.3317 Z-1.8857 F800
G1 X70.1725 Y126.2214 Z-1.8857 F800
G1 X70.1894 Y126.2083 Z-1.8857 F800
G1 X70.3389 Y126.0891 Z-1.8857 F800
G1 X70.3558 Y126.0753 Z-1.8857 F800
G1 X70.5075 Y125.9469 Z-1.8857 F800
G1 X70.5243 Y125.9323 Z-1.8857 F800
G1 X70.6778 Y125.7944 Z-1.8857 F800
G1 X70.6945 Y125.7789 Z-1.8857 F800
G1 X70.8491 Y125.6313 Z-1.8857 F800
G1 X70.8656 Y125.6150 Z-1.8857 F800
G1 X71.0209 Y125.4573 Z-1.8857 F800
G1 X71.0372 Y125.4402 Z-1.8857 F800
G1 X71.1926 Y125.2721 Z-1.8857 F800
G1 X71.2085 Y125.2543 Z-1.8857 F800
G1 X71.3635 Y125.0755 Z-1.8857 F800
G1 X71.3791 Y125.0569 Z-1.8857 F800
G1 X71.5331 Y124.8671 Z-1.8857 F800
G1 X71.5483 Y124.8478 Z-1.8857 F800
G1 X71.7008 Y124.6467 Z-1.8857 F800
G1 X71.7155 Y124.6268 Z-1.8857 F800
G1 X71.8660 Y124.4141 Z-1.8857 F800
G1 X71.8801 Y124.3935 Z-1.8857 F800
G1 X72.0281 Y124.1690 Z-1.8857 F800
G1 X72.0416 Y124.1479 Z-1.8857 F800
G1 X72.1865 Y123.9111 Z-1.8857 F800
G1 X72.1993 Y123.8895 Z-1.8857 F800
G1 X72.3407 Y123.6403 Z-1.8857 F800
G1 X72.3527 Y123.6183 Z-1.8857 F800
G1 X72.4899 Y123.3563 Z-1.8857 F800
G1 X72.5012 Y123.3339 Z-1.8857 F800
G1 X72.6338 Y123.0588 Z-1.8857 F800
G1 X72.6442 Y123.0362 Z-1.8857 F800
G1 X72.7717 Y122.7477 Z-1.8857 F800
G1 X72.7813 Y122.7249 Z-1.8857 F800
G1 X72.9030 Y122.4227 Z-1.8857 F800
G1 X72.9118 Y122.3998 Z-1.8857 F800
G1 X73.0273 Y122.0836 Z-1.8857 F800
G1 X73.0353 Y122.0607 Z-1.8857 F800
G1 X73.1440 Y121.7302 Z-1.8857 F800
G1 X73.1511 Y121.7073 Z-1.8857 F800
G1 X73.2525 Y121.3623 Z-1.8857 F800
G1 X73.2588 Y121.3395 Z-1.8857 F800
G1 X73.3524 Y120.9796 Z-1.8857 F800
G1 X73.3579 Y120.9570 Z-1.8857 F800
G1 X73.4432 Y120.5819 Z-1.8857 F800
G1 X73.4479 Y120.5596 Z-1.8857 F800
G1 X73.5242 Y120.1689 Z-1.8857 F800
G1 X73.5282 Y120.1469 Z-1.8857 F800
G1 X73.5951 Y119.7405 Z-1.8857 F800
G1 X73.5984 Y119.7189 Z-1.8857 F800
G1 X73.6554 Y119.2964 Z-1.8857 F800
G1 X73.6579 Y119.2752 Z-1.8857 F800
G1 X73.7044 Y118.8363 Z-1.8857 F800
G1 X73.7063 Y118.8155 Z-1.8857 F800
G1 X73.7419 Y118.3599 Z-1.8857 F800
G1 X73.7432 Y118.3396 Z-1.8857 F800
G1 X73.7671 Y117.8671 Z-1.8857 F800
G1 X73.7679 Y117.8473 Z-1.8857 F800
G1 X73.7798 Y117.3574 Z-1.8857 F800
G1 X73.7799 Y117.3253 Z-1.8857 F800
G1 X73.7685 Y116.7108 Z-1.8857 F800
G1 X73.7674 Y116.6829 Z-1.8857 F800
G1 X73.7206 Y115.8432 Z-1.8857 F800
G1 X73.7194 Y115.8253 Z-1.8857 F800
G1 X73.6351 Y114.7700 Z-1.8857 F800
G1 X73.6340 Y114.7566 Z-1.8857 F800
G1 X73.5105 Y113.4952 Z-1.8857 F800
G1 X73.5094 Y113.4841 Z-1.8857 F800
G1 X73.3448 Y112.0262 Z-1.8857 F800
G1 X73.3437 Y112.0165 Z-1.8857 F800
G1 X73.1362 Y110.3718 Z-1.8857 F800
G1 X73.1350 Y110.3628 Z-1.8857 F800
G1 X72.8826 Y108.5409 Z-1.8857 F800
G1 X72.8814 Y108.5323 Z-1.8857 F800
G1 X72.5823 Y106.5428 Z-1.8857 F800
G1 X72.5810 Y106.5345 Z-1.8857 F800
G1 X72.2333 Y104.3870 Z-1.8857 F800
G1 X72.2319 Y104.3787 Z-1.8857 F800
G1 X71.8338 Y102.0829 Z-1.8857 F800
G1 X71.8323 Y102.0746 Z-1.8857 F800
G1 X71.3817 Y99.6400 Z-1.8857 F800
G1 X71.3801 Y99.6316 Z-1.8857 F800
G1 X70.8754 Y97.0679 Z-1.8857 F800
G1 X70.8736 Y97.0593 Z-1.8857 F800
G1 X70.3127 Y94.3761 Z-1.8857 F800
G1 X70.3108 Y94.3673 Z-1.8857 F800
G1 X69.6919 Y91.5742 Z-1.8857 F800
G1 X69.6899 Y91.5651 Z-1.8857 F800
G1 X69.0111 Y88.6716 Z-1.8857 F800
G1 X69.0088 Y88.6623 Z-1.8857 F800
G1 X68.2683 Y85.6781 Z-1.8857 F800
G1 X68.2658 Y85.6685 Z-1.8857 F800
G1 X67.4617 Y82.6032 Z-1.8857 F800
G1 X67.4590 Y82.5932 Z-1.8857 F800
G1 X66.5893 Y79.4565 Z-1.8857 F800
G1 X66.5863 Y79.4460 Z-1.8857 F800
G1 X65.6493 Y76.2474 Z-1.8857 F800
G1 X65.6460 Y76.2365 Z-1.8857 F800
G1 X64.6397 Y72.9857 Z-1.8857 F800
G1 X64.6360 Y72.9743 Z-1.8857 F800
G1 X63.5586 Y69.6808 Z-1.8857 F800
G1 X63.5545 Y69.6689 Z-1.8857 F800
G1 X62.4041 Y66.3424 Z-1.8857 F800
G1 X62.3996 Y66.3299 Z-1.8857 F800
G1 X61.1742 Y62.9800 Z-1.8857 F800
G1 X61.1693 Y62.9669 Z-1.8857 F800
G1 X59.8671 Y59.6033 Z-1.8857 F800
G1 X59.8616 Y59.5895 Z-1.8857 F800
G1 X58.4808 Y56.2217 Z-1.8857 F800
G1 X58.4747 Y56.2072 Z-1.8857 F800
G1 X57.0134 Y52.8448 Z-1.8857 F800
G1 X57.0066 Y52.8297 Z-1.8857 F800
G1 X55.4628 Y49.4823 Z-1.8857 F800
G1 X55.4553 Y49.4664 Z-1.8857 F800
G1 X53.8272 Y46.1437 Z-1.8857 F800
G1 X53.8188 Y46.1270 Z-1.8857 F800
G1 X52.1046 Y42.8386 Z-1.8857 F800
G1 X52.0952 Y42.8211 Z-1.8857 F800
G1 X50.2929 Y39.5765 Z-1.8857 F800
G1 X50.2824 Y39.5582 Z-1.8857 F800
G1 X48.3902 Y36.3671 Z-1.8857 F800
G1 X48.3784 Y36.3479 Z-1.8857 F800
G1 X46.3944 Y33.2199 Z-1.8857 F800
G1 X46.3813 Y33.1999 Z-1.8857 F800
G1 X44.3036 Y30.1446 Z-1.8857 F800
G1 X44.2889 Y30.1238 Z-1.8857 F800
G1 X42.1157 Y27.1509 Z-1.8857 F800
G1 X42.0992 Y27.1292 Z-1.8857 F800
G1 X39.8286 Y24.2482 Z-1.8857 F800
G1 X39.8102 Y24.2259 Z-1.8857 F800
G1 X37.4403 Y21.4464 Z-1.8857 F800
G1 X37.4198 Y21.4234 Z-1.8857 F800
G1 X34.9487 Y18.7552 Z-1.8857 F800
G1 X34.9260 Y18.7317 Z-1.8857 F800
G1 X32.3518 Y16.1842 Z-1.8857 F800
G1 X32.3266 Y16.1604 Z-1.8857 F800
G1 X29.6474 Y13.7433 Z-1.8857 F800
G1 X29.6197 Y13.7195 Z-1.8857 F800
G1 X26.8337 Y11.4424 Z-1.8857 F800
G1 X26.8032 Y11.4188 Z-1.8857 F800
G1 X23.9085 Y9.2913 Z-1.8857 F800
G1 X23.8752 Y9.2682 Z-1.8857 F800
G1 X20.8700 Y7.3000 Z-1.8857 F800
G1 X20.8339 Y7.2778 Z-1.8857 F800
G1 X17.7162 Y5.4784 Z-1.8857 F800
G1 X17.6775 Y5.4576 Z-1.8857 F800
G1 X14.4455 Y3.8366 Z-1.8857 F800
G1 X14.4043 Y3.8175 Z-1.8857 F800
G1 X11.0560 Y2.3846 Z-1.8857 F800
G1 X11.0127 Y2.3677 Z-1.8857 F800
G1 X7.5463 Y1.1325 Z-1.8857 F800
G1 X7.5012 Y1.1180 Z-1.8857 F800
G1 X3.9148 Y0.0900 Z-1.8857 F800
G1 X3.8684 Y0.0783 Z-1.8857 F800
G1 X0.1602 Y-0.7327 Z-1.8857 F800
G0 Z5.000
( -- pass 3/14, Z=-2.8286 -- )
( eyebrow 1/2 )
G0 X67.9829 Y168.1164 Z5.0000
G1 Z-2.8286 F300
G1 X71.6911 Y167.3054 Z-2.8286 F800
G1 X71.7375 Y167.2937 Z-2.8286 F800
G1 X75.3239 Y166.2658 Z-2.8286 F800
G1 X75.3690 Y166.2513 Z-2.8286 F800
G1 X78.8354 Y165.0161 Z-2.8286 F800
G1 X78.8787 Y164.9991 Z-2.8286 F800
G1 X82.2270 Y163.5662 Z-2.8286 F800
G1 X82.2681 Y163.5471 Z-2.8286 F800
G1 X85.5002 Y161.9262 Z-2.8286 F800
G1 X85.5389 Y161.9053 Z-2.8286 F800
G1 X88.6566 Y160.1059 Z-2.8286 F800
G1 X88.6926 Y160.0838 Z-2.8286 F800
G1 X91.6979 Y158.1155 Z-2.8286 F800
G1 X91.7312 Y158.0924 Z-2.8286 F800
G1 X94.6259 Y155.9650 Z-2.8286 F800
G1 X94.6563 Y155.9413 Z-2.8286 F800
G1 X97.4423 Y153.6643 Z-2.8286 F800
G1 X97.4701 Y153.6404 Z-2.8286 F800
G1 X100.1493 Y151.2233 Z-2.8286 F800
G1 X100.1744 Y151.1995 Z-2.8286 F800
G1 X102.7487 Y148.6521 Z-2.8286 F800
G1 X102.7714 Y148.6286 Z-2.8286 F800
G1 X105.2425 Y145.9603 Z-2.8286 F800
G1 X105.2630 Y145.9373 Z-2.8286 F800
G1 X107.6329 Y143.1579 Z-2.8286 F800
G1 X107.6513 Y143.1355 Z-2.8286 F800
G1 X109.9219 Y140.2545 Z-2.8286 F800
G1 X109.9384 Y140.2329 Z-2.8286 F800
G1 X112.1116 Y137.2600 Z-2.8286 F800
G1 X112.1263 Y137.2391 Z-2.8286 F800
G1 X114.2040 Y134.1839 Z-2.8286 F800
G1 X114.2171 Y134.1638 Z-2.8286 F800
G1 X116.2011 Y131.0359 Z-2.8286 F800
G1 X116.2129 Y131.0167 Z-2.8286 F800
G1 X118.1051 Y127.8256 Z-2.8286 F800
G1 X118.1156 Y127.8073 Z-2.8286 F800
G1 X119.9178 Y124.5627 Z-2.8286 F800
G1 X119.9273 Y124.5452 Z-2.8286 F800
G1 X121.6415 Y121.2567 Z-2.8286 F800
G1 X121.6499 Y121.2400 Z-2.8286 F800
G1 X123.2780 Y117.9173 Z-2.8286 F800
G1 X123.2855 Y117.9014 Z-2.8286 F800
G1 X124.8293 Y114.5541 Z-2.8286 F800
G1 X124.8361 Y114.5389 Z-2.8286 F800
G1 X126.2974 Y111.1765 Z-2.8286 F800
G1 X126.3035 Y111.1621 Z-2.8286 F800
G1 X127.6843 Y107.7942 Z-2.8286 F800
G1 X127.6898 Y107.7805 Z-2.8286 F800
G1 X128.9920 Y104.4168 Z-2.8286 F800
G1 X128.9969 Y104.4037 Z-2.8286 F800
G1 X130.2223 Y101.0538 Z-2.8286 F800
G1 X130.2267 Y101.0413 Z-2.8286 F800
G1 X131.3772 Y97.7149 Z-2.8286 F800
G1 X131.3812 Y97.7029 Z-2.8286 F800
G1 X132.4587 Y94.4095 Z-2.8286 F800
G1 X132.4623 Y94.3981 Z-2.8286 F800
G1 X133.4687 Y91.1473 Z-2.8286 F800
G1 X133.4719 Y91.1363 Z-2.8286 F800
G1 X134.4090 Y87.9378 Z-2.8286 F800
G1 X134.4120 Y87.9273 Z-2.8286 F800
G1 X135.2817 Y84.7906 Z-2.8286 F800
G1 X135.2844 Y84.7805 Z-2.8286 F800
G1 X136.0885 Y81.7153 Z-2.8286 F800
G1 X136.0910 Y81.7056 Z-2.8286 F800
G1 X136.8315 Y78.7214 Z-2.8286 F800
G1 X136.8338 Y78.7121 Z-2.8286 F800
G1 X137.5125 Y75.8186 Z-2.8286 F800
G1 X137.5146 Y75.8096 Z-2.8286 F800
G1 X138.1335 Y73.0164 Z-2.8286 F800
G1 X138.1354 Y73.0076 Z-2.8286 F800
G1 X138.6963 Y70.3244 Z-2.8286 F800
G1 X138.6980 Y70.3158 Z-2.8286 F800
G1 X139.2028 Y67.7521 Z-2.8286 F800
G1 X139.2044 Y67.7437 Z-2.8286 F800
G1 X139.6550 Y65.3091 Z-2.8286 F800
G1 X139.6564 Y65.3008 Z-2.8286 F800
G1 X140.0546 Y63.0050 Z-2.8286 F800
G1 X140.0560 Y62.9967 Z-2.8286 F800
G1 X140.4037 Y60.8493 Z-2.8286 F800
G1 X140.4050 Y60.8409 Z-2.8286 F800
G1 X140.7041 Y58.8514 Z-2.8286 F800
G1 X140.7053 Y58.8428 Z-2.8286 F800
G1 X140.9577 Y57.0210 Z-2.8286 F800
G1 X140.9589 Y57.0120 Z-2.8286 F800
G1 X141.1664 Y55.3673 Z-2.8286 F800
G1 X141.1675 Y55.3575 Z-2.8286 F800
G1 X141.3320 Y53.8997 Z-2.8286 F800
G1 X141.3332 Y53.8886 Z-2.8286 F800
G1 X141.4566 Y52.6272 Z-2.8286 F800
G1 X141.4578 Y52.6138 Z-2.8286 F800
G1 X141.5420 Y51.5584 Z-2.8286 F800
G1 X141.5432 Y51.5405 Z-2.8286 F800
G1 X141.5901 Y50.7008 Z-2.8286 F800
G1 X141.5912 Y50.6729 Z-2.8286 F800
G1 X141.6026 Y50.0585 Z-2.8286 F800
G1 X141.6025 Y50.0263 Z-2.8286 F800
G1 X141.5906 Y49.5365 Z-2.8286 F800
G1 X141.5898 Y49.5167 Z-2.8286 F800
G1 X141.5658 Y49.0441 Z-2.8286 F800
G1 X141.5645 Y49.0238 Z-2.8286 F800
G1 X141.5290 Y48.5682 Z-2.8286 F800
G1 X141.5271 Y48.5475 Z-2.8286 F800
G1 X141.4806 Y48.1086 Z-2.8286 F800
G1 X141.4780 Y48.0874 Z-2.8286 F800
G1 X141.4211 Y47.6649 Z-2.8286 F800
G1 X141.4178 Y47.6432 Z-2.8286 F800
G1 X141.3509 Y47.2368 Z-2.8286 F800
G1 X141.3469 Y47.2148 Z-2.8286 F800
G1 X141.2706 Y46.8242 Z-2.8286 F800
G1 X141.2659 Y46.8019 Z-2.8286 F800
G1 X141.1806 Y46.4268 Z-2.8286 F800
G1 X141.1751 Y46.4042 Z-2.8286 F800
G1 X141.0815 Y46.0442 Z-2.8286 F800
G1 X141.0752 Y46.0215 Z-2.8286 F800
G1 X140.9738 Y45.6764 Z-2.8286 F800
G1 X140.9667 Y45.6536 Z-2.8286 F800
G1 X140.8580 Y45.3231 Z-2.8286 F800
G1 X140.8500 Y45.3002 Z-2.8286 F800
G1 X140.7345 Y44.9840 Z-2.8286 F800
G1 X140.7257 Y44.9611 Z-2.8286 F800
G1 X140.6040 Y44.6589 Z-2.8286 F800
G1 X140.5944 Y44.6361 Z-2.8286 F800
G1 X140.4669 Y44.3476 Z-2.8286 F800
G1 X140.4565 Y44.3250 Z-2.8286 F800
G1 X140.3239 Y44.0499 Z-2.8286 F800
G1 X140.3126 Y44.0275 Z-2.8286 F800
G1 X140.1753 Y43.7655 Z-2.8286 F800
G1 X140.1633 Y43.7434 Z-2.8286 F800
G1 X140.0220 Y43.4942 Z-2.8286 F800
G1 X140.0092 Y43.4726 Z-2.8286 F800
G1 X139.8642 Y43.2359 Z-2.8286 F800
G1 X139.8508 Y43.2148 Z-2.8286 F800
G1 X139.7028 Y42.9902 Z-2.8286 F800
G1 X139.6887 Y42.9696 Z-2.8286 F800
G1 X139.5382 Y42.7570 Z-2.8286 F800
G1 X139.5235 Y42.7370 Z-2.8286 F800
G1 X139.3710 Y42.5359 Z-2.8286 F800
G1 X139.3558 Y42.5166 Z-2.8286 F800
G1 X139.2018 Y42.3269 Z-2.8286 F800
G1 X139.1862 Y42.3083 Z-2.8286 F800
G1 X139.0312 Y42.1295 Z-2.8286 F800
G1 X139.0152 Y42.1116 Z-2.8286 F800
G1 X138.8599 Y41.9435 Z-2.8286 F800
G1 X138.8436 Y41.9264 Z-2.8286 F800
G1 X138.6883 Y41.7687 Z-2.8286 F800
G1 X138.6718 Y41.7524 Z-2.8286 F800
G1 X138.5172 Y41.6048 Z-2.8286 F800
G1 X138.5004 Y41.5893 Z-2.8286 F800
G1 X138.3470 Y41.4515 Z-2.8286 F800
G1 X138.3302 Y41.4368 Z-2.8286 F800
G1 X138.1784 Y41.3085 Z-2.8286 F800
G1 X138.1616 Y41.2946 Z-2.8286 F800
G1 X138.0121 Y41.1754 Z-2.8286 F800
G1 X137.9952 Y41.1624 Z-2.8286 F800
G1 X137.8485 Y41.0521 Z-2.8286 F800
G1 X137.8316 Y41.0398 Z-2.8286 F800
G1 X137.6882 Y40.9381 Z-2.8286 F800
G1 X137.6715 Y40.9266 Z-2.8286 F800
G1 X137.5319 Y40.8332 Z-2.8286 F800
G1 X137.5153 Y40.8224 Z-2.8286 F800
G1 X137.3801 Y40.7370 Z-2.8286 F800
G1 X137.3637 Y40.7269 Z-2.8286 F800
G1 X137.2333 Y40.6492 Z-2.8286 F800
G1 X137.2172 Y40.6398 Z-2.8286 F800
G1 X137.0922 Y40.5695 Z-2.8286 F800
G1 X137.0763 Y40.5608 Z-2.8286 F800
G1 X136.9573 Y40.4975 Z-2.8286 F800
G1 X136.9417 Y40.4895 Z-2.8286 F800
G1 X136.8292 Y40.4330 Z-2.8286 F800
G1 X136.8139 Y40.4255 Z-2.8286 F800
G1 X136.7083 Y40.3755 Z-2.8286 F800
G1 X136.6933 Y40.3686 Z-2.8286 F800
G1 X136.5954 Y40.3248 Z-2.8286 F800
G1 X136.5807 Y40.3184 Z-2.8286 F800
G1 X136.4908 Y40.2805 Z-2.8286 F800
G1 X136.4764 Y40.2747 Z-2.8286 F800
G1 X136.3951 Y40.2423 Z-2.8286 F800
G1 X136.3811 Y40.2369 Z-2.8286 F800
G1 X136.3089 Y40.2099 Z-2.8286 F800
G1 X136.2953 Y40.2049 Z-2.8286 F800
G1 X136.2328 Y40.1829 Z-2.8286 F800
G1 X136.2195 Y40.1783 Z-2.8286 F800
G1 X136.1672 Y40.1609 Z-2.8286 F800
G1 X136.1543 Y40.1568 Z-2.8286 F800
G1 X136.1127 Y40.1438 Z-2.8286 F800
G1 X136.1002 Y40.1400 Z-2.8286 F800
G1 X136.0698 Y40.1311 Z-2.8286 F800
G1 X136.0578 Y40.1277 Z-2.8286 F800
G1 X136.0411 Y40.1231 Z-2.8286 F800
G1 X92.9343 Y26.8136 Z-2.8286 F800
G1 X92.8619 Y26.7951 Z-2.8286 F800
G1 X92.7880 Y26.7839 Z-2.8286 F800
G1 X92.7134 Y26.7802 Z-2.8286 F800
G1 X92.6388 Y26.7839 Z-2.8286 F800
G1 X92.5649 Y26.7949 Z-2.8286 F800
G1 X92.4925 Y26.8133 Z-2.8286 F800
G1 X92.4223 Y26.8388 Z-2.8286 F800
G1 X92.3549 Y26.8712 Z-2.8286 F800
G1 X92.2911 Y26.9101 Z-2.8286 F800
G1 X92.2315 Y26.9551 Z-2.8286 F800
G1 X92.1767 Y27.0059 Z-2.8286 F800
G1 X92.1272 Y27.0618 Z-2.8286 F800
G1 X92.0835 Y27.1225 Z-2.8286 F800
G1 X92.0461 Y27.1871 Z-2.8286 F800
G1 X92.0153 Y27.2552 Z-2.8286 F800
G1 X91.9914 Y27.3259 Z-2.8286 F800
G1 X91.9746 Y27.3988 Z-2.8286 F800
G1 X67.0843 Y167.2523 Z-2.8286 F800
G1 X67.0750 Y167.3253 Z-2.8286 F800
G1 X67.0728 Y167.3988 Z-2.8286 F800
G1 X67.0779 Y167.4722 Z-2.8286 F800
G1 X67.0902 Y167.5447 Z-2.8286 F800
G1 X67.1095 Y167.6157 Z-2.8286 F800
G1 X67.1356 Y167.6845 Z-2.8286 F800
G1 X67.1684 Y167.7503 Z-2.8286 F800
G1 X67.2074 Y167.8126 Z-2.8286 F800
G1 X67.2524 Y167.8708 Z-2.8286 F800
G1 X67.3029 Y167.9244 Z-2.8286 F800
G1 X67.3583 Y167.9727 Z-2.8286 F800
G1 X67.4182 Y168.0153 Z-2.8286 F800
G1 X67.4820 Y168.0519 Z-2.8286 F800
G1 X67.5491 Y168.0821 Z-2.8286 F800
G1 X67.6189 Y168.1055 Z-2.8286 F800
G1 X67.6905 Y168.1220 Z-2.8286 F800
G1 X67.7635 Y168.1314 Z-2.8286 F800
G1 X67.8370 Y168.1336 Z-2.8286 F800
G1 X67.9104 Y168.1286 Z-2.8286 F800
G1 X67.9829 Y168.1164 Z-2.8286 F800
G0 Z5.000
( eyebrow 2/2 )
G0 X0.1602 Y-0.7327 Z5.0000
G1 Z-2.8286 F300
G1 X0.0877 Y-0.7449 Z-2.8286 F800
G1 X0.0143 Y-0.7499 Z-2.8286 F800
G1 X-0.0592 Y-0.7477 Z-2.8286 F800
G1 X-0.1322 Y-0.7383 Z-2.8286 F800
G1 X-0.2038 Y-0.7218 Z-2.8286 F800
G1 X-0.2736 Y-0.6983 Z-2.8286 F800
G1 X-0.3406 Y-0.6682 Z-2.8286 F800
G1 X-0.4045 Y-0.6316 Z-2.8286 F800
G1 X-0.4644 Y-0.5889 Z-2.8286 F800
G1 X-0.5198 Y-0.5406 Z-2.8286 F800
G1 X-0.5703 Y-0.4871 Z-2.8286 F800
G1 X-0.6153 Y-0.4289 Z-2.8286 F800
G1 X-0.6543 Y-0.3666 Z-2.8286 F800
G1 X-0.6871 Y-0.3007 Z-2.8286 F800
G1 X-0.7132 Y-0.2320 Z-2.8286 F800
G1 X-0.7325 Y-0.1610 Z-2.8286 F800
G1 X-0.7448 Y-0.0884 Z-2.8286 F800
G1 X-0.7498 Y-0.0151 Z-2.8286 F800
G1 X-0.7477 Y0.0585 Z-2.8286 F800
G1 X-0.7384 Y0.1314 Z-2.8286 F800
G1 X24.1519 Y139.9850 Z-2.8286 F800
G1 X24.1687 Y140.0578 Z-2.8286 F800
G1 X24.1926 Y140.1286 Z-2.8286 F800
G1 X24.2234 Y140.1966 Z-2.8286 F800
G1 X24.2608 Y140.2613 Z-2.8286 F800
G1 X24.3045 Y140.3219 Z-2.8286 F800
G1 X24.3540 Y140.3779 Z-2.8286 F800
G1 X24.4089 Y140.4286 Z-2.8286 F800
G1 X24.4685 Y140.4737 Z-2.8286 F800
G1 X24.5322 Y140.5126 Z-2.8286 F800
G1 X24.5996 Y140.5449 Z-2.8286 F800
G1 X24.6698 Y140.5704 Z-2.8286 F800
G1 X24.7422 Y140.5888 Z-2.8286 F800
G1 X24.8161 Y140.5999 Z-2.8286 F800
G1 X24.8907 Y140.6036 Z-2.8286 F800
G1 X24.9653 Y140.5998 Z-2.8286 F800
G1 X25.0392 Y140.5887 Z-2.8286 F800
G1 X25.1116 Y140.5702 Z-2.8286 F800
G1 X68.2184 Y127.2606 Z-2.8286 F800
G1 X68.2351 Y127.2560 Z-2.8286 F800
G1 X68.2471 Y127.2526 Z-2.8286 F800
G1 X68.2775 Y127.2437 Z-2.8286 F800
G1 X68.2900 Y127.2399 Z-2.8286 F800
G1 X68.3316 Y127.2269 Z-2.8286 F800
G1 X68.3445 Y127.2228 Z-2.8286 F800
G1 X68.3969 Y127.2054 Z-2.8286 F800
G1 X68.4101 Y127.2009 Z-2.8286 F800
G1 X68.4727 Y127.1788 Z-2.8286 F800
G1 X68.4863 Y127.1739 Z-2.8286 F800
G1 X68.5585 Y127.1468 Z-2.8286 F800
G1 X68.5724 Y127.1414 Z-2.8286 F800
G1 X68.6538 Y127.1091 Z-2.8286 F800
G1 X68.6681 Y127.1032 Z-2.8286 F800
G1 X68.7580 Y127.0653 Z-2.8286 F800
G1 X68.7727 Y127.0589 Z-2.8286 F800
G1 X68.8707 Y127.0151 Z-2.8286 F800
G1 X68.8857 Y127.0082 Z-2.8286 F800
G1 X68.9912 Y126.9582 Z-2.8286 F800
G1 X69.0065 Y126.9508 Z-2.8286 F800
G1 X69.1190 Y126.8943 Z-2.8286 F800
G1 X69.1346 Y126.8862 Z-2.8286 F800
G1 X69.2536 Y126.8230 Z-2.8286 F800
G1 X69.2695 Y126.8143 Z-2.8286 F800
G1 X69.3945 Y126.7439 Z-2.8286 F800
G1 X69.4106 Y126.7345 Z-2.8286 F800
G1 X69.5410 Y126.6568 Z-2.8286 F800
G1 X69.5574 Y126.6468 Z-2.8286 F800
G1 X69.6926 Y126.5613 Z-2.8286 F800
G1 X69.7092 Y126.5506 Z-2.8286 F800
G1 X69.8488 Y126.4572 Z-2.8286 F800
G1 X69.8655 Y126.4456 Z-2.8286 F800
G1 X70.0089 Y126.3439 Z-2.8286 F800
G1 X70.0258 Y126.3317 Z-2.8286 F800
G1 X70.1725 Y126.2214 Z-2.8286 F800
G1 X70.1894 Y126.2083 Z-2.8286 F800
G1 X70.3389 Y126.0891 Z-2.8286 F800
G1 X70.3558 Y126.0753 Z-2.8286 F800
G1 X70.5075 Y125.9469 Z-2.8286 F800
G1 X70.5243 Y125.9323 Z-2.8286 F800
G1 X70.6778 Y125.7944 Z-2.8286 F800
G1 X70.6945 Y125.7789 Z-2.8286 F800
G1 X70.8491 Y125.6313 Z-2.8286 F800
G1 X70.8656 Y125.6150 Z-2.8286 F800
G1 X71.0209 Y125.4573 Z-2.8286 F800
G1 X71.0372 Y125.4402 Z-2.8286 F800
G1 X71.1926 Y125.2721 Z-2.8286 F800
G1 X71.2085 Y125.2543 Z-2.8286 F800
G1 X71.3635 Y125.0755 Z-2.8286 F800
G1 X71.3791 Y125.0569 Z-2.8286 F800
G1 X71.5331 Y124.8671 Z-2.8286 F800
G1 X71.5483 Y124.8478 Z-2.8286 F800
G1 X71.7008 Y124.6467 Z-2.8286 F800
G1 X71.7155 Y124.6268 Z-2.8286 F800
G1 X71.8660 Y124.4141 Z-2.8286 F800
G1 X71.8801 Y124.3935 Z-2.8286 F800
G1 X72.0281 Y124.1690 Z-2.8286 F800
G1 X72.0416 Y124.1479 Z-2.8286 F800
G1 X72.1865 Y123.9111 Z-2.8286 F800
G1 X72.1993 Y123.8895 Z-2.8286 F800
G1 X72.3407 Y123.6403 Z-2.8286 F800
G1 X72.3527 Y123.6183 Z-2.8286 F800
G1 X72.4899 Y123.3563 Z-2.8286 F800
G1 X72.5012 Y123.3339 Z-2.8286 F800
G1 X72.6338 Y123.0588 Z-2.8286 F800
G1 X72.6442 Y123.0362 Z-2.8286 F800
G1 X72.7717 Y122.7477 Z-2.8286 F800
G1 X72.7813 Y122.7249 Z-2.8286 F800
G1 X72.9030 Y122.4227 Z-2.8286 F800
G1 X72.9118 Y122.3998 Z-2.8286 F800
G1 X73.0273 Y122.0836 Z-2.8286 F800
G1 X73.0353 Y122.0607 Z-2.8286 F800
G1 X73.1440 Y121.7302 Z-2.8286 F800
G1 X73.1511 Y121.7073 Z-2.8286 F800
G1 X73.2525 Y121.3623 Z-2.8286 F800
G1 X73.2588 Y121.3395 Z-2.8286 F800
G1 X73.3524 Y120.9796 Z-2.8286 F800
G1 X73.3579 Y120.9570 Z-2.8286 F800
G1 X73.4432 Y120.5819 Z-2.8286 F800
G1 X73.4479 Y120.5596 Z-2.8286 F800
G1 X73.5242 Y120.1689 Z-2.8286 F800
G1 X73.5282 Y120.1469 Z-2.8286 F800
G1 X73.5951 Y119.7405 Z-2.8286 F800
G1 X73.5984 Y119.7189 Z-2.8286 F800
G1 X73.6554 Y119.2964 Z-2.8286 F800
G1 X73.6579 Y119.2752 Z-2.8286 F800
G1 X73.7044 Y118.8363 Z-2.8286 F800
G1 X73.7063 Y118.8155 Z-2.8286 F800
G1 X73.7419 Y118.3599 Z-2.8286 F800
G1 X73.7432 Y118.3396 Z-2.8286 F800
G1 X73.7671 Y117.8671 Z-2.8286 F800
G1 X73.7679 Y117.8473 Z-2.8286 F800
G1 X73.7798 Y117.3574 Z-2.8286 F800
G1 X73.7799 Y117.3253 Z-2.8286 F800
G1 X73.7685 Y116.7108 Z-2.8286 F800
G1 X73.7674 Y116.6829 Z-2.8286 F800
G1 X73.7206 Y115.8432 Z-2.8286 F800
G1 X73.7194 Y115.8253 Z-2.8286 F800
G1 X73.6351 Y114.7700 Z-2.8286 F800
G1 X73.6340 Y114.7566 Z-2.8286 F800
G1 X73.5105 Y113.4952 Z-2.8286 F800
G1 X73.5094 Y113.4841 Z-2.8286 F800
G1 X73.3448 Y112.0262 Z-2.8286 F800
G1 X73.3437 Y112.0165 Z-2.8286 F800
G1 X73.1362 Y110.3718 Z-2.8286 F800
G1 X73.1350 Y110.3628 Z-2.8286 F800
G1 X72.8826 Y108.5409 Z-2.8286 F800
G1 X72.8814 Y108.5323 Z-2.8286 F800
G1 X72.5823 Y106.5428 Z-2.8286 F800
G1 X72.5810 Y106.5345 Z-2.8286 F800
G1 X72.2333 Y104.3870 Z-2.8286 F800
G1 X72.2319 Y104.3787 Z-2.8286 F800
G1 X71.8338 Y102.0829 Z-2.8286 F800
G1 X71.8323 Y102.0746 Z-2.8286 F800
G1 X71.3817 Y99.6400 Z-2.8286 F800
G1 X71.3801 Y99.6316 Z-2.8286 F800
G1 X70.8754 Y97.0679 Z-2.8286 F800
G1 X70.8736 Y97.0593 Z-2.8286 F800
G1 X70.3127 Y94.3761 Z-2.8286 F800
G1 X70.3108 Y94.3673 Z-2.8286 F800
G1 X69.6919 Y91.5742 Z-2.8286 F800
G1 X69.6899 Y91.5651 Z-2.8286 F800
G1 X69.0111 Y88.6716 Z-2.8286 F800
G1 X69.0088 Y88.6623 Z-2.8286 F800
G1 X68.2683 Y85.6781 Z-2.8286 F800
G1 X68.2658 Y85.6685 Z-2.8286 F800
G1 X67.4617 Y82.6032 Z-2.8286 F800
G1 X67.4590 Y82.5932 Z-2.8286 F800
G1 X66.5893 Y79.4565 Z-2.8286 F800
G1 X66.5863 Y79.4460 Z-2.8286 F800
G1 X65.6493 Y76.2474 Z-2.8286 F800
G1 X65.6460 Y76.2365 Z-2.8286 F800
G1 X64.6397 Y72.9857 Z-2.8286 F800
G1 X64.6360 Y72.9743 Z-2.8286 F800
G1 X63.5586 Y69.6808 Z-2.8286 F800
G1 X63.5545 Y69.6689 Z-2.8286 F800
G1 X62.4041 Y66.3424 Z-2.8286 F800
G1 X62.3996 Y66.3299 Z-2.8286 F800
G1 X61.1742 Y62.9800 Z-2.8286 F800
G1 X61.1693 Y62.9669 Z-2.8286 F800
G1 X59.8671 Y59.6033 Z-2.8286 F800
G1 X59.8616 Y59.5895 Z-2.8286 F800
G1 X58.4808 Y56.2217 Z-2.8286 F800
G1 X58.4747 Y56.2072 Z-2.8286 F800
G1 X57.0134 Y52.8448 Z-2.8286 F800
G1 X57.0066 Y52.8297 Z-2.8286 F800
G1 X55.4628 Y49.4823 Z-2.8286 F800
G1 X55.4553 Y49.4664 Z-2.8286 F800
G1 X53.8272 Y46.1437 Z-2.8286 F800
G1 X53.8188 Y46.1270 Z-2.8286 F800
G1 X52.1046 Y42.8386 Z-2.8286 F800
G1 X52.0952 Y42.8211 Z-2.8286 F800
G1 X50.2929 Y39.5765 Z-2.8286 F800
G1 X50.2824 Y39.5582 Z-2.8286 F800
G1 X48.3902 Y36.3671 Z-2.8286 F800
G1 X48.3784 Y36.3479 Z-2.8286 F800
G1 X46.3944 Y33.2199 Z-2.8286 F800
G1 X46.3813 Y33.1999 Z-2.8286 F800
G1 X44.3036 Y30.1446 Z-2.8286 F800
G1 X44.2889 Y30.1238 Z-2.8286 F800
G1 X42.1157 Y27.1509 Z-2.8286 F800
G1 X42.0992 Y27.1292 Z-2.8286 F800
G1 X39.8286 Y24.2482 Z-2.8286 F800
G1 X39.8102 Y24.2259 Z-2.8286 F800
G1 X37.4403 Y21.4464 Z-2.8286 F800
G1 X37.4198 Y21.4234 Z-2.8286 F800
G1 X34.9487 Y18.7552 Z-2.8286 F800
G1 X34.9260 Y18.7317 Z-2.8286 F800
G1 X32.3518 Y16.1842 Z-2.8286 F800
G1 X32.3266 Y16.1604 Z-2.8286 F800
G1 X29.6474 Y13.7433 Z-2.8286 F800
G1 X29.6197 Y13.7195 Z-2.8286 F800
G1 X26.8337 Y11.4424 Z-2.8286 F800
G1 X26.8032 Y11.4188 Z-2.8286 F800
G1 X23.9085 Y9.2913 Z-2.8286 F800
G1 X23.8752 Y9.2682 Z-2.8286 F800
G1 X20.8700 Y7.3000 Z-2.8286 F800
G1 X20.8339 Y7.2778 Z-2.8286 F800
G1 X17.7162 Y5.4784 Z-2.8286 F800
G1 X17.6775 Y5.4576 Z-2.8286 F800
G1 X14.4455 Y3.8366 Z-2.8286 F800
G1 X14.4043 Y3.8175 Z-2.8286 F800
G1 X11.0560 Y2.3846 Z-2.8286 F800
G1 X11.0127 Y2.3677 Z-2.8286 F800
G1 X7.5463 Y1.1325 Z-2.8286 F800
G1 X7.5012 Y1.1180 Z-2.8286 F800
G1 X3.9148 Y0.0900 Z-2.8286 F800
G1 X3.8684 Y0.0783 Z-2.8286 F800
G1 X0.1602 Y-0.7327 Z-2.8286 F800
G0 Z5.000
( -- pass 4/14, Z=-3.7714 -- )
( eyebrow 1/2 )
G0 X67.9829 Y168.1164 Z5.0000
G1 Z-3.7714 F300
G1 X71.6911 Y167.3054 Z-3.7714 F800
G1 X71.7375 Y167.2937 Z-3.7714 F800
G1 X75.3239 Y166.2658 Z-3.7714 F800
G1 X75.3690 Y166.2513 Z-3.7714 F800
G1 X78.8354 Y165.0161 Z-3.7714 F800
G1 X78.8787 Y164.9991 Z-3.7714 F800
G1 X82.2270 Y163.5662 Z-3.7714 F800
G1 X82.2681 Y163.5471 Z-3.7714 F800
G1 X85.5002 Y161.9262 Z-3.7714 F800
G1 X85.5389 Y161.9053 Z-3.7714 F800
G1 X88.6566 Y160.1059 Z-3.7714 F800
G1 X88.6926 Y160.0838 Z-3.7714 F800
G1 X91.6979 Y158.1155 Z-3.7714 F800
G1 X91.7312 Y158.0924 Z-3.7714 F800
G1 X94.6259 Y155.9650 Z-3.7714 F800
G1 X94.6563 Y155.9413 Z-3.7714 F800
G1 X97.4423 Y153.6643 Z-3.7714 F800
G1 X97.4701 Y153.6404 Z-3.7714 F800
G1 X100.1493 Y151.2233 Z-3.7714 F800
G1 X100.1744 Y151.1995 Z-3.7714 F800
G1 X102.7487 Y148.6521 Z-3.7714 F800
G1 X102.7714 Y148.6286 Z-3.7714 F800
G1 X105.2425 Y145.9603 Z-3.7714 F800
G1 X105.2630 Y145.9373 Z-3.7714 F800
G1 X107.6329 Y143.1579 Z-3.7714 F800
G1 X107.6513 Y143.1355 Z-3.7714 F800
G1 X109.9219 Y140.2545 Z-3.7714 F800
G1 X109.9384 Y140.2329 Z-3.7714 F800
G1 X112.1116 Y137.2600 Z-3.7714 F800
G1 X112.1263 Y137.2391 Z-3.7714 F800
G1 X114.2040 Y134.1839 Z-3.7714 F800
G1 X114.2171 Y134.1638 Z-3.7714 F800
G1 X116.2011 Y131.0359 Z-3.7714 F800
G1 X116.2129 Y131.0167 Z-3.7714 F800
G1 X118.1051 Y127.8256 Z-3.7714 F800
G1 X118.1156 Y127.8073 Z-3.7714 F800
G1 X119.9178 Y124.5627 Z-3.7714 F800
G1 X119.9273 Y124.5452 Z-3.7714 F800
G1 X121.6415 Y121.2567 Z-3.7714 F800
G1 X121.6499 Y121.2400 Z-3.7714 F800
G1 X123.2780 Y117.9173 Z-3.7714 F800
G1 X123.2855 Y117.9014 Z-3.7714 F800
G1 X124.8293 Y114.5541 Z-3.7714 F800
G1 X124.8361 Y114.5389 Z-3.7714 F800
G1 X126.2974 Y111.1765 Z-3.7714 F800
G1 X126.3035 Y111.1621 Z-3.7714 F800
G1 X127.6843 Y107.7942 Z-3.7714 F800
G1 X127.6898 Y107.7805 Z-3.7714 F800
G1 X128.9920 Y104.4168 Z-3.7714 F800
G1 X128.9969 Y104.4037 Z-3.7714 F800
G1 X130.2223 Y101.0538 Z-3.7714 F800
G1 X130.2267 Y101.0413 Z-3.7714 F800
G1 X131.3772 Y97.7149 Z-3.7714 F800
G1 X131.3812 Y97.7029 Z-3.7714 F800
G1 X132.4587 Y94.4095 Z-3.7714 F800
G1 X132.4623 Y94.3981 Z-3.7714 F800
G1 X133.4687 Y91.1473 Z-3.7714 F800
G1 X133.4719 Y91.1363 Z-3.7714 F800
G1 X134.4090 Y87.9378 Z-3.7714 F800
G1 X134.4120 Y87.9273 Z-3.7714 F800
G1 X135.2817 Y84.7906 Z-3.7714 F800
G1 X135.2844 Y84.7805 Z-3.7714 F800
G1 X136.0885 Y81.7153 Z-3.7714 F800
G1 X136.0910 Y81.7056 Z-3.7714 F800
G1 X136.8315 Y78.7214 Z-3.7714 F800
G1 X136.8338 Y78.7121 Z-3.7714 F800
G1 X137.5125 Y75.8186 Z-3.7714 F800
G1 X137.5146 Y75.8096 Z-3.7714 F800
G1 X138.1335 Y73.0164 Z-3.7714 F800
G1 X138.1354 Y73.0076 Z-3.7714 F800
G1 X138.6963 Y70.3244 Z-3.7714 F800
G1 X138.6980 Y70.3158 Z-3.7714 F800
G1 X139.2028 Y67.7521 Z-3.7714 F800
G1 X139.2044 Y67.7437 Z-3.7714 F800
G1 X139.6550 Y65.3091 Z-3.7714 F800
G1 X139.6564 Y65.3008 Z-3.7714 F800
G1 X140.0546 Y63.0050 Z-3.7714 F800
G1 X140.0560 Y62.9967 Z-3.7714 F800
G1 X140.4037 Y60.8493 Z-3.7714 F800
G1 X140.4050 Y60.8409 Z-3.7714 F800
G1 X140.7041 Y58.8514 Z-3.7714 F800
G1 X140.7053 Y58.8428 Z-3.7714 F800
G1 X140.9577 Y57.0210 Z-3.7714 F800
G1 X140.9589 Y57.0120 Z-3.7714 F800
G1 X141.1664 Y55.3673 Z-3.7714 F800
G1 X141.1675 Y55.3575 Z-3.7714 F800
G1 X141.3320 Y53.8997 Z-3.7714 F800
G1 X141.3332 Y53.8886 Z-3.7714 F800
G1 X141.4566 Y52.6272 Z-3.7714 F800
G1 X141.4578 Y52.6138 Z-3.7714 F800
G1 X141.5420 Y51.5584 Z-3.7714 F800
G1 X141.5432 Y51.5405 Z-3.7714 F800
G1 X141.5901 Y50.7008 Z-3.7714 F800
G1 X141.5912 Y50.6729 Z-3.7714 F800
G1 X141.6026 Y50.0585 Z-3.7714 F800
G1 X141.6025 Y50.0263 Z-3.7714 F800
G1 X141.5906 Y49.5365 Z-3.7714 F800
G1 X141.5898 Y49.5167 Z-3.7714 F800
G1 X141.5658 Y49.0441 Z-3.7714 F800
G1 X141.5645 Y49.0238 Z-3.7714 F800
G1 X141.5290 Y48.5682 Z-3.7714 F800
G1 X141.5271 Y48.5475 Z-3.7714 F800
G1 X141.4806 Y48.1086 Z-3.7714 F800
G1 X141.4780 Y48.0874 Z-3.7714 F800
G1 X141.4211 Y47.6649 Z-3.7714 F800
G1 X141.4178 Y47.6432 Z-3.7714 F800
G1 X141.3509 Y47.2368 Z-3.7714 F800
G1 X141.3469 Y47.2148 Z-3.7714 F800
G1 X141.2706 Y46.8242 Z-3.7714 F800
G1 X141.2659 Y46.8019 Z-3.7714 F800
G1 X141.1806 Y46.4268 Z-3.7714 F800
G1 X141.1751 Y46.4042 Z-3.7714 F800
G1 X141.0815 Y46.0442 Z-3.7714 F800
G1 X141.0752 Y46.0215 Z-3.7714 F800
G1 X140.9738 Y45.6764 Z-3.7714 F800
G1 X140.9667 Y45.6536 Z-3.7714 F800
G1 X140.8580 Y45.3231 Z-3.7714 F800
G1 X140.8500 Y45.3002 Z-3.7714 F800
G1 X140.7345 Y44.9840 Z-3.7714 F800
G1 X140.7257 Y44.9611 Z-3.7714 F800
G1 X140.6040 Y44.6589 Z-3.7714 F800
G1 X140.5944 Y44.6361 Z-3.7714 F800
G1 X140.4669 Y44.3476 Z-3.7714 F800
G1 X140.4565 Y44.3250 Z-3.7714 F800
G1 X140.3239 Y44.0499 Z-3.7714 F800
G1 X140.3126 Y44.0275 Z-3.7714 F800
G1 X140.1753 Y43.7655 Z-3.7714 F800
G1 X140.1633 Y43.7434 Z-3.7714 F800
G1 X140.0220 Y43.4942 Z-3.7714 F800
G1 X140.0092 Y43.4726 Z-3.7714 F800
G1 X139.8642 Y43.2359 Z-3.7714 F800
G1 X139.8508 Y43.2148 Z-3.7714 F800
G1 X139.7028 Y42.9902 Z-3.7714 F800
G1 X139.6887 Y42.9696 Z-3.7714 F800
G1 X139.5382 Y42.7570 Z-3.7714 F800
G1 X139.5235 Y42.7370 Z-3.7714 F800
G1 X139.3710 Y42.5359 Z-3.7714 F800
G1 X139.3558 Y42.5166 Z-3.7714 F800
G1 X139.2018 Y42.3269 Z-3.7714 F800
G1 X139.1862 Y42.3083 Z-3.7714 F800
G1 X139.0312 Y42.1295 Z-3.7714 F800
G1 X139.0152 Y42.1116 Z-3.7714 F800
G1 X138.8599 Y41.9435 Z-3.7714 F800
G1 X138.8436 Y41.9264 Z-3.7714 F800
G1 X138.6883 Y41.7687 Z-3.7714 F800
G1 X138.6718 Y41.7524 Z-3.7714 F800
G1 X138.5172 Y41.6048 Z-3.7714 F800
G1 X138.5004 Y41.5893 Z-3.7714 F800
G1 X138.3470 Y41.4515 Z-3.7714 F800
G1 X138.3302 Y41.4368 Z-3.7714 F800
G1 X138.1784 Y41.3085 Z-3.7714 F800
G1 X138.1616 Y41.2946 Z-3.7714 F800
G1 X138.0121 Y41.1754 Z-3.7714 F800
G1 X137.9952 Y41.1624 Z-3.7714 F800
G1 X137.8485 Y41.0521 Z-3.7714 F800
G1 X137.8316 Y41.0398 Z-3.7714 F800
G1 X137.6882 Y40.9381 Z-3.7714 F800
G1 X137.6715 Y40.9266 Z-3.7714 F800
G1 X137.5319 Y40.8332 Z-3.7714 F800
G1 X137.5153 Y40.8224 Z-3.7714 F800
G1 X137.3801 Y40.7370 Z-3.7714 F800
G1 X137.3637 Y40.7269 Z-3.7714 F800
G1 X137.2333 Y40.6492 Z-3.7714 F800
G1 X137.2172 Y40.6398 Z-3.7714 F800
G1 X137.0922 Y40.5695 Z-3.7714 F800
G1 X137.0763 Y40.5608 Z-3.7714 F800
G1 X136.9573 Y40.4975 Z-3.7714 F800
G1 X136.9417 Y40.4895 Z-3.7714 F800
G1 X136.8292 Y40.4330 Z-3.7714 F800
G1 X136.8139 Y40.4255 Z-3.7714 F800
G1 X136.7083 Y40.3755 Z-3.7714 F800
G1 X136.6933 Y40.3686 Z-3.7714 F800
G1 X136.5954 Y40.3248 Z-3.7714 F800
G1 X136.5807 Y40.3184 Z-3.7714 F800
G1 X136.4908 Y40.2805 Z-3.7714 F800
G1 X136.4764 Y40.2747 Z-3.7714 F800
G1 X136.3951 Y40.2423 Z-3.7714 F800
G1 X136.3811 Y40.2369 Z-3.7714 F800
G1 X136.3089 Y40.2099 Z-3.7714 F800
G1 X136.2953 Y40.2049 Z-3.7714 F800
G1 X136.2328 Y40.1829 Z-3.7714 F800
G1 X136.2195 Y40.1783 Z-3.7714 F800
G1 X136.1672 Y40.1609 Z-3.7714 F800
G1 X136.1543 Y40.1568 Z-3.7714 F800
G1 X136.1127 Y40.1438 Z-3.7714 F800
G1 X136.1002 Y40.1400 Z-3.7714 F800
G1 X136.0698 Y40.1311 Z-3.7714 F800
G1 X136.0578 Y40.1277 Z-3.7714 F800
G1 X136.0411 Y40.1231 Z-3.7714 F800
G1 X92.9343 Y26.8136 Z-3.7714 F800
G1 X92.8619 Y26.7951 Z-3.7714 F800
G1 X92.7880 Y26.7839 Z-3.7714 F800
G1 X92.7134 Y26.7802 Z-3.7714 F800
G1 X92.6388 Y26.7839 Z-3.7714 F800
G1 X92.5649 Y26.7949 Z-3.7714 F800
G1 X92.4925 Y26.8133 Z-3.7714 F800
G1 X92.4223 Y26.8388 Z-3.7714 F800
G1 X92.3549 Y26.8712 Z-3.7714 F800
G1 X92.2911 Y26.9101 Z-3.7714 F800
G1 X92.2315 Y26.9551 Z-3.7714 F800
G1 X92.1767 Y27.0059 Z-3.7714 F800
G1 X92.1272 Y27.0618 Z-3.7714 F800
G1 X92.0835 Y27.1225 Z-3.7714 F800
G1 X92.0461 Y27.1871 Z-3.7714 F800
G1 X92.0153 Y27.2552 Z-3.7714 F800
G1 X91.9914 Y27.3259 Z-3.7714 F800
G1 X91.9746 Y27.3988 Z-3.7714 F800
G1 X67.0843 Y167.2523 Z-3.7714 F800
G1 X67.0750 Y167.3253 Z-3.7714 F800
G1 X67.0728 Y167.3988 Z-3.7714 F800
G1 X67.0779 Y167.4722 Z-3.7714 F800
G1 X67.0902 Y167.5447 Z-3.7714 F800
G1 X67.1095 Y167.6157 Z-3.7714 F800
G1 X67.1356 Y167.6845 Z-3.7714 F800
G1 X67.1684 Y167.7503 Z-3.7714 F800
G1 X67.2074 Y167.8126 Z-3.7714 F800
G1 X67.2524 Y167.8708 Z-3.7714 F800
G1 X67.3029 Y167.9244 Z-3.7714 F800
G1 X67.3583 Y167.9727 Z-3.7714 F800
G1 X67.4182 Y168.0153 Z-3.7714 F800
G1 X67.4820 Y168.0519 Z-3.7714 F800
G1 X67.5491 Y168.0821 Z-3.7714 F800
G1 X67.6189 Y168.1055 Z-3.7714 F800
G1 X67.6905 Y168.1220 Z-3.7714 F800
G1 X67.7635 Y168.1314 Z-3.7714 F800
G1 X67.8370 Y168.1336 Z-3.7714 F800
G1 X67.9104 Y168.1286 Z-3.7714 F800
G1 X67.9829 Y168.1164 Z-3.7714 F800
G0 Z5.000
( eyebrow 2/2 )
G0 X0.1602 Y-0.7327 Z5.0000
G1 Z-3.7714 F300
G1 X0.0877 Y-0.7449 Z-3.7714 F800
G1 X0.0143 Y-0.7499 Z-3.7714 F800
G1 X-0.0592 Y-0.7477 Z-3.7714 F800
G1 X-0.1322 Y-0.7383 Z-3.7714 F800
G1 X-0.2038 Y-0.7218 Z-3.7714 F800
G1 X-0.2736 Y-0.6983 Z-3.7714 F800
G1 X-0.3406 Y-0.6682 Z-3.7714 F800
G1 X-0.4045 Y-0.6316 Z-3.7714 F800
G1 X-0.4644 Y-0.5889 Z-3.7714 F800
G1 X-0.5198 Y-0.5406 Z-3.7714 F800
G1 X-0.5703 Y-0.4871 Z-3.7714 F800
G1 X-0.6153 Y-0.4289 Z-3.7714 F800
G1 X-0.6543 Y-0.3666 Z-3.7714 F800
G1 X-0.6871 Y-0.3007 Z-3.7714 F800
G1 X-0.7132 Y-0.2320 Z-3.7714 F800
G1 X-0.7325 Y-0.1610 Z-3.7714 F800
G1 X-0.7448 Y-0.0884 Z-3.7714 F800
G1 X-0.7498 Y-0.0151 Z-3.7714 F800
G1 X-0.7477 Y0.0585 Z-3.7714 F800
G1 X-0.7384 Y0.1314 Z-3.7714 F800
G1 X24.1519 Y139.9850 Z-3.7714 F800
G1 X24.1687 Y140.0578 Z-3.7714 F800
G1 X24.1926 Y140.1286 Z-3.7714 F800
G1 X24.2234 Y140.1966 Z-3.7714 F800
G1 X24.2608 Y140.2613 Z-3.7714 F800
G1 X24.3045 Y140.3219 Z-3.7714 F800
G1 X24.3540 Y140.3779 Z-3.7714 F800
G1 X24.4089 Y140.4286 Z-3.7714 F800
G1 X24.4685 Y140.4737 Z-3.7714 F800
G1 X24.5322 Y140.5126 Z-3.7714 F800
G1 X24.5996 Y140.5449 Z-3.7714 F800
G1 X24.6698 Y140.5704 Z-3.7714 F800
G1 X24.7422 Y140.5888 Z-3.7714 F800
G1 X24.8161 Y140.5999 Z-3.7714 F800
G1 X24.8907 Y140.6036 Z-3.7714 F800
G1 X24.9653 Y140.5998 Z-3.7714 F800
G1 X25.0392 Y140.5887 Z-3.7714 F800
G1 X25.1116 Y140.5702 Z-3.7714 F800
G1 X68.2184 Y127.2606 Z-3.7714 F800
G1 X68.2351 Y127.2560 Z-3.7714 F800
G1 X68.2471 Y127.2526 Z-3.7714 F800
G1 X68.2775 Y127.2437 Z-3.7714 F800
G1 X68.2900 Y127.2399 Z-3.7714 F800
G1 X68.3316 Y127.2269 Z-3.7714 F800
G1 X68.3445 Y127.2228 Z-3.7714 F800
G1 X68.3969 Y127.2054 Z-3.7714 F800
G1 X68.4101 Y127.2009 Z-3.7714 F800
G1 X68.4727 Y127.1788 Z-3.7714 F800
G1 X68.4863 Y127.1739 Z-3.7714 F800
G1 X68.5585 Y127.1468 Z-3.7714 F800
G1 X68.5724 Y127.1414 Z-3.7714 F800
G1 X68.6538 Y127.1091 Z-3.7714 F800
G1 X68.6681 Y127.1032 Z-3.7714 F800
G1 X68.7580 Y127.0653 Z-3.7714 F800
G1 X68.7727 Y127.0589 Z-3.7714 F800
G1 X68.8707 Y127.0151 Z-3.7714 F800
G1 X68.8857 Y127.0082 Z-3.7714 F800
G1 X68.9912 Y126.9582 Z-3.7714 F800
G1 X69.0065 Y126.9508 Z-3.7714 F800
G1 X69.1190 Y126.8943 Z-3.7714 F800
G1 X69.1346 Y126.8862 Z-3.7714 F800
G1 X69.2536 Y126.8230 Z-3.7714 F800
G1 X69.2695 Y126.8143 Z-3.7714 F800
G1 X69.3945 Y126.7439 Z-3.7714 F800
G1 X69.4106 Y126.7345 Z-3.7714 F800
G1 X69.5410 Y126.6568 Z-3.7714 F800
G1 X69.5574 Y126.6468 Z-3.7714 F800
G1 X69.6926 Y126.5613 Z-3.7714 F800
G1 X69.7092 Y126.5506 Z-3.7714 F800
G1 X69.8488 Y126.4572 Z-3.7714 F800
G1 X69.8655 Y126.4456 Z-3.7714 F800
G1 X70.0089 Y126.3439 Z-3.7714 F800
G1 X70.0258 Y126.3317 Z-3.7714 F800
G1 X70.1725 Y126.2214 Z-3.7714 F800
G1 X70.1894 Y126.2083 Z-3.7714 F800
G1 X70.3389 Y126.0891 Z-3.7714 F800
G1 X70.3558 Y126.0753 Z-3.7714 F800
G1 X70.5075 Y125.9469 Z-3.7714 F800
G1 X70.5243 Y125.9323 Z-3.7714 F800
G1 X70.6778 Y125.7944 Z-3.7714 F800
G1 X70.6945 Y125.7789 Z-3.7714 F800
G1 X70.8491 Y125.6313 Z-3.7714 F800
G1 X70.8656 Y125.6150 Z-3.7714 F800
G1 X71.0209 Y125.4573 Z-3.7714 F800
G1 X71.0372 Y125.4402 Z-3.7714 F800
G1 X71.1926 Y125.2721 Z-3.7714 F800
G1 X71.2085 Y125.2543 Z-3.7714 F800
G1 X71.3635 Y125.0755 Z-3.7714 F800
G1 X71.3791 Y125.0569 Z-3.7714 F800
G1 X71.5331 Y124.8671 Z-3.7714 F800
G1 X71.5483 Y124.8478 Z-3.7714 F800
G1 X71.7008 Y124.6467 Z-3.7714 F800
G1 X71.7155 Y124.6268 Z-3.7714 F800
G1 X71.8660 Y124.4141 Z-3.7714 F800
G1 X71.8801 Y124.3935 Z-3.7714 F800
G1 X72.0281 Y124.1690 Z-3.7714 F800
G1 X72.0416 Y124.1479 Z-3.7714 F800
G1 X72.1865 Y123.9111 Z-3.7714 F800
G1 X72.1993 Y123.8895 Z-3.7714 F800
G1 X72.3407 Y123.6403 Z-3.7714 F800
G1 X72.3527 Y123.6183 Z-3.7714 F800
G1 X72.4899 Y123.3563 Z-3.7714 F800
G1 X72.5012 Y123.3339 Z-3.7714 F800
G1 X72.6338 Y123.0588 Z-3.7714 F800
G1 X72.6442 Y123.0362 Z-3.7714 F800
G1 X72.7717 Y122.7477 Z-3.7714 F800
G1 X72.7813 Y122.7249 Z-3.7714 F800
G1 X72.9030 Y122.4227 Z-3.7714 F800
G1 X72.9118 Y122.3998 Z-3.7714 F800
G1 X73.0273 Y122.0836 Z-3.7714 F800
G1 X73.0353 Y122.0607 Z-3.7714 F800
G1 X73.1440 Y121.7302 Z-3.7714 F800
G1 X73.1511 Y121.7073 Z-3.7714 F800
G1 X73.2525 Y121.3623 Z-3.7714 F800
G1 X73.2588 Y121.3395 Z-3.7714 F800
G1 X73.3524 Y120.9796 Z-3.7714 F800
G1 X73.3579 Y120.9570 Z-3.7714 F800
G1 X73.4432 Y120.5819 Z-3.7714 F800
G1 X73.4479 Y120.5596 Z-3.7714 F800
G1 X73.5242 Y120.1689 Z-3.7714 F800
G1 X73.5282 Y120.1469 Z-3.7714 F800
G1 X73.5951 Y119.7405 Z-3.7714 F800
G1 X73.5984 Y119.7189 Z-3.7714 F800
G1 X73.6554 Y119.2964 Z-3.7714 F800
G1 X73.6579 Y119.2752 Z-3.7714 F800
G1 X73.7044 Y118.8363 Z-3.7714 F800
G1 X73.7063 Y118.8155 Z-3.7714 F800
G1 X73.7419 Y118.3599 Z-3.7714 F800
G1 X73.7432 Y118.3396 Z-3.7714 F800
G1 X73.7671 Y117.8671 Z-3.7714 F800
G1 X73.7679 Y117.8473 Z-3.7714 F800
G1 X73.7798 Y117.3574 Z-3.7714 F800
G1 X73.7799 Y117.3253 Z-3.7714 F800
G1 X73.7685 Y116.7108 Z-3.7714 F800
G1 X73.7674 Y116.6829 Z-3.7714 F800
G1 X73.7206 Y115.8432 Z-3.7714 F800
G1 X73.7194 Y115.8253 Z-3.7714 F800
G1 X73.6351 Y114.7700 Z-3.7714 F800
G1 X73.6340 Y114.7566 Z-3.7714 F800
G1 X73.5105 Y113.4952 Z-3.7714 F800
G1 X73.5094 Y113.4841 Z-3.7714 F800
G1 X73.3448 Y112.0262 Z-3.7714 F800
G1 X73.3437 Y112.0165 Z-3.7714 F800
G1 X73.1362 Y110.3718 Z-3.7714 F800
G1 X73.1350 Y110.3628 Z-3.7714 F800
G1 X72.8826 Y108.5409 Z-3.7714 F800
G1 X72.8814 Y108.5323 Z-3.7714 F800
G1 X72.5823 Y106.5428 Z-3.7714 F800
G1 X72.5810 Y106.5345 Z-3.7714 F800
G1 X72.2333 Y104.3870 Z-3.7714 F800
G1 X72.2319 Y104.3787 Z-3.7714 F800
G1 X71.8338 Y102.0829 Z-3.7714 F800
G1 X71.8323 Y102.0746 Z-3.7714 F800
G1 X71.3817 Y99.6400 Z-3.7714 F800
G1 X71.3801 Y99.6316 Z-3.7714 F800
G1 X70.8754 Y97.0679 Z-3.7714 F800
G1 X70.8736 Y97.0593 Z-3.7714 F800
G1 X70.3127 Y94.3761 Z-3.7714 F800
G1 X70.3108 Y94.3673 Z-3.7714 F800
G1 X69.6919 Y91.5742 Z-3.7714 F800
G1 X69.6899 Y91.5651 Z-3.7714 F800
G1 X69.0111 Y88.6716 Z-3.7714 F800
G1 X69.0088 Y88.6623 Z-3.7714 F800
G1 X68.2683 Y85.6781 Z-3.7714 F800
G1 X68.2658 Y85.6685 Z-3.7714 F800
G1 X67.4617 Y82.6032 Z-3.7714 F800
G1 X67.4590 Y82.5932 Z-3.7714 F800
G1 X66.5893 Y79.4565 Z-3.7714 F800
G1 X66.5863 Y79.4460 Z-3.7714 F800
G1 X65.6493 Y76.2474 Z-3.7714 F800
G1 X65.6460 Y76.2365 Z-3.7714 F800
G1 X64.6397 Y72.9857 Z-3.7714 F800
G1 X64.6360 Y72.9743 Z-3.7714 F800
G1 X63.5586 Y69.6808 Z-3.7714 F800
G1 X63.5545 Y69.6689 Z-3.7714 F800
G1 X62.4041 Y66.3424 Z-3.7714 F800
G1 X62.3996 Y66.3299 Z-3.7714 F800
G1 X61.1742 Y62.9800 Z-3.7714 F800
G1 X61.1693 Y62.9669 Z-3.7714 F800
G1 X59.8671 Y59.6033 Z-3.7714 F800
G1 X59.8616 Y59.5895 Z-3.7714 F800
G1 X58.4808 Y56.2217 Z-3.7714 F800
G1 X58.4747 Y56.2072 Z-3.7714 F800
G1 X57.0134 Y52.8448 Z-3.7714 F800
G1 X57.0066 Y52.8297 Z-3.7714 F800
G1 X55.4628 Y49.4823 Z-3.7714 F800
G1 X55.4553 Y49.4664 Z-3.7714 F800
G1 X53.8272 Y46.1437 Z-3.7714 F800
G1 X53.8188 Y46.1270 Z-3.7714 F800
G1 X52.1046 Y42.8386 Z-3.7714 F800
G1 X52.0952 Y42.8211 Z-3.7714 F800
G1 X50.2929 Y39.5765 Z-3.7714 F800
G1 X50.2824 Y39.5582 Z-3.7714 F800
G1 X48.3902 Y36.3671 Z-3.7714 F800
G1 X48.3784 Y36.3479 Z-3.7714 F800
G1 X46.3944 Y33.2199 Z-3.7714 F800
G1 X46.3813 Y33.1999 Z-3.7714 F800
G1 X44.3036 Y30.1446 Z-3.7714 F800
G1 X44.2889 Y30.1238 Z-3.7714 F800
G1 X42.1157 Y27.1509 Z-3.7714 F800
G1 X42.0992 Y27.1292 Z-3.7714 F800
G1 X39.8286 Y24.2482 Z-3.7714 F800
G1 X39.8102 Y24.2259 Z-3.7714 F800
G1 X37.4403 Y21.4464 Z-3.7714 F800
G1 X37.4198 Y21.4234 Z-3.7714 F800
G1 X34.9487 Y18.7552 Z-3.7714 F800
G1 X34.9260 Y18.7317 Z-3.7714 F800
G1 X32.3518 Y16.1842 Z-3.7714 F800
G1 X32.3266 Y16.1604 Z-3.7714 F800
G1 X29.6474 Y13.7433 Z-3.7714 F800
G1 X29.6197 Y13.7195 Z-3.7714 F800
G1 X26.8337 Y11.4424 Z-3.7714 F800
G1 X26.8032 Y11.4188 Z-3.7714 F800
G1 X23.9085 Y9.2913 Z-3.7714 F800
G1 X23.8752 Y9.2682 Z-3.7714 F800
G1 X20.8700 Y7.3000 Z-3.7714 F800
G1 X20.8339 Y7.2778 Z-3.7714 F800
G1 X17.7162 Y5.4784 Z-3.7714 F800
G1 X17.6775 Y5.4576 Z-3.7714 F800
G1 X14.4455 Y3.8366 Z-3.7714 F800
G1 X14.4043 Y3.8175 Z-3.7714 F800
G1 X11.0560 Y2.3846 Z-3.7714 F800
G1 X11.0127 Y2.3677 Z-3.7714 F800
G1 X7.5463 Y1.1325 Z-3.7714 F800
G1 X7.5012 Y1.1180 Z-3.7714 F800
G1 X3.9148 Y0.0900 Z-3.7714 F800
G1 X3.8684 Y0.0783 Z-3.7714 F800
G1 X0.1602 Y-0.7327 Z-3.7714 F800
G0 Z5.000
( -- pass 5/14, Z=-4.7143 -- )
( eyebrow 1/2 )
G0 X67.9829 Y168.1164 Z5.0000
G1 Z-4.7143 F300
G1 X71.6911 Y167.3054 Z-4.7143 F800
G1 X71.7375 Y167.2937 Z-4.7143 F800
G1 X75.3239 Y166.2658 Z-4.7143 F800
G1 X75.3690 Y166.2513 Z-4.7143 F800
G1 X78.8354 Y165.0161 Z-4.7143 F800
G1 X78.8787 Y164.9991 Z-4.7143 F800
G1 X82.2270 Y163.5662 Z-4.7143 F800
G1 X82.2681 Y163.5471 Z-4.7143 F800
G1 X85.5002 Y161.9262 Z-4.7143 F800
G1 X85.5389 Y161.9053 Z-4.7143 F800
G1 X88.6566 Y160.1059 Z-4.7143 F800
G1 X88.6926 Y160.0838 Z-4.7143 F800
G1 X91.6979 Y158.1155 Z-4.7143 F800
G1 X91.7312 Y158.0924 Z-4.7143 F800
G1 X94.6259 Y155.9650 Z-4.7143 F800
G1 X94.6563 Y155.9413 Z-4.7143 F800
G1 X97.4423 Y153.6643 Z-4.7143 F800
G1 X97.4701 Y153.6404 Z-4.7143 F800
G1 X100.1493 Y151.2233 Z-4.7143 F800
G1 X100.1744 Y151.1995 Z-4.7143 F800
G1 X102.7487 Y148.6521 Z-4.7143 F800
G1 X102.7714 Y148.6286 Z-4.7143 F800
G1 X105.2425 Y145.9603 Z-4.7143 F800
G1 X105.2630 Y145.9373 Z-4.7143 F800
G1 X107.6329 Y143.1579 Z-4.7143 F800
G1 X107.6513 Y143.1355 Z-4.7143 F800
G1 X109.9219 Y140.2545 Z-4.7143 F800
G1 X109.9384 Y140.2329 Z-4.7143 F800
G1 X112.1116 Y137.2600 Z-4.7143 F800
G1 X112.1263 Y137.2391 Z-4.7143 F800
G1 X114.2040 Y134.1839 Z-4.7143 F800
G1 X114.2171 Y134.1638 Z-4.7143 F800
G1 X116.2011 Y131.0359 Z-4.7143 F800
G1 X116.2129 Y131.0167 Z-4.7143 F800
G1 X118.1051 Y127.8256 Z-4.7143 F800
G1 X118.1156 Y127.8073 Z-4.7143 F800
G1 X119.9178 Y124.5627 Z-4.7143 F800
G1 X119.9273 Y124.5452 Z-4.7143 F800
G1 X121.6415 Y121.2567 Z-4.7143 F800
G1 X121.6499 Y121.2400 Z-4.7143 F800
G1 X123.2780 Y117.9173 Z-4.7143 F800
G1 X123.2855 Y117.9014 Z-4.7143 F800
G1 X124.8293 Y114.5541 Z-4.7143 F800
G1 X124.8361 Y114.5389 Z-4.7143 F800
G1 X126.2974 Y111.1765 Z-4.7143 F800
G1 X126.3035 Y111.1621 Z-4.7143 F800
G1 X127.6843 Y107.7942 Z-4.7143 F800
G1 X127.6898 Y107.7805 Z-4.7143 F800
G1 X128.9920 Y104.4168 Z-4.7143 F800
G1 X128.9969 Y104.4037 Z-4.7143 F800
G1 X130.2223 Y101.0538 Z-4.7143 F800
G1 X130.2267 Y101.0413 Z-4.7143 F800
G1 X131.3772 Y97.7149 Z-4.7143 F800
G1 X131.3812 Y97.7029 Z-4.7143 F800
G1 X132.4587 Y94.4095 Z-4.7143 F800
G1 X132.4623 Y94.3981 Z-4.7143 F800
G1 X133.4687 Y91.1473 Z-4.7143 F800
G1 X133.4719 Y91.1363 Z-4.7143 F800
G1 X134.4090 Y87.9378 Z-4.7143 F800
G1 X134.4120 Y87.9273 Z-4.7143 F800
G1 X135.2817 Y84.7906 Z-4.7143 F800
G1 X135.2844 Y84.7805 Z-4.7143 F800
G1 X136.0885 Y81.7153 Z-4.7143 F800
G1 X136.0910 Y81.7056 Z-4.7143 F800
G1 X136.8315 Y78.7214 Z-4.7143 F800
G1 X136.8338 Y78.7121 Z-4.7143 F800
G1 X137.5125 Y75.8186 Z-4.7143 F800
G1 X137.5146 Y75.8096 Z-4.7143 F800
G1 X138.1335 Y73.0164 Z-4.7143 F800
G1 X138.1354 Y73.0076 Z-4.7143 F800
G1 X138.6963 Y70.3244 Z-4.7143 F800
G1 X138.6980 Y70.3158 Z-4.7143 F800
G1 X139.2028 Y67.7521 Z-4.7143 F800
G1 X139.2044 Y67.7437 Z-4.7143 F800
G1 X139.6550 Y65.3091 Z-4.7143 F800
G1 X139.6564 Y65.3008 Z-4.7143 F800
G1 X140.0546 Y63.0050 Z-4.7143 F800
G1 X140.0560 Y62.9967 Z-4.7143 F800
G1 X140.4037 Y60.8493 Z-4.7143 F800
G1 X140.4050 Y60.8409 Z-4.7143 F800
G1 X140.7041 Y58.8514 Z-4.7143 F800
G1 X140.7053 Y58.8428 Z-4.7143 F800
G1 X140.9577 Y57.0210 Z-4.7143 F800
G1 X140.9589 Y57.0120 Z-4.7143 F800
G1 X141.1664 Y55.3673 Z-4.7143 F800
G1 X141.1675 Y55.3575 Z-4.7143 F800
G1 X141.3320 Y53.8997 Z-4.7143 F800
G1 X141.3332 Y53.8886 Z-4.7143 F800
G1 X141.4566 Y52.6272 Z-4.7143 F800
G1 X141.4578 Y52.6138 Z-4.7143 F800
G1 X141.5420 Y51.5584 Z-4.7143 F800
G1 X141.5432 Y51.5405 Z-4.7143 F800
G1 X141.5901 Y50.7008 Z-4.7143 F800
G1 X141.5912 Y50.6729 Z-4.7143 F800
G1 X141.6026 Y50.0585 Z-4.7143 F800
G1 X141.6025 Y50.0263 Z-4.7143 F800
G1 X141.5906 Y49.5365 Z-4.7143 F800
G1 X141.5898 Y49.5167 Z-4.7143 F800
G1 X141.5658 Y49.0441 Z-4.7143 F800
G1 X141.5645 Y49.0238 Z-4.7143 F800
G1 X141.5290 Y48.5682 Z-4.7143 F800
G1 X141.5271 Y48.5475 Z-4.7143 F800
G1 X141.4806 Y48.1086 Z-4.7143 F800
G1 X141.4780 Y48.0874 Z-4.7143 F800
G1 X141.4211 Y47.6649 Z-4.7143 F800
G1 X141.4178 Y47.6432 Z-4.7143 F800
G1 X141.3509 Y47.2368 Z-4.7143 F800
G1 X141.3469 Y47.2148 Z-4.7143 F800
G1 X141.2706 Y46.8242 Z-4.7143 F800
G1 X141.2659 Y46.8019 Z-4.7143 F800
G1 X141.1806 Y46.4268 Z-4.7143 F800
G1 X141.1751 Y46.4042 Z-4.7143 F800
G1 X141.0815 Y46.0442 Z-4.7143 F800
G1 X141.0752 Y46.0215 Z-4.7143 F800
G1 X140.9738 Y45.6764 Z-4.7143 F800
G1 X140.9667 Y45.6536 Z-4.7143 F800
G1 X140.8580 Y45.3231 Z-4.7143 F800
G1 X140.8500 Y45.3002 Z-4.7143 F800
G1 X140.7345 Y44.9840 Z-4.7143 F800
G1 X140.7257 Y44.9611 Z-4.7143 F800
G1 X140.6040 Y44.6589 Z-4.7143 F800
G1 X140.5944 Y44.6361 Z-4.7143 F800
G1 X140.4669 Y44.3476 Z-4.7143 F800
G1 X140.4565 Y44.3250 Z-4.7143 F800
G1 X140.3239 Y44.0499 Z-4.7143 F800
G1 X140.3126 Y44.0275 Z-4.7143 F800
G1 X140.1753 Y43.7655 Z-4.7143 F800
G1 X140.1633 Y43.7434 Z-4.7143 F800
G1 X140.0220 Y43.4942 Z-4.7143 F800
G1 X140.0092 Y43.4726 Z-4.7143 F800
G1 X139.8642 Y43.2359 Z-4.7143 F800
G1 X139.8508 Y43.2148 Z-4.7143 F800
G1 X139.7028 Y42.9902 Z-4.7143 F800
G1 X139.6887 Y42.9696 Z-4.7143 F800
G1 X139.5382 Y42.7570 Z-4.7143 F800
G1 X139.5235 Y42.7370 Z-4.7143 F800
G1 X139.3710 Y42.5359 Z-4.7143 F800
G1 X139.3558 Y42.5166 Z-4.7143 F800
G1 X139.2018 Y42.3269 Z-4.7143 F800
G1 X139.1862 Y42.3083 Z-4.7143 F800
G1 X139.0312 Y42.1295 Z-4.7143 F800
G1 X139.0152 Y42.1116 Z-4.7143 F800
G1 X138.8599 Y41.9435 Z-4.7143 F800
G1 X138.8436 Y41.9264 Z-4.7143 F800
G1 X138.6883 Y41.7687 Z-4.7143 F800
G1 X138.6718 Y41.7524 Z-4.7143 F800
G1 X138.5172 Y41.6048 Z-4.7143 F800
G1 X138.5004 Y41.5893 Z-4.7143 F800
G1 X138.3470 Y41.4515 Z-4.7143 F800
G1 X138.3302 Y41.4368 Z-4.7143 F800
G1 X138.1784 Y41.3085 Z-4.7143 F800
G1 X138.1616 Y41.2946 Z-4.7143 F800
G1 X138.0121 Y41.1754 Z-4.7143 F800
G1 X137.9952 Y41.1624 Z-4.7143 F800
G1 X137.8485 Y41.0521 Z-4.7143 F800
G1 X137.8316 Y41.0398 Z-4.7143 F800
G1 X137.6882 Y40.9381 Z-4.7143 F800
G1 X137.6715 Y40.9266 Z-4.7143 F800
G1 X137.5319 Y40.8332 Z-4.7143 F800
G1 X137.5153 Y40.8224 Z-4.7143 F800
G1 X137.3801 Y40.7370 Z-4.7143 F800
G1 X137.3637 Y40.7269 Z-4.7143 F800
G1 X137.2333 Y40.6492 Z-4.7143 F800
G1 X137.2172 Y40.6398 Z-4.7143 F800
G1 X137.0922 Y40.5695 Z-4.7143 F800
G1 X137.0763 Y40.5608 Z-4.7143 F800
G1 X136.9573 Y40.4975 Z-4.7143 F800
G1 X136.9417 Y40.4895 Z-4.7143 F800
G1 X136.8292 Y40.4330 Z-4.7143 F800
G1 X136.8139 Y40.4255 Z-4.7143 F800
G1 X136.7083 Y40.3755 Z-4.7143 F800
G1 X136.6933 Y40.3686 Z-4.7143 F800
G1 X136.5954 Y40.3248 Z-4.7143 F800
G1 X136.5807 Y40.3184 Z-4.7143 F800
G1 X136.4908 Y40.2805 Z-4.7143 F800
G1 X136.4764 Y40.2747 Z-4.7143 F800
G1 X136.3951 Y40.2423 Z-4.7143 F800
G1 X136.3811 Y40.2369 Z-4.7143 F800
G1 X136.3089 Y40.2099 Z-4.7143 F800
G1 X136.2953 Y40.2049 Z-4.7143 F800
G1 X136.2328 Y40.1829 Z-4.7143 F800
G1 X136.2195 Y40.1783 Z-4.7143 F800
G1 X136.1672 Y40.1609 Z-4.7143 F800
G1 X136.1543 Y40.1568 Z-4.7143 F800
G1 X136.1127 Y40.1438 Z-4.7143 F800
G1 X136.1002 Y40.1400 Z-4.7143 F800
G1 X136.0698 Y40.1311 Z-4.7143 F800
G1 X136.0578 Y40.1277 Z-4.7143 F800
G1 X136.0411 Y40.1231 Z-4.7143 F800
G1 X92.9343 Y26.8136 Z-4.7143 F800
G1 X92.8619 Y26.7951 Z-4.7143 F800
G1 X92.7880 Y26.7839 Z-4.7143 F800
G1 X92.7134 Y26.7802 Z-4.7143 F800
G1 X92.6388 Y26.7839 Z-4.7143 F800
G1 X92.5649 Y26.7949 Z-4.7143 F800
G1 X92.4925 Y26.8133 Z-4.7143 F800
G1 X92.4223 Y26.8388 Z-4.7143 F800
G1 X92.3549 Y26.8712 Z-4.7143 F800
G1 X92.2911 Y26.9101 Z-4.7143 F800
G1 X92.2315 Y26.9551 Z-4.7143 F800
G1 X92.1767 Y27.0059 Z-4.7143 F800
G1 X92.1272 Y27.0618 Z-4.7143 F800
G1 X92.0835 Y27.1225 Z-4.7143 F800
G1 X92.0461 Y27.1871 Z-4.7143 F800
G1 X92.0153 Y27.2552 Z-4.7143 F800
G1 X91.9914 Y27.3259 Z-4.7143 F800
G1 X91.9746 Y27.3988 Z-4.7143 F800
G1 X67.0843 Y167.2523 Z-4.7143 F800
G1 X67.0750 Y167.3253 Z-4.7143 F800
G1 X67.0728 Y167.3988 Z-4.7143 F800
G1 X67.0779 Y167.4722 Z-4.7143 F800
G1 X67.0902 Y167.5447 Z-4.7143 F800
G1 X67.1095 Y167.6157 Z-4.7143 F800
G1 X67.1356 Y167.6845 Z-4.7143 F800
G1 X67.1684 Y167.7503 Z-4.7143 F800
G1 X67.2074 Y167.8126 Z-4.7143 F800
G1 X67.2524 Y167.8708 Z-4.7143 F800
G1 X67.3029 Y167.9244 Z-4.7143 F800
G1 X67.3583 Y167.9727 Z-4.7143 F800
G1 X67.4182 Y168.0153 Z-4.7143 F800
G1 X67.4820 Y168.0519 Z-4.7143 F800
G1 X67.5491 Y168.0821 Z-4.7143 F800
G1 X67.6189 Y168.1055 Z-4.7143 F800
G1 X67.6905 Y168.1220 Z-4.7143 F800
G1 X67.7635 Y168.1314 Z-4.7143 F800
G1 X67.8370 Y168.1336 Z-4.7143 F800
G1 X67.9104 Y168.1286 Z-4.7143 F800
G1 X67.9829 Y168.1164 Z-4.7143 F800
G0 Z5.000
( eyebrow 2/2 )
G0 X0.1602 Y-0.7327 Z5.0000
G1 Z-4.7143 F300
G1 X0.0877 Y-0.7449 Z-4.7143 F800
G1 X0.0143 Y-0.7499 Z-4.7143 F800
G1 X-0.0592 Y-0.7477 Z-4.7143 F800
G1 X-0.1322 Y-0.7383 Z-4.7143 F800
G1 X-0.2038 Y-0.7218 Z-4.7143 F800
G1 X-0.2736 Y-0.6983 Z-4.7143 F800
G1 X-0.3406 Y-0.6682 Z-4.7143 F800
G1 X-0.4045 Y-0.6316 Z-4.7143 F800
G1 X-0.4644 Y-0.5889 Z-4.7143 F800
G1 X-0.5198 Y-0.5406 Z-4.7143 F800
G1 X-0.5703 Y-0.4871 Z-4.7143 F800
G1 X-0.6153 Y-0.4289 Z-4.7143 F800
G1 X-0.6543 Y-0.3666 Z-4.7143 F800
G1 X-0.6871 Y-0.3007 Z-4.7143 F800
G1 X-0.7132 Y-0.2320 Z-4.7143 F800
G1 X-0.7325 Y-0.1610 Z-4.7143 F800
G1 X-0.7448 Y-0.0884 Z-4.7143 F800
G1 X-0.7498 Y-0.0151 Z-4.7143 F800
G1 X-0.7477 Y0.0585 Z-4.7143 F800
G1 X-0.7384 Y0.1314 Z-4.7143 F800
G1 X24.1519 Y139.9850 Z-4.7143 F800
G1 X24.1687 Y140.0578 Z-4.7143 F800
G1 X24.1926 Y140.1286 Z-4.7143 F800
G1 X24.2234 Y140.1966 Z-4.7143 F800
G1 X24.2608 Y140.2613 Z-4.7143 F800
G1 X24.3045 Y140.3219 Z-4.7143 F800
G1 X24.3540 Y140.3779 Z-4.7143 F800
G1 X24.4089 Y140.4286 Z-4.7143 F800
G1 X24.4685 Y140.4737 Z-4.7143 F800
G1 X24.5322 Y140.5126 Z-4.7143 F800
G1 X24.5996 Y140.5449 Z-4.7143 F800
G1 X24.6698 Y140.5704 Z-4.7143 F800
G1 X24.7422 Y140.5888 Z-4.7143 F800
G1 X24.8161 Y140.5999 Z-4.7143 F800
G1 X24.8907 Y140.6036 Z-4.7143 F800
G1 X24.9653 Y140.5998 Z-4.7143 F800
G1 X25.0392 Y140.5887 Z-4.7143 F800
G1 X25.1116 Y140.5702 Z-4.7143 F800
G1 X68.2184 Y127.2606 Z-4.7143 F800
G1 X68.2351 Y127.2560 Z-4.7143 F800
G1 X68.2471 Y127.2526 Z-4.7143 F800
G1 X68.2775 Y127.2437 Z-4.7143 F800
G1 X68.2900 Y127.2399 Z-4.7143 F800
G1 X68.3316 Y127.2269 Z-4.7143 F800
G1 X68.3445 Y127.2228 Z-4.7143 F800
G1 X68.3969 Y127.2054 Z-4.7143 F800
G1 X68.4101 Y127.2009 Z-4.7143 F800
G1 X68.4727 Y127.1788 Z-4.7143 F800
G1 X68.4863 Y127.1739 Z-4.7143 F800
G1 X68.5585 Y127.1468 Z-4.7143 F800
G1 X68.5724 Y127.1414 Z-4.7143 F800
G1 X68.6538 Y127.1091 Z-4.7143 F800
G1 X68.6681 Y127.1032 Z-4.7143 F800
G1 X68.7580 Y127.0653 Z-4.7143 F800
G1 X68.7727 Y127.0589 Z-4.7143 F800
G1 X68.8707 Y127.0151 Z-4.7143 F800
G1 X68.8857 Y127.0082 Z-4.7143 F800
G1 X68.9912 Y126.9582 Z-4.7143 F800
G1 X69.0065 Y126.9508 Z-4.7143 F800
G1 X69.1190 Y126.8943 Z-4.7143 F800
G1 X69.1346 Y126.8862 Z-4.7143 F800
G1 X69.2536 Y126.8230 Z-4.7143 F800
G1 X69.2695 Y126.8143 Z-4.7143 F800
G1 X69.3945 Y126.7439 Z-4.7143 F800
G1 X69.4106 Y126.7345 Z-4.7143 F800
G1 X69.5410 Y126.6568 Z-4.7143 F800
G1 X69.5574 Y126.6468 Z-4.7143 F800
G1 X69.6926 Y126.5613 Z-4.7143 F800
G1 X69.7092 Y126.5506 Z-4.7143 F800
G1 X69.8488 Y126.4572 Z-4.7143 F800
G1 X69.8655 Y126.4456 Z-4.7143 F800
G1 X70.0089 Y126.3439 Z-4.7143 F800
G1 X70.0258 Y126.3317 Z-4.7143 F800
G1 X70.1725 Y126.2214 Z-4.7143 F800
G1 X70.1894 Y126.2083 Z-4.7143 F800
G1 X70.3389 Y126.0891 Z-4.7143 F800
G1 X70.3558 Y126.0753 Z-4.7143 F800
G1 X70.5075 Y125.9469 Z-4.7143 F800
G1 X70.5243 Y125.9323 Z-4.7143 F800
G1 X70.6778 Y125.7944 Z-4.7143 F800
G1 X70.6945 Y125.7789 Z-4.7143 F800
G1 X70.8491 Y125.6313 Z-4.7143 F800
G1 X70.8656 Y125.6150 Z-4.7143 F800
G1 X71.0209 Y125.4573 Z-4.7143 F800
G1 X71.0372 Y125.4402 Z-4.7143 F800
G1 X71.1926 Y125.2721 Z-4.7143 F800
G1 X71.2085 Y125.2543 Z-4.7143 F800
G1 X71.3635 Y125.0755 Z-4.7143 F800
G1 X71.3791 Y125.0569 Z-4.7143 F800
G1 X71.5331 Y124.8671 Z-4.7143 F800
G1 X71.5483 Y124.8478 Z-4.7143 F800
G1 X71.7008 Y124.6467 Z-4.7143 F800
G1 X71.7155 Y124.6268 Z-4.7143 F800
G1 X71.8660 Y124.4141 Z-4.7143 F800
G1 X71.8801 Y124.3935 Z-4.7143 F800
G1 X72.0281 Y124.1690 Z-4.7143 F800
G1 X72.0416 Y124.1479 Z-4.7143 F800
G1 X72.1865 Y123.9111 Z-4.7143 F800
G1 X72.1993 Y123.8895 Z-4.7143 F800
G1 X72.3407 Y123.6403 Z-4.7143 F800
G1 X72.3527 Y123.6183 Z-4.7143 F800
G1 X72.4899 Y123.3563 Z-4.7143 F800
G1 X72.5012 Y123.3339 Z-4.7143 F800
G1 X72.6338 Y123.0588 Z-4.7143 F800
G1 X72.6442 Y123.0362 Z-4.7143 F800
G1 X72.7717 Y122.7477 Z-4.7143 F800
G1 X72.7813 Y122.7249 Z-4.7143 F800
G1 X72.9030 Y122.4227 Z-4.7143 F800
G1 X72.9118 Y122.3998 Z-4.7143 F800
G1 X73.0273 Y122.0836 Z-4.7143 F800
G1 X73.0353 Y122.0607 Z-4.7143 F800
G1 X73.1440 Y121.7302 Z-4.7143 F800
G1 X73.1511 Y121.7073 Z-4.7143 F800
G1 X73.2525 Y121.3623 Z-4.7143 F800
G1 X73.2588 Y121.3395 Z-4.7143 F800
G1 X73.3524 Y120.9796 Z-4.7143 F800
G1 X73.3579 Y120.9570 Z-4.7143 F800
G1 X73.4432 Y120.5819 Z-4.7143 F800
G1 X73.4479 Y120.5596 Z-4.7143 F800
G1 X73.5242 Y120.1689 Z-4.7143 F800
G1 X73.5282 Y120.1469 Z-4.7143 F800
G1 X73.5951 Y119.7405 Z-4.7143 F800
G1 X73.5984 Y119.7189 Z-4.7143 F800
G1 X73.6554 Y119.2964 Z-4.7143 F800
G1 X73.6579 Y119.2752 Z-4.7143 F800
G1 X73.7044 Y118.8363 Z-4.7143 F800
G1 X73.7063 Y118.8155 Z-4.7143 F800
G1 X73.7419 Y118.3599 Z-4.7143 F800
G1 X73.7432 Y118.3396 Z-4.7143 F800
G1 X73.7671 Y117.8671 Z-4.7143 F800
G1 X73.7679 Y117.8473 Z-4.7143 F800
G1 X73.7798 Y117.3574 Z-4.7143 F800
G1 X73.7799 Y117.3253 Z-4.7143 F800
G1 X73.7685 Y116.7108 Z-4.7143 F800
G1 X73.7674 Y116.6829 Z-4.7143 F800
G1 X73.7206 Y115.8432 Z-4.7143 F800
G1 X73.7194 Y115.8253 Z-4.7143 F800
G1 X73.6351 Y114.7700 Z-4.7143 F800
G1 X73.6340 Y114.7566 Z-4.7143 F800
G1 X73.5105 Y113.4952 Z-4.7143 F800
G1 X73.5094 Y113.4841 Z-4.7143 F800
G1 X73.3448 Y112.0262 Z-4.7143 F800
G1 X73.3437 Y112.0165 Z-4.7143 F800
G1 X73.1362 Y110.3718 Z-4.7143 F800
G1 X73.1350 Y110.3628 Z-4.7143 F800
G1 X72.8826 Y108.5409 Z-4.7143 F800
G1 X72.8814 Y108.5323 Z-4.7143 F800
G1 X72.5823 Y106.5428 Z-4.7143 F800
G1 X72.5810 Y106.5345 Z-4.7143 F800
G1 X72.2333 Y104.3870 Z-4.7143 F800
G1 X72.2319 Y104.3787 Z-4.7143 F800
G1 X71.8338 Y102.0829 Z-4.7143 F800
G1 X71.8323 Y102.0746 Z-4.7143 F800
G1 X71.3817 Y99.6400 Z-4.7143 F800
G1 X71.3801 Y99.6316 Z-4.7143 F800
G1 X70.8754 Y97.0679 Z-4.7143 F800
G1 X70.8736 Y97.0593 Z-4.7143 F800
G1 X70.3127 Y94.3761 Z-4.7143 F800
G1 X70.3108 Y94.3673 Z-4.7143 F800
G1 X69.6919 Y91.5742 Z-4.7143 F800
G1 X69.6899 Y91.5651 Z-4.7143 F800
G1 X69.0111 Y88.6716 Z-4.7143 F800
G1 X69.0088 Y88.6623 Z-4.7143 F800
G1 X68.2683 Y85.6781 Z-4.7143 F800
G1 X68.2658 Y85.6685 Z-4.7143 F800
G1 X67.4617 Y82.6032 Z-4.7143 F800
G1 X67.4590 Y82.5932 Z-4.7143 F800
G1 X66.5893 Y79.4565 Z-4.7143 F800
G1 X66.5863 Y79.4460 Z-4.7143 F800
G1 X65.6493 Y76.2474 Z-4.7143 F800
G1 X65.6460 Y76.2365 Z-4.7143 F800
G1 X64.6397 Y72.9857 Z-4.7143 F800
G1 X64.6360 Y72.9743 Z-4.7143 F800
G1 X63.5586 Y69.6808 Z-4.7143 F800
G1 X63.5545 Y69.6689 Z-4.7143 F800
G1 X62.4041 Y66.3424 Z-4.7143 F800
G1 X62.3996 Y66.3299 Z-4.7143 F800
G1 X61.1742 Y62.9800 Z-4.7143 F800
G1 X61.1693 Y62.9669 Z-4.7143 F800
G1 X59.8671 Y59.6033 Z-4.7143 F800
G1 X59.8616 Y59.5895 Z-4.7143 F800
G1 X58.4808 Y56.2217 Z-4.7143 F800
G1 X58.4747 Y56.2072 Z-4.7143 F800
G1 X57.0134 Y52.8448 Z-4.7143 F800
G1 X57.0066 Y52.8297 Z-4.7143 F800
G1 X55.4628 Y49.4823 Z-4.7143 F800
G1 X55.4553 Y49.4664 Z-4.7143 F800
G1 X53.8272 Y46.1437 Z-4.7143 F800
G1 X53.8188 Y46.1270 Z-4.7143 F800
G1 X52.1046 Y42.8386 Z-4.7143 F800
G1 X52.0952 Y42.8211 Z-4.7143 F800
G1 X50.2929 Y39.5765 Z-4.7143 F800
G1 X50.2824 Y39.5582 Z-4.7143 F800
G1 X48.3902 Y36.3671 Z-4.7143 F800
G1 X48.3784 Y36.3479 Z-4.7143 F800
G1 X46.3944 Y33.2199 Z-4.7143 F800
G1 X46.3813 Y33.1999 Z-4.7143 F800
G1 X44.3036 Y30.1446 Z-4.7143 F800
G1 X44.2889 Y30.1238 Z-4.7143 F800
G1 X42.1157 Y27.1509 Z-4.7143 F800
G1 X42.0992 Y27.1292 Z-4.7143 F800
G1 X39.8286 Y24.2482 Z-4.7143 F800
G1 X39.8102 Y24.2259 Z-4.7143 F800
G1 X37.4403 Y21.4464 Z-4.7143 F800
G1 X37.4198 Y21.4234 Z-4.7143 F800
G1 X34.9487 Y18.7552 Z-4.7143 F800
G1 X34.9260 Y18.7317 Z-4.7143 F800
G1 X32.3518 Y16.1842 Z-4.7143 F800
G1 X32.3266 Y16.1604 Z-4.7143 F800
G1 X29.6474 Y13.7433 Z-4.7143 F800
G1 X29.6197 Y13.7195 Z-4.7143 F800
G1 X26.8337 Y11.4424 Z-4.7143 F800
G1 X26.8032 Y11.4188 Z-4.7143 F800
G1 X23.9085 Y9.2913 Z-4.7143 F800
G1 X23.8752 Y9.2682 Z-4.7143 F800
G1 X20.8700 Y7.3000 Z-4.7143 F800
G1 X20.8339 Y7.2778 Z-4.7143 F800
G1 X17.7162 Y5.4784 Z-4.7143 F800
G1 X17.6775 Y5.4576 Z-4.7143 F800
G1 X14.4455 Y3.8366 Z-4.7143 F800
G1 X14.4043 Y3.8175 Z-4.7143 F800
G1 X11.0560 Y2.3846 Z-4.7143 F800
G1 X11.0127 Y2.3677 Z-4.7143 F800
G1 X7.5463 Y1.1325 Z-4.7143 F800
G1 X7.5012 Y1.1180 Z-4.7143 F800
G1 X3.9148 Y0.0900 Z-4.7143 F800
G1 X3.8684 Y0.0783 Z-4.7143 F800
G1 X0.1602 Y-0.7327 Z-4.7143 F800
G0 Z5.000
( -- pass 6/14, Z=-5.6571 -- )
( eyebrow 1/2 )
G0 X67.9829 Y168.1164 Z5.0000
G1 Z-5.6571 F300
G1 X71.6911 Y167.3054 Z-5.6571 F800
G1 X71.7375 Y167.2937 Z-5.6571 F800
G1 X75.3239 Y166.2658 Z-5.6571 F800
G1 X75.3690 Y166.2513 Z-5.6571 F800
G1 X78.8354 Y165.0161 Z-5.6571 F800
G1 X78.8787 Y164.9991 Z-5.6571 F800
G1 X82.2270 Y163.5662 Z-5.6571 F800
G1 X82.2681 Y163.5471 Z-5.6571 F800
G1 X85.5002 Y161.9262 Z-5.6571 F800
G1 X85.5389 Y161.9053 Z-5.6571 F800
G1 X88.6566 Y160.1059 Z-5.6571 F800
G1 X88.6926 Y160.0838 Z-5.6571 F800
G1 X91.6979 Y158.1155 Z-5.6571 F800
G1 X91.7312 Y158.0924 Z-5.6571 F800
G1 X94.6259 Y155.9650 Z-5.6571 F800
G1 X94.6563 Y155.9413 Z-5.6571 F800
G1 X97.4423 Y153.6643 Z-5.6571 F800
G1 X97.4701 Y153.6404 Z-5.6571 F800
G1 X100.1493 Y151.2233 Z-5.6571 F800
G1 X100.1744 Y151.1995 Z-5.6571 F800
G1 X102.7487 Y148.6521 Z-5.6571 F800
G1 X102.7714 Y148.6286 Z-5.6571 F800
G1 X105.2425 Y145.9603 Z-5.6571 F800
G1 X105.2630 Y145.9373 Z-5.6571 F800
G1 X107.6329 Y143.1579 Z-5.6571 F800
G1 X107.6513 Y143.1355 Z-5.6571 F800
G1 X109.9219 Y140.2545 Z-5.6571 F800
G1 X109.9384 Y140.2329 Z-5.6571 F800
G1 X112.1116 Y137.2600 Z-5.6571 F800
G1 X112.1263 Y137.2391 Z-5.6571 F800
G1 X114.2040 Y134.1839 Z-5.6571 F800
G1 X114.2171 Y134.1638 Z-5.6571 F800
G1 X116.2011 Y131.0359 Z-5.6571 F800
G1 X116.2129 Y131.0167 Z-5.6571 F800
G1 X118.1051 Y127.8256 Z-5.6571 F800
G1 X118.1156 Y127.8073 Z-5.6571 F800
G1 X119.9178 Y124.5627 Z-5.6571 F800
G1 X119.9273 Y124.5452 Z-5.6571 F800
G1 X121.6415 Y121.2567 Z-5.6571 F800
G1 X121.6499 Y121.2400 Z-5.6571 F800
G1 X123.2780 Y117.9173 Z-5.6571 F800
G1 X123.2855 Y117.9014 Z-5.6571 F800
G1 X124.8293 Y114.5541 Z-5.6571 F800
G1 X124.8361 Y114.5389 Z-5.6571 F800
G1 X126.2974 Y111.1765 Z-5.6571 F800
G1 X126.3035 Y111.1621 Z-5.6571 F800
G1 X127.6843 Y107.7942 Z-5.6571 F800
G1 X127.6898 Y107.7805 Z-5.6571 F800
G1 X128.9920 Y104.4168 Z-5.6571 F800
G1 X128.9969 Y104.4037 Z-5.6571 F800
G1 X130.2223 Y101.0538 Z-5.6571 F800
G1 X130.2267 Y101.0413 Z-5.6571 F800
G1 X131.3772 Y97.7149 Z-5.6571 F800
G1 X131.3812 Y97.7029 Z-5.6571 F800
G1 X132.4587 Y94.4095 Z-5.6571 F800
G1 X132.4623 Y94.3981 Z-5.6571 F800
G1 X133.4687 Y91.1473 Z-5.6571 F800
G1 X133.4719 Y91.1363 Z-5.6571 F800
G1 X134.4090 Y87.9378 Z-5.6571 F800
G1 X134.4120 Y87.9273 Z-5.6571 F800
G1 X135.2817 Y84.7906 Z-5.6571 F800
G1 X135.2844 Y84.7805 Z-5.6571 F800
G1 X136.0885 Y81.7153 Z-5.6571 F800
G1 X136.0910 Y81.7056 Z-5.6571 F800
G1 X136.8315 Y78.7214 Z-5.6571 F800
G1 X136.8338 Y78.7121 Z-5.6571 F800
G1 X137.5125 Y75.8186 Z-5.6571 F800
G1 X137.5146 Y75.8096 Z-5.6571 F800
G1 X138.1335 Y73.0164 Z-5.6571 F800
G1 X138.1354 Y73.0076 Z-5.6571 F800
G1 X138.6963 Y70.3244 Z-5.6571 F800
G1 X138.6980 Y70.3158 Z-5.6571 F800
G1 X139.2028 Y67.7521 Z-5.6571 F800
G1 X139.2044 Y67.7437 Z-5.6571 F800
G1 X139.6550 Y65.3091 Z-5.6571 F800
G1 X139.6564 Y65.3008 Z-5.6571 F800
G1 X140.0546 Y63.0050 Z-5.6571 F800
G1 X140.0560 Y62.9967 Z-5.6571 F800
G1 X140.4037 Y60.8493 Z-5.6571 F800
G1 X140.4050 Y60.8409 Z-5.6571 F800
G1 X140.7041 Y58.8514 Z-5.6571 F800
G1 X140.7053 Y58.8428 Z-5.6571 F800
G1 X140.9577 Y57.0210 Z-5.6571 F800
G1 X140.9589 Y57.0120 Z-5.6571 F800
G1 X141.1664 Y55.3673 Z-5.6571 F800
G1 X141.1675 Y55.3575 Z-5.6571 F800
G1 X141.3320 Y53.8997 Z-5.6571 F800
G1 X141.3332 Y53.8886 Z-5.6571 F800
G1 X141.4566 Y52.6272 Z-5.6571 F800
G1 X141.4578 Y52.6138 Z-5.6571 F800
G1 X141.5420 Y51.5584 Z-5.6571 F800
G1 X141.5432 Y51.5405 Z-5.6571 F800
G1 X141.5901 Y50.7008 Z-5.6571 F800
G1 X141.5912 Y50.6729 Z-5.6571 F800
G1 X141.6026 Y50.0585 Z-5.6571 F800
G1 X141.6025 Y50.0263 Z-5.6571 F800
G1 X141.5906 Y49.5365 Z-5.6571 F800
G1 X141.5898 Y49.5167 Z-5.6571 F800
G1 X141.5658 Y49.0441 Z-5.6571 F800
G1 X141.5645 Y49.0238 Z-5.6571 F800
G1 X141.5290 Y48.5682 Z-5.6571 F800
G1 X141.5271 Y48.5475 Z-5.6571 F800
G1 X141.4806 Y48.1086 Z-5.6571 F800
G1 X141.4780 Y48.0874 Z-5.6571 F800
G1 X141.4211 Y47.6649 Z-5.6571 F800
G1 X141.4178 Y47.6432 Z-5.6571 F800
G1 X141.3509 Y47.2368 Z-5.6571 F800
G1 X141.3469 Y47.2148 Z-5.6571 F800
G1 X141.2706 Y46.8242 Z-5.6571 F800
G1 X141.2659 Y46.8019 Z-5.6571 F800
G1 X141.1806 Y46.4268 Z-5.6571 F800
G1 X141.1751 Y46.4042 Z-5.6571 F800
G1 X141.0815 Y46.0442 Z-5.6571 F800
G1 X141.0752 Y46.0215 Z-5.6571 F800
G1 X140.9738 Y45.6764 Z-5.6571 F800
G1 X140.9667 Y45.6536 Z-5.6571 F800
G1 X140.8580 Y45.3231 Z-5.6571 F800
G1 X140.8500 Y45.3002 Z-5.6571 F800
G1 X140.7345 Y44.9840 Z-5.6571 F800
G1 X140.7257 Y44.9611 Z-5.6571 F800
G1 X140.6040 Y44.6589 Z-5.6571 F800
G1 X140.5944 Y44.6361 Z-5.6571 F800
G1 X140.4669 Y44.3476 Z-5.6571 F800
G1 X140.4565 Y44.3250 Z-5.6571 F800
G1 X140.3239 Y44.0499 Z-5.6571 F800
G1 X140.3126 Y44.0275 Z-5.6571 F800
G1 X140.1753 Y43.7655 Z-5.6571 F800
G1 X140.1633 Y43.7434 Z-5.6571 F800
G1 X140.0220 Y43.4942 Z-5.6571 F800
G1 X140.0092 Y43.4726 Z-5.6571 F800
G1 X139.8642 Y43.2359 Z-5.6571 F800
G1 X139.8508 Y43.2148 Z-5.6571 F800
G1 X139.7028 Y42.9902 Z-5.6571 F800
G1 X139.6887 Y42.9696 Z-5.6571 F800
G1 X139.5382 Y42.7570 Z-5.6571 F800
G1 X139.5235 Y42.7370 Z-5.6571 F800
G1 X139.3710 Y42.5359 Z-5.6571 F800
G1 X139.3558 Y42.5166 Z-5.6571 F800
G1 X139.2018 Y42.3269 Z-5.6571 F800
G1 X139.1862 Y42.3083 Z-5.6571 F800
G1 X139.0312 Y42.1295 Z-5.6571 F800
G1 X139.0152 Y42.1116 Z-5.6571 F800
G1 X138.8599 Y41.9435 Z-5.6571 F800
G1 X138.8436 Y41.9264 Z-5.6571 F800
G1 X138.6883 Y41.7687 Z-5.6571 F800
G1 X138.6718 Y41.7524 Z-5.6571 F800
G1 X138.5172 Y41.6048 Z-5.6571 F800
G1 X138.5004 Y41.5893 Z-5.6571 F800
G1 X138.3470 Y41.4515 Z-5.6571 F800
G1 X138.3302 Y41.4368 Z-5.6571 F800
G1 X138.1784 Y41.3085 Z-5.6571 F800
G1 X138.1616 Y41.2946 Z-5.6571 F800
G1 X138.0121 Y41.1754 Z-5.6571 F800
G1 X137.9952 Y41.1624 Z-5.6571 F800
G1 X137.8485 Y41.0521 Z-5.6571 F800
G1 X137.8316 Y41.0398 Z-5.6571 F800
G1 X137.6882 Y40.9381 Z-5.6571 F800
G1 X137.6715 Y40.9266 Z-5.6571 F800
G1 X137.5319 Y40.8332 Z-5.6571 F800
G1 X137.5153 Y40.8224 Z-5.6571 F800
G1 X137.3801 Y40.7370 Z-5.6571 F800
G1 X137.3637 Y40.7269 Z-5.6571 F800
G1 X137.2333 Y40.6492 Z-5.6571 F800
G1 X137.2172 Y40.6398 Z-5.6571 F800
G1 X137.0922 Y40.5695 Z-5.6571 F800
G1 X137.0763 Y40.5608 Z-5.6571 F800
G1 X136.9573 Y40.4975 Z-5.6571 F800
G1 X136.9417 Y40.4895 Z-5.6571 F800
G1 X136.8292 Y40.4330 Z-5.6571 F800
G1 X136.8139 Y40.4255 Z-5.6571 F800
G1 X136.7083 Y40.3755 Z-5.6571 F800
G1 X136.6933 Y40.3686 Z-5.6571 F800
G1 X136.5954 Y40.3248 Z-5.6571 F800
G1 X136.5807 Y40.3184 Z-5.6571 F800
G1 X136.4908 Y40.2805 Z-5.6571 F800
G1 X136.4764 Y40.2747 Z-5.6571 F800
G1 X136.3951 Y40.2423 Z-5.6571 F800
G1 X136.3811 Y40.2369 Z-5.6571 F800
G1 X136.3089 Y40.2099 Z-5.6571 F800
G1 X136.2953 Y40.2049 Z-5.6571 F800
G1 X136.2328 Y40.1829 Z-5.6571 F800
G1 X136.2195 Y40.1783 Z-5.6571 F800
G1 X136.1672 Y40.1609 Z-5.6571 F800
G1 X136.1543 Y40.1568 Z-5.6571 F800
G1 X136.1127 Y40.1438 Z-5.6571 F800
G1 X136.1002 Y40.1400 Z-5.6571 F800
G1 X136.0698 Y40.1311 Z-5.6571 F800
G1 X136.0578 Y40.1277 Z-5.6571 F800
G1 X136.0411 Y40.1231 Z-5.6571 F800
G1 X92.9343 Y26.8136 Z-5.6571 F800
G1 X92.8619 Y26.7951 Z-5.6571 F800
G1 X92.7880 Y26.7839 Z-5.6571 F800
G1 X92.7134 Y26.7802 Z-5.6571 F800
G1 X92.6388 Y26.7839 Z-5.6571 F800
G1 X92.5649 Y26.7949 Z-5.6571 F800
G1 X92.4925 Y26.8133 Z-5.6571 F800
G1 X92.4223 Y26.8388 Z-5.6571 F800
G1 X92.3549 Y26.8712 Z-5.6571 F800
G1 X92.2911 Y26.9101 Z-5.6571 F800
G1 X92.2315 Y26.9551 Z-5.6571 F800
G1 X92.1767 Y27.0059 Z-5.6571 F800
G1 X92.1272 Y27.0618 Z-5.6571 F800
G1 X92.0835 Y27.1225 Z-5.6571 F800
G1 X92.0461 Y27.1871 Z-5.6571 F800
G1 X92.0153 Y27.2552 Z-5.6571 F800
G1 X91.9914 Y27.3259 Z-5.6571 F800
G1 X91.9746 Y27.3988 Z-5.6571 F800
G1 X67.0843 Y167.2523 Z-5.6571 F800
G1 X67.0750 Y167.3253 Z-5.6571 F800
G1 X67.0728 Y167.3988 Z-5.6571 F800
G1 X67.0779 Y167.4722 Z-5.6571 F800
G1 X67.0902 Y167.5447 Z-5.6571 F800
G1 X67.1095 Y167.6157 Z-5.6571 F800
G1 X67.1356 Y167.6845 Z-5.6571 F800
G1 X67.1684 Y167.7503 Z-5.6571 F800
G1 X67.2074 Y167.8126 Z-5.6571 F800
G1 X67.2524 Y167.8708 Z-5.6571 F800
G1 X67.3029 Y167.9244 Z-5.6571 F800
G1 X67.3583 Y167.9727 Z-5.6571 F800
G1 X67.4182 Y168.0153 Z-5.6571 F800
G1 X67.4820 Y168.0519 Z-5.6571 F800
G1 X67.5491 Y168.0821 Z-5.6571 F800
G1 X67.6189 Y168.1055 Z-5.6571 F800
G1 X67.6905 Y168.1220 Z-5.6571 F800
G1 X67.7635 Y168.1314 Z-5.6571 F800
G1 X67.8370 Y168.1336 Z-5.6571 F800
G1 X67.9104 Y168.1286 Z-5.6571 F800
G1 X67.9829 Y168.1164 Z-5.6571 F800
G0 Z5.000
( eyebrow 2/2 )
G0 X0.1602 Y-0.7327 Z5.0000
G1 Z-5.6571 F300
G1 X0.0877 Y-0.7449 Z-5.6571 F800
G1 X0.0143 Y-0.7499 Z-5.6571 F800
G1 X-0.0592 Y-0.7477 Z-5.6571 F800
G1 X-0.1322 Y-0.7383 Z-5.6571 F800
G1 X-0.2038 Y-0.7218 Z-5.6571 F800
G1 X-0.2736 Y-0.6983 Z-5.6571 F800
G1 X-0.3406 Y-0.6682 Z-5.6571 F800
G1 X-0.4045 Y-0.6316 Z-5.6571 F800
G1 X-0.4644 Y-0.5889 Z-5.6571 F800
G1 X-0.5198 Y-0.5406 Z-5.6571 F800
G1 X-0.5703 Y-0.4871 Z-5.6571 F800
G1 X-0.6153 Y-0.4289 Z-5.6571 F800
G1 X-0.6543 Y-0.3666 Z-5.6571 F800
G1 X-0.6871 Y-0.3007 Z-5.6571 F800
G1 X-0.7132 Y-0.2320 Z-5.6571 F800
G1 X-0.7325 Y-0.1610 Z-5.6571 F800
G1 X-0.7448 Y-0.0884 Z-5.6571 F800
G1 X-0.7498 Y-0.0151 Z-5.6571 F800
G1 X-0.7477 Y0.0585 Z-5.6571 F800
G1 X-0.7384 Y0.1314 Z-5.6571 F800
G1 X24.1519 Y139.9850 Z-5.6571 F800
G1 X24.1687 Y140.0578 Z-5.6571 F800
G1 X24.1926 Y140.1286 Z-5.6571 F800
G1 X24.2234 Y140.1966 Z-5.6571 F800
G1 X24.2608 Y140.2613 Z-5.6571 F800
G1 X24.3045 Y140.3219 Z-5.6571 F800
G1 X24.3540 Y140.3779 Z-5.6571 F800
G1 X24.4089 Y140.4286 Z-5.6571 F800
G1 X24.4685 Y140.4737 Z-5.6571 F800
G1 X24.5322 Y140.5126 Z-5.6571 F800
G1 X24.5996 Y140.5449 Z-5.6571 F800
G1 X24.6698 Y140.5704 Z-5.6571 F800
G1 X24.7422 Y140.5888 Z-5.6571 F800
G1 X24.8161 Y140.5999 Z-5.6571 F800
G1 X24.8907 Y140.6036 Z-5.6571 F800
G1 X24.9653 Y140.5998 Z-5.6571 F800
G1 X25.0392 Y140.5887 Z-5.6571 F800
G1 X25.1116 Y140.5702 Z-5.6571 F800
G1 X68.2184 Y127.2606 Z-5.6571 F800
G1 X68.2351 Y127.2560 Z-5.6571 F800
G1 X68.2471 Y127.2526 Z-5.6571 F800
G1 X68.2775 Y127.2437 Z-5.6571 F800
G1 X68.2900 Y127.2399 Z-5.6571 F800
G1 X68.3316 Y127.2269 Z-5.6571 F800
G1 X68.3445 Y127.2228 Z-5.6571 F800
G1 X68.3969 Y127.2054 Z-5.6571 F800
G1 X68.4101 Y127.2009 Z-5.6571 F800
G1 X68.4727 Y127.1788 Z-5.6571 F800
G1 X68.4863 Y127.1739 Z-5.6571 F800
G1 X68.5585 Y127.1468 Z-5.6571 F800
G1 X68.5724 Y127.1414 Z-5.6571 F800
G1 X68.6538 Y127.1091 Z-5.6571 F800
G1 X68.6681 Y127.1032 Z-5.6571 F800
G1 X68.7580 Y127.0653 Z-5.6571 F800
G1 X68.7727 Y127.0589 Z-5.6571 F800
G1 X68.8707 Y127.0151 Z-5.6571 F800
G1 X68.8857 Y127.0082 Z-5.6571 F800
G1 X68.9912 Y126.9582 Z-5.6571 F800
G1 X69.0065 Y126.9508 Z-5.6571 F800
G1 X69.1190 Y126.8943 Z-5.6571 F800
G1 X69.1346 Y126.8862 Z-5.6571 F800
G1 X69.2536 Y126.8230 Z-5.6571 F800
G1 X69.2695 Y126.8143 Z-5.6571 F800
G1 X69.3945 Y126.7439 Z-5.6571 F800
G1 X69.4106 Y126.7345 Z-5.6571 F800
G1 X69.5410 Y126.6568 Z-5.6571 F800
G1 X69.5574 Y126.6468 Z-5.6571 F800
G1 X69.6926 Y126.5613 Z-5.6571 F800
G1 X69.7092 Y126.5506 Z-5.6571 F800
G1 X69.8488 Y126.4572 Z-5.6571 F800
G1 X69.8655 Y126.4456 Z-5.6571 F800
G1 X70.0089 Y126.3439 Z-5.6571 F800
G1 X70.0258 Y126.3317 Z-5.6571 F800
G1 X70.1725 Y126.2214 Z-5.6571 F800
G1 X70.1894 Y126.2083 Z-5.6571 F800
G1 X70.3389 Y126.0891 Z-5.6571 F800
G1 X70.3558 Y126.0753 Z-5.6571 F800
G1 X70.5075 Y125.9469 Z-5.6571 F800
G1 X70.5243 Y125.9323 Z-5.6571 F800
G1 X70.6778 Y125.7944 Z-5.6571 F800
G1 X70.6945 Y125.7789 Z-5.6571 F800
G1 X70.8491 Y125.6313 Z-5.6571 F800
G1 X70.8656 Y125.6150 Z-5.6571 F800
G1 X71.0209 Y125.4573 Z-5.6571 F800
G1 X71.0372 Y125.4402 Z-5.6571 F800
G1 X71.1926 Y125.2721 Z-5.6571 F800
G1 X71.2085 Y125.2543 Z-5.6571 F800
G1 X71.3635 Y125.0755 Z-5.6571 F800
G1 X71.3791 Y125.0569 Z-5.6571 F800
G1 X71.5331 Y124.8671 Z-5.6571 F800
G1 X71.5483 Y124.8478 Z-5.6571 F800
G1 X71.7008 Y124.6467 Z-5.6571 F800
G1 X71.7155 Y124.6268 Z-5.6571 F800
G1 X71.8660 Y124.4141 Z-5.6571 F800
G1 X71.8801 Y124.3935 Z-5.6571 F800
G1 X72.0281 Y124.1690 Z-5.6571 F800
G1 X72.0416 Y124.1479 Z-5.6571 F800
G1 X72.1865 Y123.9111 Z-5.6571 F800
G1 X72.1993 Y123.8895 Z-5.6571 F800
G1 X72.3407 Y123.6403 Z-5.6571 F800
G1 X72.3527 Y123.6183 Z-5.6571 F800
G1 X72.4899 Y123.3563 Z-5.6571 F800
G1 X72.5012 Y123.3339 Z-5.6571 F800
G1 X72.6338 Y123.0588 Z-5.6571 F800
G1 X72.6442 Y123.0362 Z-5.6571 F800
G1 X72.7717 Y122.7477 Z-5.6571 F800
G1 X72.7813 Y122.7249 Z-5.6571 F800
G1 X72.9030 Y122.4227 Z-5.6571 F800
G1 X72.9118 Y122.3998 Z-5.6571 F800
G1 X73.0273 Y122.0836 Z-5.6571 F800
G1 X73.0353 Y122.0607 Z-5.6571 F800
G1 X73.1440 Y121.7302 Z-5.6571 F800
G1 X73.1511 Y121.7073 Z-5.6571 F800
G1 X73.2525 Y121.3623 Z-5.6571 F800
G1 X73.2588 Y121.3395 Z-5.6571 F800
G1 X73.3524 Y120.9796 Z-5.6571 F800
G1 X73.3579 Y120.9570 Z-5.6571 F800
G1 X73.4432 Y120.5819 Z-5.6571 F800
G1 X73.4479 Y120.5596 Z-5.6571 F800
G1 X73.5242 Y120.1689 Z-5.6571 F800
G1 X73.5282 Y120.1469 Z-5.6571 F800
G1 X73.5951 Y119.7405 Z-5.6571 F800
G1 X73.5984 Y119.7189 Z-5.6571 F800
G1 X73.6554 Y119.2964 Z-5.6571 F800
G1 X73.6579 Y119.2752 Z-5.6571 F800
G1 X73.7044 Y118.8363 Z-5.6571 F800
G1 X73.7063 Y118.8155 Z-5.6571 F800
G1 X73.7419 Y118.3599 Z-5.6571 F800
G1 X73.7432 Y118.3396 Z-5.6571 F800
G1 X73.7671 Y117.8671 Z-5.6571 F800
G1 X73.7679 Y117.8473 Z-5.6571 F800
G1 X73.7798 Y117.3574 Z-5.6571 F800
G1 X73.7799 Y117.3253 Z-5.6571 F800
G1 X73.7685 Y116.7108 Z-5.6571 F800
G1 X73.7674 Y116.6829 Z-5.6571 F800
G1 X73.7206 Y115.8432 Z-5.6571 F800
G1 X73.7194 Y115.8253 Z-5.6571 F800
G1 X73.6351 Y114.7700 Z-5.6571 F800
G1 X73.6340 Y114.7566 Z-5.6571 F800
G1 X73.5105 Y113.4952 Z-5.6571 F800
G1 X73.5094 Y113.4841 Z-5.6571 F800
G1 X73.3448 Y112.0262 Z-5.6571 F800
G1 X73.3437 Y112.0165 Z-5.6571 F800
G1 X73.1362 Y110.3718 Z-5.6571 F800
G1 X73.1350 Y110.3628 Z-5.6571 F800
G1 X72.8826 Y108.5409 Z-5.6571 F800
G1 X72.8814 Y108.5323 Z-5.6571 F800
G1 X72.5823 Y106.5428 Z-5.6571 F800
G1 X72.5810 Y106.5345 Z-5.6571 F800
G1 X72.2333 Y104.3870 Z-5.6571 F800
G1 X72.2319 Y104.3787 Z-5.6571 F800
G1 X71.8338 Y102.0829 Z-5.6571 F800
G1 X71.8323 Y102.0746 Z-5.6571 F800
G1 X71.3817 Y99.6400 Z-5.6571 F800
G1 X71.3801 Y99.6316 Z-5.6571 F800
G1 X70.8754 Y97.0679 Z-5.6571 F800
G1 X70.8736 Y97.0593 Z-5.6571 F800
G1 X70.3127 Y94.3761 Z-5.6571 F800
G1 X70.3108 Y94.3673 Z-5.6571 F800
G1 X69.6919 Y91.5742 Z-5.6571 F800
G1 X69.6899 Y91.5651 Z-5.6571 F800
G1 X69.0111 Y88.6716 Z-5.6571 F800
G1 X69.0088 Y88.6623 Z-5.6571 F800
G1 X68.2683 Y85.6781 Z-5.6571 F800
G1 X68.2658 Y85.6685 Z-5.6571 F800
G1 X67.4617 Y82.6032 Z-5.6571 F800
G1 X67.4590 Y82.5932 Z-5.6571 F800
G1 X66.5893 Y79.4565 Z-5.6571 F800
G1 X66.5863 Y79.4460 Z-5.6571 F800
G1 X65.6493 Y76.2474 Z-5.6571 F800
G1 X65.6460 Y76.2365 Z-5.6571 F800
G1 X64.6397 Y72.9857 Z-5.6571 F800
G1 X64.6360 Y72.9743 Z-5.6571 F800
G1 X63.5586 Y69.6808 Z-5.6571 F800
G1 X63.5545 Y69.6689 Z-5.6571 F800
G1 X62.4041 Y66.3424 Z-5.6571 F800
G1 X62.3996 Y66.3299 Z-5.6571 F800
G1 X61.1742 Y62.9800 Z-5.6571 F800
G1 X61.1693 Y62.9669 Z-5.6571 F800
G1 X59.8671 Y59.6033 Z-5.6571 F800
G1 X59.8616 Y59.5895 Z-5.6571 F800
G1 X58.4808 Y56.2217 Z-5.6571 F800
G1 X58.4747 Y56.2072 Z-5.6571 F800
G1 X57.0134 Y52.8448 Z-5.6571 F800
G1 X57.0066 Y52.8297 Z-5.6571 F800
G1 X55.4628 Y49.4823 Z-5.6571 F800
G1 X55.4553 Y49.4664 Z-5.6571 F800
G1 X53.8272 Y46.1437 Z-5.6571 F800
G1 X53.8188 Y46.1270 Z-5.6571 F800
G1 X52.1046 Y42.8386 Z-5.6571 F800
G1 X52.0952 Y42.8211 Z-5.6571 F800
G1 X50.2929 Y39.5765 Z-5.6571 F800
G1 X50.2824 Y39.5582 Z-5.6571 F800
G1 X48.3902 Y36.3671 Z-5.6571 F800
G1 X48.3784 Y36.3479 Z-5.6571 F800
G1 X46.3944 Y33.2199 Z-5.6571 F800
G1 X46.3813 Y33.1999 Z-5.6571 F800
G1 X44.3036 Y30.1446 Z-5.6571 F800
G1 X44.2889 Y30.1238 Z-5.6571 F800
G1 X42.1157 Y27.1509 Z-5.6571 F800
G1 X42.0992 Y27.1292 Z-5.6571 F800
G1 X39.8286 Y24.2482 Z-5.6571 F800
G1 X39.8102 Y24.2259 Z-5.6571 F800
G1 X37.4403 Y21.4464 Z-5.6571 F800
G1 X37.4198 Y21.4234 Z-5.6571 F800
G1 X34.9487 Y18.7552 Z-5.6571 F800
G1 X34.9260 Y18.7317 Z-5.6571 F800
G1 X32.3518 Y16.1842 Z-5.6571 F800
G1 X32.3266 Y16.1604 Z-5.6571 F800
G1 X29.6474 Y13.7433 Z-5.6571 F800
G1 X29.6197 Y13.7195 Z-5.6571 F800
G1 X26.8337 Y11.4424 Z-5.6571 F800
G1 X26.8032 Y11.4188 Z-5.6571 F800
G1 X23.9085 Y9.2913 Z-5.6571 F800
G1 X23.8752 Y9.2682 Z-5.6571 F800
G1 X20.8700 Y7.3000 Z-5.6571 F800
G1 X20.8339 Y7.2778 Z-5.6571 F800
G1 X17.7162 Y5.4784 Z-5.6571 F800
G1 X17.6775 Y5.4576 Z-5.6571 F800
G1 X14.4455 Y3.8366 Z-5.6571 F800
G1 X14.4043 Y3.8175 Z-5.6571 F800
G1 X11.0560 Y2.3846 Z-5.6571 F800
G1 X11.0127 Y2.3677 Z-5.6571 F800
G1 X7.5463 Y1.1325 Z-5.6571 F800
G1 X7.5012 Y1.1180 Z-5.6571 F800
G1 X3.9148 Y0.0900 Z-5.6571 F800
G1 X3.8684 Y0.0783 Z-5.6571 F800
G1 X0.1602 Y-0.7327 Z-5.6571 F800
G0 Z5.000
( -- pass 7/14, Z=-6.6000 -- )
( eyebrow 1/2 )
G0 X67.9829 Y168.1164 Z5.0000
G1 Z-6.6000 F300
G1 X71.6911 Y167.3054 Z-6.6000 F800
G1 X71.7375 Y167.2937 Z-6.6000 F800
G1 X75.3239 Y166.2658 Z-6.6000 F800
G1 X75.3690 Y166.2513 Z-6.6000 F800
G1 X78.8354 Y165.0161 Z-6.6000 F800
G1 X78.8787 Y164.9991 Z-6.6000 F800
G1 X82.2270 Y163.5662 Z-6.6000 F800
G1 X82.2681 Y163.5471 Z-6.6000 F800
G1 X85.5002 Y161.9262 Z-6.6000 F800
G1 X85.5389 Y161.9053 Z-6.6000 F800
G1 X88.6566 Y160.1059 Z-6.6000 F800
G1 X88.6926 Y160.0838 Z-6.6000 F800
G1 X91.6979 Y158.1155 Z-6.6000 F800
G1 X91.7312 Y158.0924 Z-6.6000 F800
G1 X94.6259 Y155.9650 Z-6.6000 F800
G1 X94.6563 Y155.9413 Z-6.6000 F800
G1 X97.4423 Y153.6643 Z-6.6000 F800
G1 X97.4701 Y153.6404 Z-6.6000 F800
G1 X100.1493 Y151.2233 Z-6.6000 F800
G1 X100.1744 Y151.1995 Z-6.6000 F800
G1 X102.7487 Y148.6521 Z-6.6000 F800
G1 X102.7714 Y148.6286 Z-6.6000 F800
G1 X105.2425 Y145.9603 Z-6.6000 F800
G1 X105.2630 Y145.9373 Z-6.6000 F800
G1 X107.6329 Y143.1579 Z-6.6000 F800
G1 X107.6513 Y143.1355 Z-6.6000 F800
G1 X109.9219 Y140.2545 Z-6.6000 F800
G1 X109.9384 Y140.2329 Z-6.6000 F800
G1 X112.1116 Y137.2600 Z-6.6000 F800
G1 X112.1263 Y137.2391 Z-6.6000 F800
G1 X114.2040 Y134.1839 Z-6.6000 F800
G1 X114.2171 Y134.1638 Z-6.6000 F800
G1 X116.2011 Y131.0359 Z-6.6000 F800
G1 X116.2129 Y131.0167 Z-6.6000 F800
G1 X118.1051 Y127.8256 Z-6.6000 F800
G1 X118.1156 Y127.8073 Z-6.6000 F800
G1 X119.9178 Y124.5627 Z-6.6000 F800
G1 X119.9273 Y124.5452 Z-6.6000 F800
G1 X121.6415 Y121.2567 Z-6.6000 F800
G1 X121.6499 Y121.2400 Z-6.6000 F800
G1 X123.2780 Y117.9173 Z-6.6000 F800
G1 X123.2855 Y117.9014 Z-6.6000 F800
G1 X124.8293 Y114.5541 Z-6.6000 F800
G1 X124.8361 Y114.5389 Z-6.6000 F800
G1 X126.2974 Y111.1765 Z-6.6000 F800
G1 X126.3035 Y111.1621 Z-6.6000 F800
G1 X127.6843 Y107.7942 Z-6.6000 F800
G1 X127.6898 Y107.7805 Z-6.6000 F800
G1 X128.9920 Y104.4168 Z-6.6000 F800
G1 X128.9969 Y104.4037 Z-6.6000 F800
G1 X130.2223 Y101.0538 Z-6.6000 F800
G1 X130.2267 Y101.0413 Z-6.6000 F800
G1 X131.3772 Y97.7149 Z-6.6000 F800
G1 X131.3812 Y97.7029 Z-6.6000 F800
G1 X132.4587 Y94.4095 Z-6.6000 F800
G1 X132.4623 Y94.3981 Z-6.6000 F800
G1 X133.4687 Y91.1473 Z-6.6000 F800
G1 X133.4719 Y91.1363 Z-6.6000 F800
G1 X134.4090 Y87.9378 Z-6.6000 F800
G1 X134.4120 Y87.9273 Z-6.6000 F800
G1 X135.2817 Y84.7906 Z-6.6000 F800
G1 X135.2844 Y84.7805 Z-6.6000 F800
G1 X136.0885 Y81.7153 Z-6.6000 F800
G1 X136.0910 Y81.7056 Z-6.6000 F800
G1 X136.8315 Y78.7214 Z-6.6000 F800
G1 X136.8338 Y78.7121 Z-6.6000 F800
G1 X137.5125 Y75.8186 Z-6.6000 F800
G1 X137.5146 Y75.8096 Z-6.6000 F800
G1 X138.1335 Y73.0164 Z-6.6000 F800
G1 X138.1354 Y73.0076 Z-6.6000 F800
G1 X138.6963 Y70.3244 Z-6.6000 F800
G1 X138.6980 Y70.3158 Z-6.6000 F800
G1 X139.2028 Y67.7521 Z-6.6000 F800
G1 X139.2044 Y67.7437 Z-6.6000 F800
G1 X139.6550 Y65.3091 Z-6.6000 F800
G1 X139.6564 Y65.3008 Z-6.6000 F800
G1 X140.0546 Y63.0050 Z-6.6000 F800
G1 X140.0560 Y62.9967 Z-6.6000 F800
G1 X140.4037 Y60.8493 Z-6.6000 F800
G1 X140.4050 Y60.8409 Z-6.6000 F800
G1 X140.7041 Y58.8514 Z-6.6000 F800
G1 X140.7053 Y58.8428 Z-6.6000 F800
G1 X140.9577 Y57.0210 Z-6.6000 F800
G1 X140.9589 Y57.0120 Z-6.6000 F800
G1 X141.1664 Y55.3673 Z-6.6000 F800
G1 X141.1675 Y55.3575 Z-6.6000 F800
G1 X141.3320 Y53.8997 Z-6.6000 F800
G1 X141.3332 Y53.8886 Z-6.6000 F800
G1 X141.4566 Y52.6272 Z-6.6000 F800
G1 X141.4578 Y52.6138 Z-6.6000 F800
G1 X141.5420 Y51.5584 Z-6.6000 F800
G1 X141.5432 Y51.5405 Z-6.6000 F800
G1 X141.5901 Y50.7008 Z-6.6000 F800
G1 X141.5912 Y50.6729 Z-6.6000 F800
G1 X141.6026 Y50.0585 Z-6.6000 F800
G1 X141.6025 Y50.0263 Z-6.6000 F800
G1 X141.5906 Y49.5365 Z-6.6000 F800
G1 X141.5898 Y49.5167 Z-6.6000 F800
G1 X141.5658 Y49.0441 Z-6.6000 F800
G1 X141.5645 Y49.0238 Z-6.6000 F800
G1 X141.5290 Y48.5682 Z-6.6000 F800
G1 X141.5271 Y48.5475 Z-6.6000 F800
G1 X141.4806 Y48.1086 Z-6.6000 F800
G1 X141.4780 Y48.0874 Z-6.6000 F800
G1 X141.4211 Y47.6649 Z-6.6000 F800
G1 X141.4178 Y47.6432 Z-6.6000 F800
G1 X141.3509 Y47.2368 Z-6.6000 F800
G1 X141.3469 Y47.2148 Z-6.6000 F800
G1 X141.2706 Y46.8242 Z-6.6000 F800
G1 X141.2659 Y46.8019 Z-6.6000 F800
G1 X141.1806 Y46.4268 Z-6.6000 F800
G1 X141.1751 Y46.4042 Z-6.6000 F800
G1 X141.0815 Y46.0442 Z-6.6000 F800
G1 X141.0752 Y46.0215 Z-6.6000 F800
G1 X140.9738 Y45.6764 Z-6.6000 F800
G1 X140.9667 Y45.6536 Z-6.6000 F800
G1 X140.8580 Y45.3231 Z-6.6000 F800
G1 X140.8500 Y45.3002 Z-6.6000 F800
G1 X140.7345 Y44.9840 Z-6.6000 F800
G1 X140.7257 Y44.9611 Z-6.6000 F800
G1 X140.6040 Y44.6589 Z-6.6000 F800
G1 X140.5944 Y44.6361 Z-6.6000 F800
G1 X140.4669 Y44.3476 Z-6.6000 F800
G1 X140.4565 Y44.3250 Z-6.6000 F800
G1 X140.3239 Y44.0499 Z-6.6000 F800
G1 X140.3126 Y44.0275 Z-6.6000 F800
G1 X140.1753 Y43.7655 Z-6.6000 F800
G1 X140.1633 Y43.7434 Z-6.6000 F800
G1 X140.0220 Y43.4942 Z-6.6000 F800
G1 X140.0092 Y43.4726 Z-6.6000 F800
G1 X139.8642 Y43.2359 Z-6.6000 F800
G1 X139.8508 Y43.2148 Z-6.6000 F800
G1 X139.7028 Y42.9902 Z-6.6000 F800
G1 X139.6887 Y42.9696 Z-6.6000 F800
G1 X139.5382 Y42.7570 Z-6.6000 F800
G1 X139.5235 Y42.7370 Z-6.6000 F800
G1 X139.3710 Y42.5359 Z-6.6000 F800
G1 X139.3558 Y42.5166 Z-6.6000 F800
G1 X139.2018 Y42.3269 Z-6.6000 F800
G1 X139.1862 Y42.3083 Z-6.6000 F800
G1 X139.0312 Y42.1295 Z-6.6000 F800
G1 X139.0152 Y42.1116 Z-6.6000 F800
G1 X138.8599 Y41.9435 Z-6.6000 F800
G1 X138.8436 Y41.9264 Z-6.6000 F800
G1 X138.6883 Y41.7687 Z-6.6000 F800
G1 X138.6718 Y41.7524 Z-6.6000 F800
G1 X138.5172 Y41.6048 Z-6.6000 F800
G1 X138.5004 Y41.5893 Z-6.6000 F800
G1 X138.3470 Y41.4515 Z-6.6000 F800
G1 X138.3302 Y41.4368 Z-6.6000 F800
G1 X138.1784 Y41.3085 Z-6.6000 F800
G1 X138.1616 Y41.2946 Z-6.6000 F800
G1 X138.0121 Y41.1754 Z-6.6000 F800
G1 X137.9952 Y41.1624 Z-6.6000 F800
G1 X137.8485 Y41.0521 Z-6.6000 F800
G1 X137.8316 Y41.0398 Z-6.6000 F800
G1 X137.6882 Y40.9381 Z-6.6000 F800
G1 X137.6715 Y40.9266 Z-6.6000 F800
G1 X137.5319 Y40.8332 Z-6.6000 F800
G1 X137.5153 Y40.8224 Z-6.6000 F800
G1 X137.3801 Y40.7370 Z-6.6000 F800
G1 X137.3637 Y40.7269 Z-6.6000 F800
G1 X137.2333 Y40.6492 Z-6.6000 F800
G1 X137.2172 Y40.6398 Z-6.6000 F800
G1 X137.0922 Y40.5695 Z-6.6000 F800
G1 X137.0763 Y40.5608 Z-6.6000 F800
G1 X136.9573 Y40.4975 Z-6.6000 F800
G1 X136.9417 Y40.4895 Z-6.6000 F800
G1 X136.8292 Y40.4330 Z-6.6000 F800
G1 X136.8139 Y40.4255 Z-6.6000 F800
G1 X136.7083 Y40.3755 Z-6.6000 F800
G1 X136.6933 Y40.3686 Z-6.6000 F800
G1 X136.5954 Y40.3248 Z-6.6000 F800
G1 X136.5807 Y40.3184 Z-6.6000 F800
G1 X136.4908 Y40.2805 Z-6.6000 F800
G1 X136.4764 Y40.2747 Z-6.6000 F800
G1 X136.3951 Y40.2423 Z-6.6000 F800
G1 X136.3811 Y40.2369 Z-6.6000 F800
G1 X136.3089 Y40.2099 Z-6.6000 F800
G1 X136.2953 Y40.2049 Z-6.6000 F800
G1 X136.2328 Y40.1829 Z-6.6000 F800
G1 X136.2195 Y40.1783 Z-6.6000 F800
G1 X136.1672 Y40.1609 Z-6.6000 F800
G1 X136.1543 Y40.1568 Z-6.6000 F800
G1 X136.1127 Y40.1438 Z-6.6000 F800
G1 X136.1002 Y40.1400 Z-6.6000 F800
G1 X136.0698 Y40.1311 Z-6.6000 F800
G1 X136.0578 Y40.1277 Z-6.6000 F800
G1 X136.0411 Y40.1231 Z-6.6000 F800
G1 X92.9343 Y26.8136 Z-6.6000 F800
G1 X92.8619 Y26.7951 Z-6.6000 F800
G1 X92.7880 Y26.7839 Z-6.6000 F800
G1 X92.7134 Y26.7802 Z-6.6000 F800
G1 X92.6388 Y26.7839 Z-6.6000 F800
G1 X92.5649 Y26.7949 Z-6.6000 F800
G1 X92.4925 Y26.8133 Z-6.6000 F800
G1 X92.4223 Y26.8388 Z-6.6000 F800
G1 X92.3549 Y26.8712 Z-6.6000 F800
G1 X92.2911 Y26.9101 Z-6.6000 F800
G1 X92.2315 Y26.9551 Z-6.6000 F800
G1 X92.1767 Y27.0059 Z-6.6000 F800
G1 X92.1272 Y27.0618 Z-6.6000 F800
G1 X92.0835 Y27.1225 Z-6.6000 F800
G1 X92.0461 Y27.1871 Z-6.6000 F800
G1 X92.0153 Y27.2552 Z-6.6000 F800
G1 X91.9914 Y27.3259 Z-6.6000 F800
G1 X91.9746 Y27.3988 Z-6.6000 F800
G1 X67.0843 Y167.2523 Z-6.6000 F800
G1 X67.0750 Y167.3253 Z-6.6000 F800
G1 X67.0728 Y167.3988 Z-6.6000 F800
G1 X67.0779 Y167.4722 Z-6.6000 F800
G1 X67.0902 Y167.5447 Z-6.6000 F800
G1 X67.1095 Y167.6157 Z-6.6000 F800
G1 X67.1356 Y167.6845 Z-6.6000 F800
G1 X67.1684 Y167.7503 Z-6.6000 F800
G1 X67.2074 Y167.8126 Z-6.6000 F800
G1 X67.2524 Y167.8708 Z-6.6000 F800
G1 X67.3029 Y167.9244 Z-6.6000 F800
G1 X67.3583 Y167.9727 Z-6.6000 F800
G1 X67.4182 Y168.0153 Z-6.6000 F800
G1 X67.4820 Y168.0519 Z-6.6000 F800
G1 X67.5491 Y168.0821 Z-6.6000 F800
G1 X67.6189 Y168.1055 Z-6.6000 F800
G1 X67.6905 Y168.1220 Z-6.6000 F800
G1 X67.7635 Y168.1314 Z-6.6000 F800
G1 X67.8370 Y168.1336 Z-6.6000 F800
G1 X67.9104 Y168.1286 Z-6.6000 F800
G1 X67.9829 Y168.1164 Z-6.6000 F800
G0 Z5.000
( eyebrow 2/2 )
G0 X0.1602 Y-0.7327 Z5.0000
G1 Z-6.6000 F300
G1 X0.0877 Y-0.7449 Z-6.6000 F800
G1 X0.0143 Y-0.7499 Z-6.6000 F800
G1 X-0.0592 Y-0.7477 Z-6.6000 F800
G1 X-0.1322 Y-0.7383 Z-6.6000 F800
G1 X-0.2038 Y-0.7218 Z-6.6000 F800
G1 X-0.2736 Y-0.6983 Z-6.6000 F800
G1 X-0.3406 Y-0.6682 Z-6.6000 F800
G1 X-0.4045 Y-0.6316 Z-6.6000 F800
G1 X-0.4644 Y-0.5889 Z-6.6000 F800
G1 X-0.5198 Y-0.5406 Z-6.6000 F800
G1 X-0.5703 Y-0.4871 Z-6.6000 F800
G1 X-0.6153 Y-0.4289 Z-6.6000 F800
G1 X-0.6543 Y-0.3666 Z-6.6000 F800
G1 X-0.6871 Y-0.3007 Z-6.6000 F800
G1 X-0.7132 Y-0.2320 Z-6.6000 F800
G1 X-0.7325 Y-0.1610 Z-6.6000 F800
G1 X-0.7448 Y-0.0884 Z-6.6000 F800
G1 X-0.7498 Y-0.0151 Z-6.6000 F800
G1 X-0.7477 Y0.0585 Z-6.6000 F800
G1 X-0.7384 Y0.1314 Z-6.6000 F800
G1 X24.1519 Y139.9850 Z-6.6000 F800
G1 X24.1687 Y140.0578 Z-6.6000 F800
G1 X24.1926 Y140.1286 Z-6.6000 F800
G1 X24.2234 Y140.1966 Z-6.6000 F800
G1 X24.2608 Y140.2613 Z-6.6000 F800
G1 X24.3045 Y140.3219 Z-6.6000 F800
G1 X24.3540 Y140.3779 Z-6.6000 F800
G1 X24.4089 Y140.4286 Z-6.6000 F800
G1 X24.4685 Y140.4737 Z-6.6000 F800
G1 X24.5322 Y140.5126 Z-6.6000 F800
G1 X24.5996 Y140.5449 Z-6.6000 F800
G1 X24.6698 Y140.5704 Z-6.6000 F800
G1 X24.7422 Y140.5888 Z-6.6000 F800
G1 X24.8161 Y140.5999 Z-6.6000 F800
G1 X24.8907 Y140.6036 Z-6.6000 F800
G1 X24.9653 Y140.5998 Z-6.6000 F800
G1 X25.0392 Y140.5887 Z-6.6000 F800
G1 X25.1116 Y140.5702 Z-6.6000 F800
G1 X68.2184 Y127.2606 Z-6.6000 F800
G1 X68.2351 Y127.2560 Z-6.6000 F800
G1 X68.2471 Y127.2526 Z-6.6000 F800
G1 X68.2775 Y127.2437 Z-6.6000 F800
G1 X68.2900 Y127.2399 Z-6.6000 F800
G1 X68.3316 Y127.2269 Z-6.6000 F800
G1 X68.3445 Y127.2228 Z-6.6000 F800
G1 X68.3969 Y127.2054 Z-6.6000 F800
G1 X68.4101 Y127.2009 Z-6.6000 F800
G1 X68.4727 Y127.1788 Z-6.6000 F800
G1 X68.4863 Y127.1739 Z-6.6000 F800
G1 X68.5585 Y127.1468 Z-6.6000 F800
G1 X68.5724 Y127.1414 Z-6.6000 F800
G1 X68.6538 Y127.1091 Z-6.6000 F800
G1 X68.6681 Y127.1032 Z-6.6000 F800
G1 X68.7580 Y127.0653 Z-6.6000 F800
G1 X68.7727 Y127.0589 Z-6.6000 F800
G1 X68.8707 Y127.0151 Z-6.6000 F800
G1 X68.8857 Y127.0082 Z-6.6000 F800
G1 X68.9912 Y126.9582 Z-6.6000 F800
G1 X69.0065 Y126.9508 Z-6.6000 F800
G1 X69.1190 Y126.8943 Z-6.6000 F800
G1 X69.1346 Y126.8862 Z-6.6000 F800
G1 X69.2536 Y126.8230 Z-6.6000 F800
G1 X69.2695 Y126.8143 Z-6.6000 F800
G1 X69.3945 Y126.7439 Z-6.6000 F800
G1 X69.4106 Y126.7345 Z-6.6000 F800
G1 X69.5410 Y126.6568 Z-6.6000 F800
G1 X69.5574 Y126.6468 Z-6.6000 F800
G1 X69.6926 Y126.5613 Z-6.6000 F800
G1 X69.7092 Y126.5506 Z-6.6000 F800
G1 X69.8488 Y126.4572 Z-6.6000 F800
G1 X69.8655 Y126.4456 Z-6.6000 F800
G1 X70.0089 Y126.3439 Z-6.6000 F800
G1 X70.0258 Y126.3317 Z-6.6000 F800
G1 X70.1725 Y126.2214 Z-6.6000 F800
G1 X70.1894 Y126.2083 Z-6.6000 F800
G1 X70.3389 Y126.0891 Z-6.6000 F800
G1 X70.3558 Y126.0753 Z-6.6000 F800
G1 X70.5075 Y125.9469 Z-6.6000 F800
G1 X70.5243 Y125.9323 Z-6.6000 F800
G1 X70.6778 Y125.7944 Z-6.6000 F800
G1 X70.6945 Y125.7789 Z-6.6000 F800
G1 X70.8491 Y125.6313 Z-6.6000 F800
G1 X70.8656 Y125.6150 Z-6.6000 F800
G1 X71.0209 Y125.4573 Z-6.6000 F800
G1 X71.0372 Y125.4402 Z-6.6000 F800
G1 X71.1926 Y125.2721 Z-6.6000 F800
G1 X71.2085 Y125.2543 Z-6.6000 F800
G1 X71.3635 Y125.0755 Z-6.6000 F800
G1 X71.3791 Y125.0569 Z-6.6000 F800
G1 X71.5331 Y124.8671 Z-6.6000 F800
G1 X71.5483 Y124.8478 Z-6.6000 F800
G1 X71.7008 Y124.6467 Z-6.6000 F800
G1 X71.7155 Y124.6268 Z-6.6000 F800
G1 X71.8660 Y124.4141 Z-6.6000 F800
G1 X71.8801 Y124.3935 Z-6.6000 F800
G1 X72.0281 Y124.1690 Z-6.6000 F800
G1 X72.0416 Y124.1479 Z-6.6000 F800
G1 X72.1865 Y123.9111 Z-6.6000 F800
G1 X72.1993 Y123.8895 Z-6.6000 F800
G1 X72.3407 Y123.6403 Z-6.6000 F800
G1 X72.3527 Y123.6183 Z-6.6000 F800
G1 X72.4899 Y123.3563 Z-6.6000 F800
G1 X72.5012 Y123.3339 Z-6.6000 F800
G1 X72.6338 Y123.0588 Z-6.6000 F800
G1 X72.6442 Y123.0362 Z-6.6000 F800
G1 X72.7717 Y122.7477 Z-6.6000 F800
G1 X72.7813 Y122.7249 Z-6.6000 F800
G1 X72.9030 Y122.4227 Z-6.6000 F800
G1 X72.9118 Y122.3998 Z-6.6000 F800
G1 X73.0273 Y122.0836 Z-6.6000 F800
G1 X73.0353 Y122.0607 Z-6.6000 F800
G1 X73.1440 Y121.7302 Z-6.6000 F800
G1 X73.1511 Y121.7073 Z-6.6000 F800
G1 X73.2525 Y121.3623 Z-6.6000 F800
G1 X73.2588 Y121.3395 Z-6.6000 F800
G1 X73.3524 Y120.9796 Z-6.6000 F800
G1 X73.3579 Y120.9570 Z-6.6000 F800
G1 X73.4432 Y120.5819 Z-6.6000 F800
G1 X73.4479 Y120.5596 Z-6.6000 F800
G1 X73.5242 Y120.1689 Z-6.6000 F800
G1 X73.5282 Y120.1469 Z-6.6000 F800
G1 X73.5951 Y119.7405 Z-6.6000 F800
G1 X73.5984 Y119.7189 Z-6.6000 F800
G1 X73.6554 Y119.2964 Z-6.6000 F800
G1 X73.6579 Y119.2752 Z-6.6000 F800
G1 X73.7044 Y118.8363 Z-6.6000 F800
G1 X73.7063 Y118.8155 Z-6.6000 F800
G1 X73.7419 Y118.3599 Z-6.6000 F800
G1 X73.7432 Y118.3396 Z-6.6000 F800
G1 X73.7671 Y117.8671 Z-6.6000 F800
G1 X73.7679 Y117.8473 Z-6.6000 F800
G1 X73.7798 Y117.3574 Z-6.6000 F800
G1 X73.7799 Y117.3253 Z-6.6000 F800
G1 X73.7685 Y116.7108 Z-6.6000 F800
G1 X73.7674 Y116.6829 Z-6.6000 F800
G1 X73.7206 Y115.8432 Z-6.6000 F800
G1 X73.7194 Y115.8253 Z-6.6000 F800
G1 X73.6351 Y114.7700 Z-6.6000 F800
G1 X73.6340 Y114.7566 Z-6.6000 F800
G1 X73.5105 Y113.4952 Z-6.6000 F800
G1 X73.5094 Y113.4841 Z-6.6000 F800
G1 X73.3448 Y112.0262 Z-6.6000 F800
G1 X73.3437 Y112.0165 Z-6.6000 F800
G1 X73.1362 Y110.3718 Z-6.6000 F800
G1 X73.1350 Y110.3628 Z-6.6000 F800
G1 X72.8826 Y108.5409 Z-6.6000 F800
G1 X72.8814 Y108.5323 Z-6.6000 F800
G1 X72.5823 Y106.5428 Z-6.6000 F800
G1 X72.5810 Y106.5345 Z-6.6000 F800
G1 X72.2333 Y104.3870 Z-6.6000 F800
G1 X72.2319 Y104.3787 Z-6.6000 F800
G1 X71.8338 Y102.0829 Z-6.6000 F800
G1 X71.8323 Y102.0746 Z-6.6000 F800
G1 X71.3817 Y99.6400 Z-6.6000 F800
G1 X71.3801 Y99.6316 Z-6.6000 F800
G1 X70.8754 Y97.0679 Z-6.6000 F800
G1 X70.8736 Y97.0593 Z-6.6000 F800
G1 X70.3127 Y94.3761 Z-6.6000 F800
G1 X70.3108 Y94.3673 Z-6.6000 F800
G1 X69.6919 Y91.5742 Z-6.6000 F800
G1 X69.6899 Y91.5651 Z-6.6000 F800
G1 X69.0111 Y88.6716 Z-6.6000 F800
G1 X69.0088 Y88.6623 Z-6.6000 F800
G1 X68.2683 Y85.6781 Z-6.6000 F800
G1 X68.2658 Y85.6685 Z-6.6000 F800
G1 X67.4617 Y82.6032 Z-6.6000 F800
G1 X67.4590 Y82.5932 Z-6.6000 F800
G1 X66.5893 Y79.4565 Z-6.6000 F800
G1 X66.5863 Y79.4460 Z-6.6000 F800
G1 X65.6493 Y76.2474 Z-6.6000 F800
G1 X65.6460 Y76.2365 Z-6.6000 F800
G1 X64.6397 Y72.9857 Z-6.6000 F800
G1 X64.6360 Y72.9743 Z-6.6000 F800
G1 X63.5586 Y69.6808 Z-6.6000 F800
G1 X63.5545 Y69.6689 Z-6.6000 F800
G1 X62.4041 Y66.3424 Z-6.6000 F800
G1 X62.3996 Y66.3299 Z-6.6000 F800
G1 X61.1742 Y62.9800 Z-6.6000 F800
G1 X61.1693 Y62.9669 Z-6.6000 F800
G1 X59.8671 Y59.6033 Z-6.6000 F800
G1 X59.8616 Y59.5895 Z-6.6000 F800
G1 X58.4808 Y56.2217 Z-6.6000 F800
G1 X58.4747 Y56.2072 Z-6.6000 F800
G1 X57.0134 Y52.8448 Z-6.6000 F800
G1 X57.0066 Y52.8297 Z-6.6000 F800
G1 X55.4628 Y49.4823 Z-6.6000 F800
G1 X55.4553 Y49.4664 Z-6.6000 F800
G1 X53.8272 Y46.1437 Z-6.6000 F800
G1 X53.8188 Y46.1270 Z-6.6000 F800
G1 X52.1046 Y42.8386 Z-6.6000 F800
G1 X52.0952 Y42.8211 Z-6.6000 F800
G1 X50.2929 Y39.5765 Z-6.6000 F800
G1 X50.2824 Y39.5582 Z-6.6000 F800
G1 X48.3902 Y36.3671 Z-6.6000 F800
G1 X48.3784 Y36.3479 Z-6.6000 F800
G1 X46.3944 Y33.2199 Z-6.6000 F800
G1 X46.3813 Y33.1999 Z-6.6000 F800
G1 X44.3036 Y30.1446 Z-6.6000 F800
G1 X44.2889 Y30.1238 Z-6.6000 F800
G1 X42.1157 Y27.1509 Z-6.6000 F800
G1 X42.0992 Y27.1292 Z-6.6000 F800
G1 X39.8286 Y24.2482 Z-6.6000 F800
G1 X39.8102 Y24.2259 Z-6.6000 F800
G1 X37.4403 Y21.4464 Z-6.6000 F800
G1 X37.4198 Y21.4234 Z-6.6000 F800
G1 X34.9487 Y18.7552 Z-6.6000 F800
G1 X34.9260 Y18.7317 Z-6.6000 F800
G1 X32.3518 Y16.1842 Z-6.6000 F800
G1 X32.3266 Y16.1604 Z-6.6000 F800
G1 X29.6474 Y13.7433 Z-6.6000 F800
G1 X29.6197 Y13.7195 Z-6.6000 F800
G1 X26.8337 Y11.4424 Z-6.6000 F800
G1 X26.8032 Y11.4188 Z-6.6000 F800
G1 X23.9085 Y9.2913 Z-6.6000 F800
G1 X23.8752 Y9.2682 Z-6.6000 F800
G1 X20.8700 Y7.3000 Z-6.6000 F800
G1 X20.8339 Y7.2778 Z-6.6000 F800
G1 X17.7162 Y5.4784 Z-6.6000 F800
G1 X17.6775 Y5.4576 Z-6.6000 F800
G1 X14.4455 Y3.8366 Z-6.6000 F800
G1 X14.4043 Y3.8175 Z-6.6000 F800
G1 X11.0560 Y2.3846 Z-6.6000 F800
G1 X11.0127 Y2.3677 Z-6.6000 F800
G1 X7.5463 Y1.1325 Z-6.6000 F800
G1 X7.5012 Y1.1180 Z-6.6000 F800
G1 X3.9148 Y0.0900 Z-6.6000 F800
G1 X3.8684 Y0.0783 Z-6.6000 F800
G1 X0.1602 Y-0.7327 Z-6.6000 F800
G0 Z5.000
( -- pass 8/14, Z=-7.5429 -- )
( eyebrow 1/2 )
G0 X67.9829 Y168.1164 Z5.0000
G1 Z-7.5429 F300
G1 X71.6911 Y167.3054 Z-7.5429 F800
G1 X71.7375 Y167.2937 Z-7.5429 F800
G1 X75.3239 Y166.2658 Z-7.5429 F800
G1 X75.3690 Y166.2513 Z-7.5429 F800
G1 X78.8354 Y165.0161 Z-7.5429 F800
G1 X78.8787 Y164.9991 Z-7.5429 F800
G1 X82.2270 Y163.5662 Z-7.5429 F800
G1 X82.2681 Y163.5471 Z-7.5429 F800
G1 X85.5002 Y161.9262 Z-7.5429 F800
G1 X85.5389 Y161.9053 Z-7.5429 F800
G1 X88.6566 Y160.1059 Z-7.5429 F800
G1 X88.6926 Y160.0838 Z-7.5429 F800
G1 X91.6979 Y158.1155 Z-7.5429 F800
G1 X91.7312 Y158.0924 Z-7.5429 F800
G1 X94.6259 Y155.9650 Z-7.5429 F800
G1 X94.6563 Y155.9413 Z-7.5429 F800
G1 X97.4423 Y153.6643 Z-7.5429 F800
G1 X97.4701 Y153.6404 Z-7.5429 F800
G1 X100.1493 Y151.2233 Z-7.5429 F800
G1 X100.1744 Y151.1995 Z-7.5429 F800
G1 X102.7487 Y148.6521 Z-7.5429 F800
G1 X102.7714 Y148.6286 Z-7.5429 F800
G1 X105.2425 Y145.9603 Z-7.5429 F800
G1 X105.2630 Y145.9373 Z-7.5429 F800
G1 X107.6329 Y143.1579 Z-7.5429 F800
G1 X107.6513 Y143.1355 Z-7.5429 F800
G1 X109.9219 Y140.2545 Z-7.5429 F800
G1 X109.9384 Y140.2329 Z-7.5429 F800
G1 X112.1116 Y137.2600 Z-7.5429 F800
G1 X112.1263 Y137.2391 Z-7.5429 F800
G1 X114.2040 Y134.1839 Z-7.5429 F800
G1 X114.2171 Y134.1638 Z-7.5429 F800
G1 X116.2011 Y131.0359 Z-7.5429 F800
G1 X116.2129 Y131.0167 Z-7.5429 F800
G1 X118.1051 Y127.8256 Z-7.5429 F800
G1 X118.1156 Y127.8073 Z-7.5429 F800
G1 X119.9178 Y124.5627 Z-7.5429 F800
G1 X119.9273 Y124.5452 Z-7.5429 F800
G1 X121.6415 Y121.2567 Z-7.5429 F800
G1 X121.6499 Y121.2400 Z-7.5429 F800
G1 X123.2780 Y117.9173 Z-7.5429 F800
G1 X123.2855 Y117.9014 Z-7.5429 F800
G1 X124.8293 Y114.5541 Z-7.5429 F800
G1 X124.8361 Y114.5389 Z-7.5429 F800
G1 X126.2974 Y111.1765 Z-7.5429 F800
G1 X126.3035 Y111.1621 Z-7.5429 F800
G1 X127.6843 Y107.7942 Z-7.5429 F800
G1 X127.6898 Y107.7805 Z-7.5429 F800
G1 X128.9920 Y104.4168 Z-7.5429 F800
G1 X128.9969 Y104.4037 Z-7.5429 F800
G1 X130.2223 Y101.0538 Z-7.5429 F800
G1 X130.2267 Y101.0413 Z-7.5429 F800
G1 X131.3772 Y97.7149 Z-7.5429 F800
G1 X131.3812 Y97.7029 Z-7.5429 F800
G1 X132.4587 Y94.4095 Z-7.5429 F800
G1 X132.4623 Y94.3981 Z-7.5429 F800
G1 X133.4687 Y91.1473 Z-7.5429 F800
G1 X133.4719 Y91.1363 Z-7.5429 F800
G1 X134.4090 Y87.9378 Z-7.5429 F800
G1 X134.4120 Y87.9273 Z-7.5429 F800
G1 X135.2817 Y84.7906 Z-7.5429 F800
G1 X135.2844 Y84.7805 Z-7.5429 F800
G1 X136.0885 Y81.7153 Z-7.5429 F800
G1 X136.0910 Y81.7056 Z-7.5429 F800
G1 X136.8315 Y78.7214 Z-7.5429 F800
G1 X136.8338 Y78.7121 Z-7.5429 F800
G1 X137.5125 Y75.8186 Z-7.5429 F800
G1 X137.5146 Y75.8096 Z-7.5429 F800
G1 X138.1335 Y73.0164 Z-7.5429 F800
G1 X138.1354 Y73.0076 Z-7.5429 F800
G1 X138.6963 Y70.3244 Z-7.5429 F800
G1 X138.6980 Y70.3158 Z-7.5429 F800
G1 X139.2028 Y67.7521 Z-7.5429 F800
G1 X139.2044 Y67.7437 Z-7.5429 F800
G1 X139.6550 Y65.3091 Z-7.5429 F800
G1 X139.6564 Y65.3008 Z-7.5429 F800
G1 X140.0546 Y63.0050 Z-7.5429 F800
G1 X140.0560 Y62.9967 Z-7.5429 F800
G1 X140.4037 Y60.8493 Z-7.5429 F800
G1 X140.4050 Y60.8409 Z-7.5429 F800
G1 X140.7041 Y58.8514 Z-7.5429 F800
G1 X140.7053 Y58.8428 Z-7.5429 F800
G1 X140.9577 Y57.0210 Z-7.5429 F800
G1 X140.9589 Y57.0120 Z-7.5429 F800
G1 X141.1664 Y55.3673 Z-7.5429 F800
G1 X141.1675 Y55.3575 Z-7.5429 F800
G1 X141.3320 Y53.8997 Z-7.5429 F800
G1 X141.3332 Y53.8886 Z-7.5429 F800
G1 X141.4566 Y52.6272 Z-7.5429 F800
G1 X141.4578 Y52.6138 Z-7.5429 F800
G1 X141.5420 Y51.5584 Z-7.5429 F800
G1 X141.5432 Y51.5405 Z-7.5429 F800
G1 X141.5901 Y50.7008 Z-7.5429 F800
G1 X141.5912 Y50.6729 Z-7.5429 F800
G1 X141.6026 Y50.0585 Z-7.5429 F800
G1 X141.6025 Y50.0263 Z-7.5429 F800
G1 X141.5906 Y49.5365 Z-7.5429 F800
G1 X141.5898 Y49.5167 Z-7.5429 F800
G1 X141.5658 Y49.0441 Z-7.5429 F800
G1 X141.5645 Y49.0238 Z-7.5429 F800
G1 X141.5290 Y48.5682 Z-7.5429 F800
G1 X141.5271 Y48.5475 Z-7.5429 F800
G1 X141.4806 Y48.1086 Z-7.5429 F800
G1 X141.4780 Y48.0874 Z-7.5429 F800
G1 X141.4211 Y47.6649 Z-7.5429 F800
G1 X141.4178 Y47.6432 Z-7.5429 F800
G1 X141.3509 Y47.2368 Z-7.5429 F800
G1 X141.3469 Y47.2148 Z-7.5429 F800
G1 X141.2706 Y46.8242 Z-7.5429 F800
G1 X141.2659 Y46.8019 Z-7.5429 F800
G1 X141.1806 Y46.4268 Z-7.5429 F800
G1 X141.1751 Y46.4042 Z-7.5429 F800
G1 X141.0815 Y46.0442 Z-7.5429 F800
G1 X141.0752 Y46.0215 Z-7.5429 F800
G1 X140.9738 Y45.6764 Z-7.5429 F800
G1 X140.9667 Y45.6536 Z-7.5429 F800
G1 X140.8580 Y45.3231 Z-7.5429 F800
G1 X140.8500 Y45.3002 Z-7.5429 F800
G1 X140.7345 Y44.9840 Z-7.5429 F800
G1 X140.7257 Y44.9611 Z-7.5429 F800
G1 X140.6040 Y44.6589 Z-7.5429 F800
G1 X140.5944 Y44.6361 Z-7.5429 F800
G1 X140.4669 Y44.3476 Z-7.5429 F800
G1 X140.4565 Y44.3250 Z-7.5429 F800
G1 X140.3239 Y44.0499 Z-7.5429 F800
G1 X140.3126 Y44.0275 Z-7.5429 F800
G1 X140.1753 Y43.7655 Z-7.5429 F800
G1 X140.1633 Y43.7434 Z-7.5429 F800
G1 X140.0220 Y43.4942 Z-7.5429 F800
G1 X140.0092 Y43.4726 Z-7.5429 F800
G1 X139.8642 Y43.2359 Z-7.5429 F800
G1 X139.8508 Y43.2148 Z-7.5429 F800
G1 X139.7028 Y42.9902 Z-7.5429 F800
G1 X139.6887 Y42.9696 Z-7.5429 F800
G1 X139.5382 Y42.7570 Z-7.5429 F800
G1 X139.5235 Y42.7370 Z-7.5429 F800
G1 X139.3710 Y42.5359 Z-7.5429 F800
G1 X139.3558 Y42.5166 Z-7.5429 F800
G1 X139.2018 Y42.3269 Z-7.5429 F800
G1 X139.1862 Y42.3083 Z-7.5429 F800
G1 X139.0312 Y42.1295 Z-7.5429 F800
G1 X139.0152 Y42.1116 Z-7.5429 F800
G1 X138.8599 Y41.9435 Z-7.5429 F800
G1 X138.8436 Y41.9264 Z-7.5429 F800
G1 X138.6883 Y41.7687 Z-7.5429 F800
G1 X138.6718 Y41.7524 Z-7.5429 F800
G1 X138.5172 Y41.6048 Z-7.5429 F800
G1 X138.5004 Y41.5893 Z-7.5429 F800
G1 X138.3470 Y41.4515 Z-7.5429 F800
G1 X138.3302 Y41.4368 Z-7.5429 F800
G1 X138.1784 Y41.3085 Z-7.5429 F800
G1 X138.1616 Y41.2946 Z-7.5429 F800
G1 X138.0121 Y41.1754 Z-7.5429 F800
G1 X137.9952 Y41.1624 Z-7.5429 F800
G1 X137.8485 Y41.0521 Z-7.5429 F800
G1 X137.8316 Y41.0398 Z-7.5429 F800
G1 X137.6882 Y40.9381 Z-7.5429 F800
G1 X137.6715 Y40.9266 Z-7.5429 F800
G1 X137.5319 Y40.8332 Z-7.5429 F800
G1 X137.5153 Y40.8224 Z-7.5429 F800
G1 X137.3801 Y40.7370 Z-7.5429 F800
G1 X137.3637 Y40.7269 Z-7.5429 F800
G1 X137.2333 Y40.6492 Z-7.5429 F800
G1 X137.2172 Y40.6398 Z-7.5429 F800
G1 X137.0922 Y40.5695 Z-7.5429 F800
G1 X137.0763 Y40.5608 Z-7.5429 F800
G1 X136.9573 Y40.4975 Z-7.5429 F800
G1 X136.9417 Y40.4895 Z-7.5429 F800
G1 X136.8292 Y40.4330 Z-7.5429 F800
G1 X136.8139 Y40.4255 Z-7.5429 F800
G1 X136.7083 Y40.3755 Z-7.5429 F800
G1 X136.6933 Y40.3686 Z-7.5429 F800
G1 X136.5954 Y40.3248 Z-7.5429 F800
G1 X136.5807 Y40.3184 Z-7.5429 F800
G1 X136.4908 Y40.2805 Z-7.5429 F800
G1 X136.4764 Y40.2747 Z-7.5429 F800
G1 X136.3951 Y40.2423 Z-7.5429 F800
G1 X136.3811 Y40.2369 Z-7.5429 F800
G1 X136.3089 Y40.2099 Z-7.5429 F800
G1 X136.2953 Y40.2049 Z-7.5429 F800
G1 X136.2328 Y40.1829 Z-7.5429 F800
G1 X136.2195 Y40.1783 Z-7.5429 F800
G1 X136.1672 Y40.1609 Z-7.5429 F800
G1 X136.1543 Y40.1568 Z-7.5429 F800
G1 X136.1127 Y40.1438 Z-7.5429 F800
G1 X136.1002 Y40.1400 Z-7.5429 F800
G1 X136.0698 Y40.1311 Z-7.5429 F800
G1 X136.0578 Y40.1277 Z-7.5429 F800
G1 X136.0411 Y40.1231 Z-7.5429 F800
G1 X92.9343 Y26.8136 Z-7.5429 F800
G1 X92.8619 Y26.7951 Z-7.5429 F800
G1 X92.7880 Y26.7839 Z-7.5429 F800
G1 X92.7134 Y26.7802 Z-7.5429 F800
G1 X92.6388 Y26.7839 Z-7.5429 F800
G1 X92.5649 Y26.7949 Z-7.5429 F800
G1 X92.4925 Y26.8133 Z-7.5429 F800
G1 X92.4223 Y26.8388 Z-7.5429 F800
G1 X92.3549 Y26.8712 Z-7.5429 F800
G1 X92.2911 Y26.9101 Z-7.5429 F800
G1 X92.2315 Y26.9551 Z-7.5429 F800
G1 X92.1767 Y27.0059 Z-7.5429 F800
G1 X92.1272 Y27.0618 Z-7.5429 F800
G1 X92.0835 Y27.1225 Z-7.5429 F800
G1 X92.0461 Y27.1871 Z-7.5429 F800
G1 X92.0153 Y27.2552 Z-7.5429 F800
G1 X91.9914 Y27.3259 Z-7.5429 F800
G1 X91.9746 Y27.3988 Z-7.5429 F800
G1 X67.0843 Y167.2523 Z-7.5429 F800
G1 X67.0750 Y167.3253 Z-7.5429 F800
G1 X67.0728 Y167.3988 Z-7.5429 F800
G1 X67.0779 Y167.4722 Z-7.5429 F800
G1 X67.0902 Y167.5447 Z-7.5429 F800
G1 X67.1095 Y167.6157 Z-7.5429 F800
G1 X67.1356 Y167.6845 Z-7.5429 F800
G1 X67.1684 Y167.7503 Z-7.5429 F800
G1 X67.2074 Y167.8126 Z-7.5429 F800
G1 X67.2524 Y167.8708 Z-7.5429 F800
G1 X67.3029 Y167.9244 Z-7.5429 F800
G1 X67.3583 Y167.9727 Z-7.5429 F800
G1 X67.4182 Y168.0153 Z-7.5429 F800
G1 X67.4820 Y168.0519 Z-7.5429 F800
G1 X67.5491 Y168.0821 Z-7.5429 F800
G1 X67.6189 Y168.1055 Z-7.5429 F800
G1 X67.6905 Y168.1220 Z-7.5429 F800
G1 X67.7635 Y168.1314 Z-7.5429 F800
G1 X67.8370 Y168.1336 Z-7.5429 F800
G1 X67.9104 Y168.1286 Z-7.5429 F800
G1 X67.9829 Y168.1164 Z-7.5429 F800
G0 Z5.000
( eyebrow 2/2 )
G0 X0.1602 Y-0.7327 Z5.0000
G1 Z-7.5429 F300
G1 X0.0877 Y-0.7449 Z-7.5429 F800
G1 X0.0143 Y-0.7499 Z-7.5429 F800
G1 X-0.0592 Y-0.7477 Z-7.5429 F800
G1 X-0.1322 Y-0.7383 Z-7.5429 F800
G1 X-0.2038 Y-0.7218 Z-7.5429 F800
G1 X-0.2736 Y-0.6983 Z-7.5429 F800
G1 X-0.3406 Y-0.6682 Z-7.5429 F800
G1 X-0.4045 Y-0.6316 Z-7.5429 F800
G1 X-0.4644 Y-0.5889 Z-7.5429 F800
G1 X-0.5198 Y-0.5406 Z-7.5429 F800
G1 X-0.5703 Y-0.4871 Z-7.5429 F800
G1 X-0.6153 Y-0.4289 Z-7.5429 F800
G1 X-0.6543 Y-0.3666 Z-7.5429 F800
G1 X-0.6871 Y-0.3007 Z-7.5429 F800
G1 X-0.7132 Y-0.2320 Z-7.5429 F800
G1 X-0.7325 Y-0.1610 Z-7.5429 F800
G1 X-0.7448 Y-0.0884 Z-7.5429 F800
G1 X-0.7498 Y-0.0151 Z-7.5429 F800
G1 X-0.7477 Y0.0585 Z-7.5429 F800
G1 X-0.7384 Y0.1314 Z-7.5429 F800
G1 X24.1519 Y139.9850 Z-7.5429 F800
G1 X24.1687 Y140.0578 Z-7.5429 F800
G1 X24.1926 Y140.1286 Z-7.5429 F800
G1 X24.2234 Y140.1966 Z-7.5429 F800
G1 X24.2608 Y140.2613 Z-7.5429 F800
G1 X24.3045 Y140.3219 Z-7.5429 F800
G1 X24.3540 Y140.3779 Z-7.5429 F800
G1 X24.4089 Y140.4286 Z-7.5429 F800
G1 X24.4685 Y140.4737 Z-7.5429 F800
G1 X24.5322 Y140.5126 Z-7.5429 F800
G1 X24.5996 Y140.5449 Z-7.5429 F800
G1 X24.6698 Y140.5704 Z-7.5429 F800
G1 X24.7422 Y140.5888 Z-7.5429 F800
G1 X24.8161 Y140.5999 Z-7.5429 F800
G1 X24.8907 Y140.6036 Z-7.5429 F800
G1 X24.9653 Y140.5998 Z-7.5429 F800
G1 X25.0392 Y140.5887 Z-7.5429 F800
G1 X25.1116 Y140.5702 Z-7.5429 F800
G1 X68.2184 Y127.2606 Z-7.5429 F800
G1 X68.2351 Y127.2560 Z-7.5429 F800
G1 X68.2471 Y127.2526 Z-7.5429 F800
G1 X68.2775 Y127.2437 Z-7.5429 F800
G1 X68.2900 Y127.2399 Z-7.5429 F800
G1 X68.3316 Y127.2269 Z-7.5429 F800
G1 X68.3445 Y127.2228 Z-7.5429 F800
G1 X68.3969 Y127.2054 Z-7.5429 F800
G1 X68.4101 Y127.2009 Z-7.5429 F800
G1 X68.4727 Y127.1788 Z-7.5429 F800
G1 X68.4863 Y127.1739 Z-7.5429 F800
G1 X68.5585 Y127.1468 Z-7.5429 F800
G1 X68.5724 Y127.1414 Z-7.5429 F800
G1 X68.6538 Y127.1091 Z-7.5429 F800
G1 X68.6681 Y127.1032 Z-7.5429 F800
G1 X68.7580 Y127.0653 Z-7.5429 F800
G1 X68.7727 Y127.0589 Z-7.5429 F800
G1 X68.8707 Y127.0151 Z-7.5429 F800
G1 X68.8857 Y127.0082 Z-7.5429 F800
G1 X68.9912 Y126.9582 Z-7.5429 F800
G1 X69.0065 Y126.9508 Z-7.5429 F800
G1 X69.1190 Y126.8943 Z-7.5429 F800
G1 X69.1346 Y126.8862 Z-7.5429 F800
G1 X69.2536 Y126.8230 Z-7.5429 F800
G1 X69.2695 Y126.8143 Z-7.5429 F800
G1 X69.3945 Y126.7439 Z-7.5429 F800
G1 X69.4106 Y126.7345 Z-7.5429 F800
G1 X69.5410 Y126.6568 Z-7.5429 F800
G1 X69.5574 Y126.6468 Z-7.5429 F800
G1 X69.6926 Y126.5613 Z-7.5429 F800
G1 X69.7092 Y126.5506 Z-7.5429 F800
G1 X69.8488 Y126.4572 Z-7.5429 F800
G1 X69.8655 Y126.4456 Z-7.5429 F800
G1 X70.0089 Y126.3439 Z-7.5429 F800
G1 X70.0258 Y126.3317 Z-7.5429 F800
G1 X70.1725 Y126.2214 Z-7.5429 F800
G1 X70.1894 Y126.2083 Z-7.5429 F800
G1 X70.3389 Y126.0891 Z-7.5429 F800
G1 X70.3558 Y126.0753 Z-7.5429 F800
G1 X70.5075 Y125.9469 Z-7.5429 F800
G1 X70.5243 Y125.9323 Z-7.5429 F800
G1 X70.6778 Y125.7944 Z-7.5429 F800
G1 X70.6945 Y125.7789 Z-7.5429 F800
G1 X70.8491 Y125.6313 Z-7.5429 F800
G1 X70.8656 Y125.6150 Z-7.5429 F800
G1 X71.0209 Y125.4573 Z-7.5429 F800
G1 X71.0372 Y125.4402 Z-7.5429 F800
G1 X71.1926 Y125.2721 Z-7.5429 F800
G1 X71.2085 Y125.2543 Z-7.5429 F800
G1 X71.3635 Y125.0755 Z-7.5429 F800
G1 X71.3791 Y125.0569 Z-7.5429 F800
G1 X71.5331 Y124.8671 Z-7.5429 F800
G1 X71.5483 Y124.8478 Z-7.5429 F800
G1 X71.7008 Y124.6467 Z-7.5429 F800
G1 X71.7155 Y124.6268 Z-7.5429 F800
G1 X71.8660 Y124.4141 Z-7.5429 F800
G1 X71.8801 Y124.3935 Z-7.5429 F800
G1 X72.0281 Y124.1690 Z-7.5429 F800
G1 X72.0416 Y124.1479 Z-7.5429 F800
G1 X72.1865 Y123.9111 Z-7.5429 F800
G1 X72.1993 Y123.8895 Z-7.5429 F800
G1 X72.3407 Y123.6403 Z-7.5429 F800
G1 X72.3527 Y123.6183 Z-7.5429 F800
G1 X72.4899 Y123.3563 Z-7.5429 F800
G1 X72.5012 Y123.3339 Z-7.5429 F800
G1 X72.6338 Y123.0588 Z-7.5429 F800
G1 X72.6442 Y123.0362 Z-7.5429 F800
G1 X72.7717 Y122.7477 Z-7.5429 F800
G1 X72.7813 Y122.7249 Z-7.5429 F800
G1 X72.9030 Y122.4227 Z-7.5429 F800
G1 X72.9118 Y122.3998 Z-7.5429 F800
G1 X73.0273 Y122.0836 Z-7.5429 F800
G1 X73.0353 Y122.0607 Z-7.5429 F800
G1 X73.1440 Y121.7302 Z-7.5429 F800
G1 X73.1511 Y121.7073 Z-7.5429 F800
G1 X73.2525 Y121.3623 Z-7.5429 F800
G1 X73.2588 Y121.3395 Z-7.5429 F800
G1 X73.3524 Y120.9796 Z-7.5429 F800
G1 X73.3579 Y120.9570 Z-7.5429 F800
G1 X73.4432 Y120.5819 Z-7.5429 F800
G1 X73.4479 Y120.5596 Z-7.5429 F800
G1 X73.5242 Y120.1689 Z-7.5429 F800
G1 X73.5282 Y120.1469 Z-7.5429 F800
G1 X73.5951 Y119.7405 Z-7.5429 F800
G1 X73.5984 Y119.7189 Z-7.5429 F800
G1 X73.6554 Y119.2964 Z-7.5429 F800
G1 X73.6579 Y119.2752 Z-7.5429 F800
G1 X73.7044 Y118.8363 Z-7.5429 F800
G1 X73.7063 Y118.8155 Z-7.5429 F800
G1 X73.7419 Y118.3599 Z-7.5429 F800
G1 X73.7432 Y118.3396 Z-7.5429 F800
G1 X73.7671 Y117.8671 Z-7.5429 F800
G1 X73.7679 Y117.8473 Z-7.5429 F800
G1 X73.7798 Y117.3574 Z-7.5429 F800
G1 X73.7799 Y117.3253 Z-7.5429 F800
G1 X73.7685 Y116.7108 Z-7.5429 F800
G1 X73.7674 Y116.6829 Z-7.5429 F800
G1 X73.7206 Y115.8432 Z-7.5429 F800
G1 X73.7194 Y115.8253 Z-7.5429 F800
G1 X73.6351 Y114.7700 Z-7.5429 F800
G1 X73.6340 Y114.7566 Z-7.5429 F800
G1 X73.5105 Y113.4952 Z-7.5429 F800
G1 X73.5094 Y113.4841 Z-7.5429 F800
G1 X73.3448 Y112.0262 Z-7.5429 F800
G1 X73.3437 Y112.0165 Z-7.5429 F800
G1 X73.1362 Y110.3718 Z-7.5429 F800
G1 X73.1350 Y110.3628 Z-7.5429 F800
G1 X72.8826 Y108.5409 Z-7.5429 F800
G1 X72.8814 Y108.5323 Z-7.5429 F800
G1 X72.5823 Y106.5428 Z-7.5429 F800
G1 X72.5810 Y106.5345 Z-7.5429 F800
G1 X72.2333 Y104.3870 Z-7.5429 F800
G1 X72.2319 Y104.3787 Z-7.5429 F800
G1 X71.8338 Y102.0829 Z-7.5429 F800
G1 X71.8323 Y102.0746 Z-7.5429 F800
G1 X71.3817 Y99.6400 Z-7.5429 F800
G1 X71.3801 Y99.6316 Z-7.5429 F800
G1 X70.8754 Y97.0679 Z-7.5429 F800
G1 X70.8736 Y97.0593 Z-7.5429 F800
G1 X70.3127 Y94.3761 Z-7.5429 F800
G1 X70.3108 Y94.3673 Z-7.5429 F800
G1 X69.6919 Y91.5742 Z-7.5429 F800
G1 X69.6899 Y91.5651 Z-7.5429 F800
G1 X69.0111 Y88.6716 Z-7.5429 F800
G1 X69.0088 Y88.6623 Z-7.5429 F800
G1 X68.2683 Y85.6781 Z-7.5429 F800
G1 X68.2658 Y85.6685 Z-7.5429 F800
G1 X67.4617 Y82.6032 Z-7.5429 F800
G1 X67.4590 Y82.5932 Z-7.5429 F800
G1 X66.5893 Y79.4565 Z-7.5429 F800
G1 X66.5863 Y79.4460 Z-7.5429 F800
G1 X65.6493 Y76.2474 Z-7.5429 F800
G1 X65.6460 Y76.2365 Z-7.5429 F800
G1 X64.6397 Y72.9857 Z-7.5429 F800
G1 X64.6360 Y72.9743 Z-7.5429 F800
G1 X63.5586 Y69.6808 Z-7.5429 F800
G1 X63.5545 Y69.6689 Z-7.5429 F800
G1 X62.4041 Y66.3424 Z-7.5429 F800
G1 X62.3996 Y66.3299 Z-7.5429 F800
G1 X61.1742 Y62.9800 Z-7.5429 F800
G1 X61.1693 Y62.9669 Z-7.5429 F800
G1 X59.8671 Y59.6033 Z-7.5429 F800
G1 X59.8616 Y59.5895 Z-7.5429 F800
G1 X58.4808 Y56.2217 Z-7.5429 F800
G1 X58.4747 Y56.2072 Z-7.5429 F800
G1 X57.0134 Y52.8448 Z-7.5429 F800
G1 X57.0066 Y52.8297 Z-7.5429 F800
G1 X55.4628 Y49.4823 Z-7.5429 F800
G1 X55.4553 Y49.4664 Z-7.5429 F800
G1 X53.8272 Y46.1437 Z-7.5429 F800
G1 X53.8188 Y46.1270 Z-7.5429 F800
G1 X52.1046 Y42.8386 Z-7.5429 F800
G1 X52.0952 Y42.8211 Z-7.5429 F800
G1 X50.2929 Y39.5765 Z-7.5429 F800
G1 X50.2824 Y39.5582 Z-7.5429 F800
G1 X48.3902 Y36.3671 Z-7.5429 F800
G1 X48.3784 Y36.3479 Z-7.5429 F800
G1 X46.3944 Y33.2199 Z-7.5429 F800
G1 X46.3813 Y33.1999 Z-7.5429 F800
G1 X44.3036 Y30.1446 Z-7.5429 F800
G1 X44.2889 Y30.1238 Z-7.5429 F800
G1 X42.1157 Y27.1509 Z-7.5429 F800
G1 X42.0992 Y27.1292 Z-7.5429 F800
G1 X39.8286 Y24.2482 Z-7.5429 F800
G1 X39.8102 Y24.2259 Z-7.5429 F800
G1 X37.4403 Y21.4464 Z-7.5429 F800
G1 X37.4198 Y21.4234 Z-7.5429 F800
G1 X34.9487 Y18.7552 Z-7.5429 F800
G1 X34.9260 Y18.7317 Z-7.5429 F800
G1 X32.3518 Y16.1842 Z-7.5429 F800
G1 X32.3266 Y16.1604 Z-7.5429 F800
G1 X29.6474 Y13.7433 Z-7.5429 F800
G1 X29.6197 Y13.7195 Z-7.5429 F800
G1 X26.8337 Y11.4424 Z-7.5429 F800
G1 X26.8032 Y11.4188 Z-7.5429 F800
G1 X23.9085 Y9.2913 Z-7.5429 F800
G1 X23.8752 Y9.2682 Z-7.5429 F800
G1 X20.8700 Y7.3000 Z-7.5429 F800
G1 X20.8339 Y7.2778 Z-7.5429 F800
G1 X17.7162 Y5.4784 Z-7.5429 F800
G1 X17.6775 Y5.4576 Z-7.5429 F800
G1 X14.4455 Y3.8366 Z-7.5429 F800
G1 X14.4043 Y3.8175 Z-7.5429 F800
G1 X11.0560 Y2.3846 Z-7.5429 F800
G1 X11.0127 Y2.3677 Z-7.5429 F800
G1 X7.5463 Y1.1325 Z-7.5429 F800
G1 X7.5012 Y1.1180 Z-7.5429 F800
G1 X3.9148 Y0.0900 Z-7.5429 F800
G1 X3.8684 Y0.0783 Z-7.5429 F800
G1 X0.1602 Y-0.7327 Z-7.5429 F800
G0 Z5.000
( -- pass 9/14, Z=-8.4857 -- )
( eyebrow 1/2 )
G0 X67.9829 Y168.1164 Z5.0000
G1 Z-8.4857 F300
G1 X71.6911 Y167.3054 Z-8.4857 F800
G1 X71.7375 Y167.2937 Z-8.4857 F800
G1 X75.3239 Y166.2658 Z-8.4857 F800
G1 X75.3690 Y166.2513 Z-8.4857 F800
G1 X78.8354 Y165.0161 Z-8.4857 F800
G1 X78.8787 Y164.9991 Z-8.4857 F800
G1 X82.2270 Y163.5662 Z-8.4857 F800
G1 X82.2681 Y163.5471 Z-8.4857 F800
G1 X85.5002 Y161.9262 Z-8.4857 F800
G1 X85.5389 Y161.9053 Z-8.4857 F800
G1 X88.6566 Y160.1059 Z-8.4857 F800
G1 X88.6926 Y160.0838 Z-8.4857 F800
G1 X91.6979 Y158.1155 Z-8.4857 F800
G1 X91.7312 Y158.0924 Z-8.4857 F800
G1 X94.6259 Y155.9650 Z-8.4857 F800
G1 X94.6563 Y155.9413 Z-8.4857 F800
G1 X97.4423 Y153.6643 Z-8.4857 F800
G1 X97.4701 Y153.6404 Z-8.4857 F800
G1 X100.1493 Y151.2233 Z-8.4857 F800
G1 X100.1744 Y151.1995 Z-8.4857 F800
G1 X102.7487 Y148.6521 Z-8.4857 F800
G1 X102.7714 Y148.6286 Z-8.4857 F800
G1 X105.2425 Y145.9603 Z-8.4857 F800
G1 X105.2630 Y145.9373 Z-8.4857 F800
G1 X107.6329 Y143.1579 Z-8.4857 F800
G1 X107.6513 Y143.1355 Z-8.4857 F800
G1 X109.9219 Y140.2545 Z-8.4857 F800
G1 X109.9384 Y140.2329 Z-8.4857 F800
G1 X112.1116 Y137.2600 Z-8.4857 F800
G1 X112.1263 Y137.2391 Z-8.4857 F800
G1 X114.2040 Y134.1839 Z-8.4857 F800
G1 X114.2171 Y134.1638 Z-8.4857 F800
G1 X116.2011 Y131.0359 Z-8.4857 F800
G1 X116.2129 Y131.0167 Z-8.4857 F800
G1 X118.1051 Y127.8256 Z-8.4857 F800
G1 X118.1156 Y127.8073 Z-8.4857 F800
G1 X119.9178 Y124.5627 Z-8.4857 F800
G1 X119.9273 Y124.5452 Z-8.4857 F800
G1 X121.6415 Y121.2567 Z-8.4857 F800
G1 X121.6499 Y121.2400 Z-8.4857 F800
G1 X123.2780 Y117.9173 Z-8.4857 F800
G1 X123.2855 Y117.9014 Z-8.4857 F800
G1 X124.8293 Y114.5541 Z-8.4857 F800
G1 X124.8361 Y114.5389 Z-8.4857 F800
G1 X126.2974 Y111.1765 Z-8.4857 F800
G1 X126.3035 Y111.1621 Z-8.4857 F800
G1 X127.6843 Y107.7942 Z-8.4857 F800
G1 X127.6898 Y107.7805 Z-8.4857 F800
G1 X128.9920 Y104.4168 Z-8.4857 F800
G1 X128.9969 Y104.4037 Z-8.4857 F800
G1 X130.2223 Y101.0538 Z-8.4857 F800
G1 X130.2267 Y101.0413 Z-8.4857 F800
G1 X131.3772 Y97.7149 Z-8.4857 F800
G1 X131.3812 Y97.7029 Z-8.4857 F800
G1 X132.4587 Y94.4095 Z-8.4857 F800
G1 X132.4623 Y94.3981 Z-8.4857 F800
G1 X133.4687 Y91.1473 Z-8.4857 F800
G1 X133.4719 Y91.1363 Z-8.4857 F800
G1 X134.4090 Y87.9378 Z-8.4857 F800
G1 X134.4120 Y87.9273 Z-8.4857 F800
G1 X135.2817 Y84.7906 Z-8.4857 F800
G1 X135.2844 Y84.7805 Z-8.4857 F800
G1 X136.0885 Y81.7153 Z-8.4857 F800
G1 X136.0910 Y81.7056 Z-8.4857 F800
G1 X136.8315 Y78.7214 Z-8.4857 F800
G1 X136.8338 Y78.7121 Z-8.4857 F800
G1 X137.5125 Y75.8186 Z-8.4857 F800
G1 X137.5146 Y75.8096 Z-8.4857 F800
G1 X138.1335 Y73.0164 Z-8.4857 F800
G1 X138.1354 Y73.0076 Z-8.4857 F800
G1 X138.6963 Y70.3244 Z-8.4857 F800
G1 X138.6980 Y70.3158 Z-8.4857 F800
G1 X139.2028 Y67.7521 Z-8.4857 F800
G1 X139.2044 Y67.7437 Z-8.4857 F800
G1 X139.6550 Y65.3091 Z-8.4857 F800
G1 X139.6564 Y65.3008 Z-8.4857 F800
G1 X140.0546 Y63.0050 Z-8.4857 F800
G1 X140.0560 Y62.9967 Z-8.4857 F800
G1 X140.4037 Y60.8493 Z-8.4857 F800
G1 X140.4050 Y60.8409 Z-8.4857 F800
G1 X140.7041 Y58.8514 Z-8.4857 F800
G1 X140.7053 Y58.8428 Z-8.4857 F800
G1 X140.9577 Y57.0210 Z-8.4857 F800
G1 X140.9589 Y57.0120 Z-8.4857 F800
G1 X141.1664 Y55.3673 Z-8.4857 F800
G1 X141.1675 Y55.3575 Z-8.4857 F800
G1 X141.3320 Y53.8997 Z-8.4857 F800
G1 X141.3332 Y53.8886 Z-8.4857 F800
G1 X141.4566 Y52.6272 Z-8.4857 F800
G1 X141.4578 Y52.6138 Z-8.4857 F800
G1 X141.5420 Y51.5584 Z-8.4857 F800
G1 X141.5432 Y51.5405 Z-8.4857 F800
G1 X141.5901 Y50.7008 Z-8.4857 F800
G1 X141.5912 Y50.6729 Z-8.4857 F800
G1 X141.6026 Y50.0585 Z-8.4857 F800
G1 X141.6025 Y50.0263 Z-8.4857 F800
G1 X141.5906 Y49.5365 Z-8.4857 F800
G1 X141.5898 Y49.5167 Z-8.4857 F800
G1 X141.5658 Y49.0441 Z-8.4857 F800
G1 X141.5645 Y49.0238 Z-8.4857 F800
G1 X141.5290 Y48.5682 Z-8.4857 F800
G1 X141.5271 Y48.5475 Z-8.4857 F800
G1 X141.4806 Y48.1086 Z-8.4857 F800
G1 X141.4780 Y48.0874 Z-8.4857 F800
G1 X141.4211 Y47.6649 Z-8.4857 F800
G1 X141.4178 Y47.6432 Z-8.4857 F800
G1 X141.3509 Y47.2368 Z-8.4857 F800
G1 X141.3469 Y47.2148 Z-8.4857 F800
G1 X141.2706 Y46.8242 Z-8.4857 F800
G1 X141.2659 Y46.8019 Z-8.4857 F800
G1 X141.1806 Y46.4268 Z-8.4857 F800
G1 X141.1751 Y46.4042 Z-8.4857 F800
G1 X141.0815 Y46.0442 Z-8.4857 F800
G1 X141.0752 Y46.0215 Z-8.4857 F800
G1 X140.9738 Y45.6764 Z-8.4857 F800
G1 X140.9667 Y45.6536 Z-8.4857 F800
G1 X140.8580 Y45.3231 Z-8.4857 F800
G1 X140.8500 Y45.3002 Z-8.4857 F800
G1 X140.7345 Y44.9840 Z-8.4857 F800
G1 X140.7257 Y44.9611 Z-8.4857 F800
G1 X140.6040 Y44.6589 Z-8.4857 F800
G1 X140.5944 Y44.6361 Z-8.4857 F800
G1 X140.4669 Y44.3476 Z-8.4857 F800
G1 X140.4565 Y44.3250 Z-8.4857 F800
G1 X140.3239 Y44.0499 Z-8.4857 F800
G1 X140.3126 Y44.0275 Z-8.4857 F800
G1 X140.1753 Y43.7655 Z-8.4857 F800
G1 X140.1633 Y43.7434 Z-8.4857 F800
G1 X140.0220 Y43.4942 Z-8.4857 F800
G1 X140.0092 Y43.4726 Z-8.4857 F800
G1 X139.8642 Y43.2359 Z-8.4857 F800
G1 X139.8508 Y43.2148 Z-8.4857 F800
G1 X139.7028 Y42.9902 Z-8.4857 F800
G1 X139.6887 Y42.9696 Z-8.4857 F800
G1 X139.5382 Y42.7570 Z-8.4857 F800
G1 X139.5235 Y42.7370 Z-8.4857 F800
G1 X139.3710 Y42.5359 Z-8.4857 F800
G1 X139.3558 Y42.5166 Z-8.4857 F800
G1 X139.2018 Y42.3269 Z-8.4857 F800
G1 X139.1862 Y42.3083 Z-8.4857 F800
G1 X139.0312 Y42.1295 Z-8.4857 F800
G1 X139.0152 Y42.1116 Z-8.4857 F800
G1 X138.8599 Y41.9435 Z-8.4857 F800
G1 X138.8436 Y41.9264 Z-8.4857 F800
G1 X138.6883 Y41.7687 Z-8.4857 F800
G1 X138.6718 Y41.7524 Z-8.4857 F800
G1 X138.5172 Y41.6048 Z-8.4857 F800
G1 X138.5004 Y41.5893 Z-8.4857 F800
G1 X138.3470 Y41.4515 Z-8.4857 F800
G1 X138.3302 Y41.4368 Z-8.4857 F800
G1 X138.1784 Y41.3085 Z-8.4857 F800
G1 X138.1616 Y41.2946 Z-8.4857 F800
G1 X138.0121 Y41.1754 Z-8.4857 F800
G1 X137.9952 Y41.1624 Z-8.4857 F800
G1 X137.8485 Y41.0521 Z-8.4857 F800
G1 X137.8316 Y41.0398 Z-8.4857 F800
G1 X137.6882 Y40.9381 Z-8.4857 F800
G1 X137.6715 Y40.9266 Z-8.4857 F800
G1 X137.5319 Y40.8332 Z-8.4857 F800
G1 X137.5153 Y40.8224 Z-8.4857 F800
G1 X137.3801 Y40.7370 Z-8.4857 F800
G1 X137.3637 Y40.7269 Z-8.4857 F800
G1 X137.2333 Y40.6492 Z-8.4857 F800
G1 X137.2172 Y40.6398 Z-8.4857 F800
G1 X137.0922 Y40.5695 Z-8.4857 F800
G1 X137.0763 Y40.5608 Z-8.4857 F800
G1 X136.9573 Y40.4975 Z-8.4857 F800
G1 X136.9417 Y40.4895 Z-8.4857 F800
G1 X136.8292 Y40.4330 Z-8.4857 F800
G1 X136.8139 Y40.4255 Z-8.4857 F800
G1 X136.7083 Y40.3755 Z-8.4857 F800
G1 X136.6933 Y40.3686 Z-8.4857 F800
G1 X136.5954 Y40.3248 Z-8.4857 F800
G1 X136.5807 Y40.3184 Z-8.4857 F800
G1 X136.4908 Y40.2805 Z-8.4857 F800
G1 X136.4764 Y40.2747 Z-8.4857 F800
G1 X136.3951 Y40.2423 Z-8.4857 F800
G1 X136.3811 Y40.2369 Z-8.4857 F800
G1 X136.3089 Y40.2099 Z-8.4857 F800
G1 X136.2953 Y40.2049 Z-8.4857 F800
G1 X136.2328 Y40.1829 Z-8.4857 F800
G1 X136.2195 Y40.1783 Z-8.4857 F800
G1 X136.1672 Y40.1609 Z-8.4857 F800
G1 X136.1543 Y40.1568 Z-8.4857 F800
G1 X136.1127 Y40.1438 Z-8.4857 F800
G1 X136.1002 Y40.1400 Z-8.4857 F800
G1 X136.0698 Y40.1311 Z-8.4857 F800
G1 X136.0578 Y40.1277 Z-8.4857 F800
G1 X136.0411 Y40.1231 Z-8.4857 F800
G1 X92.9343 Y26.8136 Z-8.4857 F800
G1 X92.8619 Y26.7951 Z-8.4857 F800
G1 X92.7880 Y26.7839 Z-8.4857 F800
G1 X92.7134 Y26.7802 Z-8.4857 F800
G1 X92.6388 Y26.7839 Z-8.4857 F800
G1 X92.5649 Y26.7949 Z-8.4857 F800
G1 X92.4925 Y26.8133 Z-8.4857 F800
G1 X92.4223 Y26.8388 Z-8.4857 F800
G1 X92.3549 Y26.8712 Z-8.4857 F800
G1 X92.2911 Y26.9101 Z-8.4857 F800
G1 X92.2315 Y26.9551 Z-8.4857 F800
G1 X92.1767 Y27.0059 Z-8.4857 F800
G1 X92.1272 Y27.0618 Z-8.4857 F800
G1 X92.0835 Y27.1225 Z-8.4857 F800
G1 X92.0461 Y27.1871 Z-8.4857 F800
G1 X92.0153 Y27.2552 Z-8.4857 F800
G1 X91.9914 Y27.3259 Z-8.4857 F800
G1 X91.9746 Y27.3988 Z-8.4857 F800
G1 X67.0843 Y167.2523 Z-8.4857 F800
G1 X67.0750 Y167.3253 Z-8.4857 F800
G1 X67.0728 Y167.3988 Z-8.4857 F800
G1 X67.0779 Y167.4722 Z-8.4857 F800
G1 X67.0902 Y167.5447 Z-8.4857 F800
G1 X67.1095 Y167.6157 Z-8.4857 F800
G1 X67.1356 Y167.6845 Z-8.4857 F800
G1 X67.1684 Y167.7503 Z-8.4857 F800
G1 X67.2074 Y167.8126 Z-8.4857 F800
G1 X67.2524 Y167.8708 Z-8.4857 F800
G1 X67.3029 Y167.9244 Z-8.4857 F800
G1 X67.3583 Y167.9727 Z-8.4857 F800
G1 X67.4182 Y168.0153 Z-8.4857 F800
G1 X67.4820 Y168.0519 Z-8.4857 F800
G1 X67.5491 Y168.0821 Z-8.4857 F800
G1 X67.6189 Y168.1055 Z-8.4857 F800
G1 X67.6905 Y168.1220 Z-8.4857 F800
G1 X67.7635 Y168.1314 Z-8.4857 F800
G1 X67.8370 Y168.1336 Z-8.4857 F800
G1 X67.9104 Y168.1286 Z-8.4857 F800
G1 X67.9829 Y168.1164 Z-8.4857 F800
G0 Z5.000
( eyebrow 2/2 )
G0 X0.1602 Y-0.7327 Z5.0000
G1 Z-8.4857 F300
G1 X0.0877 Y-0.7449 Z-8.4857 F800
G1 X0.0143 Y-0.7499 Z-8.4857 F800
G1 X-0.0592 Y-0.7477 Z-8.4857 F800
G1 X-0.1322 Y-0.7383 Z-8.4857 F800
G1 X-0.2038 Y-0.7218 Z-8.4857 F800
G1 X-0.2736 Y-0.6983 Z-8.4857 F800
G1 X-0.3406 Y-0.6682 Z-8.4857 F800
G1 X-0.4045 Y-0.6316 Z-8.4857 F800
G1 X-0.4644 Y-0.5889 Z-8.4857 F800
G1 X-0.5198 Y-0.5406 Z-8.4857 F800
G1 X-0.5703 Y-0.4871 Z-8.4857 F800
G1 X-0.6153 Y-0.4289 Z-8.4857 F800
G1 X-0.6543 Y-0.3666 Z-8.4857 F800
G1 X-0.6871 Y-0.3007 Z-8.4857 F800
G1 X-0.7132 Y-0.2320 Z-8.4857 F800
G1 X-0.7325 Y-0.1610 Z-8.4857 F800
G1 X-0.7448 Y-0.0884 Z-8.4857 F800
G1 X-0.7498 Y-0.0151 Z-8.4857 F800
G1 X-0.7477 Y0.0585 Z-8.4857 F800
G1 X-0.7384 Y0.1314 Z-8.4857 F800
G1 X24.1519 Y139.9850 Z-8.4857 F800
G1 X24.1687 Y140.0578 Z-8.4857 F800
G1 X24.1926 Y140.1286 Z-8.4857 F800
G1 X24.2234 Y140.1966 Z-8.4857 F800
G1 X24.2608 Y140.2613 Z-8.4857 F800
G1 X24.3045 Y140.3219 Z-8.4857 F800
G1 X24.3540 Y140.3779 Z-8.4857 F800
G1 X24.4089 Y140.4286 Z-8.4857 F800
G1 X24.4685 Y140.4737 Z-8.4857 F800
G1 X24.5322 Y140.5126 Z-8.4857 F800
G1 X24.5996 Y140.5449 Z-8.4857 F800
G1 X24.6698 Y140.5704 Z-8.4857 F800
G1 X24.7422 Y140.5888 Z-8.4857 F800
G1 X24.8161 Y140.5999 Z-8.4857 F800
G1 X24.8907 Y140.6036 Z-8.4857 F800
G1 X24.9653 Y140.5998 Z-8.4857 F800
G1 X25.0392 Y140.5887 Z-8.4857 F800
G1 X25.1116 Y140.5702 Z-8.4857 F800
G1 X68.2184 Y127.2606 Z-8.4857 F800
G1 X68.2351 Y127.2560 Z-8.4857 F800
G1 X68.2471 Y127.2526 Z-8.4857 F800
G1 X68.2775 Y127.2437 Z-8.4857 F800
G1 X68.2900 Y127.2399 Z-8.4857 F800
G1 X68.3316 Y127.2269 Z-8.4857 F800
G1 X68.3445 Y127.2228 Z-8.4857 F800
G1 X68.3969 Y127.2054 Z-8.4857 F800
G1 X68.4101 Y127.2009 Z-8.4857 F800
G1 X68.4727 Y127.1788 Z-8.4857 F800
G1 X68.4863 Y127.1739 Z-8.4857 F800
G1 X68.5585 Y127.1468 Z-8.4857 F800
G1 X68.5724 Y127.1414 Z-8.4857 F800
G1 X68.6538 Y127.1091 Z-8.4857 F800
G1 X68.6681 Y127.1032 Z-8.4857 F800
G1 X68.7580 Y127.0653 Z-8.4857 F800
G1 X68.7727 Y127.0589 Z-8.4857 F800
G1 X68.8707 Y127.0151 Z-8.4857 F800
G1 X68.8857 Y127.0082 Z-8.4857 F800
G1 X68.9912 Y126.9582 Z-8.4857 F800
G1 X69.0065 Y126.9508 Z-8.4857 F800
G1 X69.1190 Y126.8943 Z-8.4857 F800
G1 X69.1346 Y126.8862 Z-8.4857 F800
G1 X69.2536 Y126.8230 Z-8.4857 F800
G1 X69.2695 Y126.8143 Z-8.4857 F800
G1 X69.3945 Y126.7439 Z-8.4857 F800
G1 X69.4106 Y126.7345 Z-8.4857 F800
G1 X69.5410 Y126.6568 Z-8.4857 F800
G1 X69.5574 Y126.6468 Z-8.4857 F800
G1 X69.6926 Y126.5613 Z-8.4857 F800
G1 X69.7092 Y126.5506 Z-8.4857 F800
G1 X69.8488 Y126.4572 Z-8.4857 F800
G1 X69.8655 Y126.4456 Z-8.4857 F800
G1 X70.0089 Y126.3439 Z-8.4857 F800
G1 X70.0258 Y126.3317 Z-8.4857 F800
G1 X70.1725 Y126.2214 Z-8.4857 F800
G1 X70.1894 Y126.2083 Z-8.4857 F800
G1 X70.3389 Y126.0891 Z-8.4857 F800
G1 X70.3558 Y126.0753 Z-8.4857 F800
G1 X70.5075 Y125.9469 Z-8.4857 F800
G1 X70.5243 Y125.9323 Z-8.4857 F800
G1 X70.6778 Y125.7944 Z-8.4857 F800
G1 X70.6945 Y125.7789 Z-8.4857 F800
G1 X70.8491 Y125.6313 Z-8.4857 F800
G1 X70.8656 Y125.6150 Z-8.4857 F800
G1 X71.0209 Y125.4573 Z-8.4857 F800
G1 X71.0372 Y125.4402 Z-8.4857 F800
G1 X71.1926 Y125.2721 Z-8.4857 F800
G1 X71.2085 Y125.2543 Z-8.4857 F800
G1 X71.3635 Y125.0755 Z-8.4857 F800
G1 X71.3791 Y125.0569 Z-8.4857 F800
G1 X71.5331 Y124.8671 Z-8.4857 F800
G1 X71.5483 Y124.8478 Z-8.4857 F800
G1 X71.7008 Y124.6467 Z-8.4857 F800
G1 X71.7155 Y124.6268 Z-8.4857 F800
G1 X71.8660 Y124.4141 Z-8.4857 F800
G1 X71.8801 Y124.3935 Z-8.4857 F800
G1 X72.0281 Y124.1690 Z-8.4857 F800
G1 X72.0416 Y124.1479 Z-8.4857 F800
G1 X72.1865 Y123.9111 Z-8.4857 F800
G1 X72.1993 Y123.8895 Z-8.4857 F800
G1 X72.3407 Y123.6403 Z-8.4857 F800
G1 X72.3527 Y123.6183 Z-8.4857 F800
G1 X72.4899 Y123.3563 Z-8.4857 F800
G1 X72.5012 Y123.3339 Z-8.4857 F800
G1 X72.6338 Y123.0588 Z-8.4857 F800
G1 X72.6442 Y123.0362 Z-8.4857 F800
G1 X72.7717 Y122.7477 Z-8.4857 F800
G1 X72.7813 Y122.7249 Z-8.4857 F800
G1 X72.9030 Y122.4227 Z-8.4857 F800
G1 X72.9118 Y122.3998 Z-8.4857 F800
G1 X73.0273 Y122.0836 Z-8.4857 F800
G1 X73.0353 Y122.0607 Z-8.4857 F800
G1 X73.1440 Y121.7302 Z-8.4857 F800
G1 X73.1511 Y121.7073 Z-8.4857 F800
G1 X73.2525 Y121.3623 Z-8.4857 F800
G1 X73.2588 Y121.3395 Z-8.4857 F800
G1 X73.3524 Y120.9796 Z-8.4857 F800
G1 X73.3579 Y120.9570 Z-8.4857 F800
G1 X73.4432 Y120.5819 Z-8.4857 F800
G1 X73.4479 Y120.5596 Z-8.4857 F800
G1 X73.5242 Y120.1689 Z-8.4857 F800
G1 X73.5282 Y120.1469 Z-8.4857 F800
G1 X73.5951 Y119.7405 Z-8.4857 F800
G1 X73.5984 Y119.7189 Z-8.4857 F800
G1 X73.6554 Y119.2964 Z-8.4857 F800
G1 X73.6579 Y119.2752 Z-8.4857 F800
G1 X73.7044 Y118.8363 Z-8.4857 F800
G1 X73.7063 Y118.8155 Z-8.4857 F800
G1 X73.7419 Y118.3599 Z-8.4857 F800
G1 X73.7432 Y118.3396 Z-8.4857 F800
G1 X73.7671 Y117.8671 Z-8.4857 F800
G1 X73.7679 Y117.8473 Z-8.4857 F800
G1 X73.7798 Y117.3574 Z-8.4857 F800
G1 X73.7799 Y117.3253 Z-8.4857 F800
G1 X73.7685 Y116.7108 Z-8.4857 F800
G1 X73.7674 Y116.6829 Z-8.4857 F800
G1 X73.7206 Y115.8432 Z-8.4857 F800
G1 X73.7194 Y115.8253 Z-8.4857 F800
G1 X73.6351 Y114.7700 Z-8.4857 F800
G1 X73.6340 Y114.7566 Z-8.4857 F800
G1 X73.5105 Y113.4952 Z-8.4857 F800
G1 X73.5094 Y113.4841 Z-8.4857 F800
G1 X73.3448 Y112.0262 Z-8.4857 F800
G1 X73.3437 Y112.0165 Z-8.4857 F800
G1 X73.1362 Y110.3718 Z-8.4857 F800
G1 X73.1350 Y110.3628 Z-8.4857 F800
G1 X72.8826 Y108.5409 Z-8.4857 F800
G1 X72.8814 Y108.5323 Z-8.4857 F800
G1 X72.5823 Y106.5428 Z-8.4857 F800
G1 X72.5810 Y106.5345 Z-8.4857 F800
G1 X72.2333 Y104.3870 Z-8.4857 F800
G1 X72.2319 Y104.3787 Z-8.4857 F800
G1 X71.8338 Y102.0829 Z-8.4857 F800
G1 X71.8323 Y102.0746 Z-8.4857 F800
G1 X71.3817 Y99.6400 Z-8.4857 F800
G1 X71.3801 Y99.6316 Z-8.4857 F800
G1 X70.8754 Y97.0679 Z-8.4857 F800
G1 X70.8736 Y97.0593 Z-8.4857 F800
G1 X70.3127 Y94.3761 Z-8.4857 F800
G1 X70.3108 Y94.3673 Z-8.4857 F800
G1 X69.6919 Y91.5742 Z-8.4857 F800
G1 X69.6899 Y91.5651 Z-8.4857 F800
G1 X69.0111 Y88.6716 Z-8.4857 F800
G1 X69.0088 Y88.6623 Z-8.4857 F800
G1 X68.2683 Y85.6781 Z-8.4857 F800
G1 X68.2658 Y85.6685 Z-8.4857 F800
G1 X67.4617 Y82.6032 Z-8.4857 F800
G1 X67.4590 Y82.5932 Z-8.4857 F800
G1 X66.5893 Y79.4565 Z-8.4857 F800
G1 X66.5863 Y79.4460 Z-8.4857 F800
G1 X65.6493 Y76.2474 Z-8.4857 F800
G1 X65.6460 Y76.2365 Z-8.4857 F800
G1 X64.6397 Y72.9857 Z-8.4857 F800
G1 X64.6360 Y72.9743 Z-8.4857 F800
G1 X63.5586 Y69.6808 Z-8.4857 F800
G1 X63.5545 Y69.6689 Z-8.4857 F800
G1 X62.4041 Y66.3424 Z-8.4857 F800
G1 X62.3996 Y66.3299 Z-8.4857 F800
G1 X61.1742 Y62.9800 Z-8.4857 F800
G1 X61.1693 Y62.9669 Z-8.4857 F800
G1 X59.8671 Y59.6033 Z-8.4857 F800
G1 X59.8616 Y59.5895 Z-8.4857 F800
G1 X58.4808 Y56.2217 Z-8.4857 F800
G1 X58.4747 Y56.2072 Z-8.4857 F800
G1 X57.0134 Y52.8448 Z-8.4857 F800
G1 X57.0066 Y52.8297 Z-8.4857 F800
G1 X55.4628 Y49.4823 Z-8.4857 F800
G1 X55.4553 Y49.4664 Z-8.4857 F800
G1 X53.8272 Y46.1437 Z-8.4857 F800
G1 X53.8188 Y46.1270 Z-8.4857 F800
G1 X52.1046 Y42.8386 Z-8.4857 F800
G1 X52.0952 Y42.8211 Z-8.4857 F800
G1 X50.2929 Y39.5765 Z-8.4857 F800
G1 X50.2824 Y39.5582 Z-8.4857 F800
G1 X48.3902 Y36.3671 Z-8.4857 F800
G1 X48.3784 Y36.3479 Z-8.4857 F800
G1 X46.3944 Y33.2199 Z-8.4857 F800
G1 X46.3813 Y33.1999 Z-8.4857 F800
G1 X44.3036 Y30.1446 Z-8.4857 F800
G1 X44.2889 Y30.1238 Z-8.4857 F800
G1 X42.1157 Y27.1509 Z-8.4857 F800
G1 X42.0992 Y27.1292 Z-8.4857 F800
G1 X39.8286 Y24.2482 Z-8.4857 F800
G1 X39.8102 Y24.2259 Z-8.4857 F800
G1 X37.4403 Y21.4464 Z-8.4857 F800
G1 X37.4198 Y21.4234 Z-8.4857 F800
G1 X34.9487 Y18.7552 Z-8.4857 F800
G1 X34.9260 Y18.7317 Z-8.4857 F800
G1 X32.3518 Y16.1842 Z-8.4857 F800
G1 X32.3266 Y16.1604 Z-8.4857 F800
G1 X29.6474 Y13.7433 Z-8.4857 F800
G1 X29.6197 Y13.7195 Z-8.4857 F800
G1 X26.8337 Y11.4424 Z-8.4857 F800
G1 X26.8032 Y11.4188 Z-8.4857 F800
G1 X23.9085 Y9.2913 Z-8.4857 F800
G1 X23.8752 Y9.2682 Z-8.4857 F800
G1 X20.8700 Y7.3000 Z-8.4857 F800
G1 X20.8339 Y7.2778 Z-8.4857 F800
G1 X17.7162 Y5.4784 Z-8.4857 F800
G1 X17.6775 Y5.4576 Z-8.4857 F800
G1 X14.4455 Y3.8366 Z-8.4857 F800
G1 X14.4043 Y3.8175 Z-8.4857 F800
G1 X11.0560 Y2.3846 Z-8.4857 F800
G1 X11.0127 Y2.3677 Z-8.4857 F800
G1 X7.5463 Y1.1325 Z-8.4857 F800
G1 X7.5012 Y1.1180 Z-8.4857 F800
G1 X3.9148 Y0.0900 Z-8.4857 F800
G1 X3.8684 Y0.0783 Z-8.4857 F800
G1 X0.1602 Y-0.7327 Z-8.4857 F800
G0 Z5.000
( -- pass 10/14, Z=-9.4286 -- )
( eyebrow 1/2 )
G0 X67.9829 Y168.1164 Z5.0000
G1 Z-9.4286 F300
G1 X71.6911 Y167.3054 Z-9.4286 F800
G1 X71.7375 Y167.2937 Z-9.4286 F800
G1 X75.3239 Y166.2658 Z-9.4286 F800
G1 X75.3690 Y166.2513 Z-9.4286 F800
G1 X78.8354 Y165.0161 Z-9.4286 F800
G1 X78.8787 Y164.9991 Z-9.4286 F800
G1 X82.2270 Y163.5662 Z-9.4286 F800
G1 X82.2681 Y163.5471 Z-9.4286 F800
G1 X85.5002 Y161.9262 Z-9.4286 F800
G1 X85.5389 Y161.9053 Z-9.4286 F800
G1 X88.6566 Y160.1059 Z-9.4286 F800
G1 X88.6926 Y160.0838 Z-9.4286 F800
G1 X91.6979 Y158.1155 Z-9.4286 F800
G1 X91.7312 Y158.0924 Z-9.4286 F800
G1 X94.6259 Y155.9650 Z-9.4286 F800
G1 X94.6563 Y155.9413 Z-9.4286 F800
G1 X97.4423 Y153.6643 Z-9.4286 F800
G1 X97.4701 Y153.6404 Z-9.4286 F800
G1 X100.1493 Y151.2233 Z-9.4286 F800
G1 X100.1744 Y151.1995 Z-9.4286 F800
G1 X102.7487 Y148.6521 Z-9.4286 F800
G1 X102.7714 Y148.6286 Z-9.4286 F800
G1 X105.2425 Y145.9603 Z-9.4286 F800
G1 X105.2630 Y145.9373 Z-9.4286 F800
G1 X107.6329 Y143.1579 Z-9.4286 F800
G1 X107.6513 Y143.1355 Z-9.4286 F800
G1 X109.9219 Y140.2545 Z-9.4286 F800
G1 X109.9384 Y140.2329 Z-9.4286 F800
G1 X112.1116 Y137.2600 Z-9.4286 F800
G1 X112.1263 Y137.2391 Z-9.4286 F800
G1 X114.2040 Y134.1839 Z-9.4286 F800
G1 X114.2171 Y134.1638 Z-9.4286 F800
G1 X116.2011 Y131.0359 Z-9.4286 F800
G1 X116.2129 Y131.0167 Z-9.4286 F800
G1 X118.1051 Y127.8256 Z-9.4286 F800
G1 X118.1156 Y127.8073 Z-9.4286 F800
G1 X119.9178 Y124.5627 Z-9.4286 F800
G1 X119.9273 Y124.5452 Z-9.4286 F800
G1 X121.6415 Y121.2567 Z-9.4286 F800
G1 X121.6499 Y121.2400 Z-9.4286 F800
G1 X123.2780 Y117.9173 Z-9.4286 F800
G1 X123.2855 Y117.9014 Z-9.4286 F800
G1 X124.8293 Y114.5541 Z-9.4286 F800
G1 X124.8361 Y114.5389 Z-9.4286 F800
G1 X126.2974 Y111.1765 Z-9.4286 F800
G1 X126.3035 Y111.1621 Z-9.4286 F800
G1 X127.6843 Y107.7942 Z-9.4286 F800
G1 X127.6898 Y107.7805 Z-9.4286 F800
G1 X128.9920 Y104.4168 Z-9.4286 F800
G1 X128.9969 Y104.4037 Z-9.4286 F800
G1 X130.2223 Y101.0538 Z-9.4286 F800
G1 X130.2267 Y101.0413 Z-9.4286 F800
G1 X131.3772 Y97.7149 Z-9.4286 F800
G1 X131.3812 Y97.7029 Z-9.4286 F800
G1 X132.4587 Y94.4095 Z-9.4286 F800
G1 X132.4623 Y94.3981 Z-9.4286 F800
G1 X133.4687 Y91.1473 Z-9.4286 F800
G1 X133.4719 Y91.1363 Z-9.4286 F800
G1 X134.4090 Y87.9378 Z-9.4286 F800
G1 X134.4120 Y87.9273 Z-9.4286 F800
G1 X135.2817 Y84.7906 Z-9.4286 F800
G1 X135.2844 Y84.7805 Z-9.4286 F800
G1 X136.0885 Y81.7153 Z-9.4286 F800
G1 X136.0910 Y81.7056 Z-9.4286 F800
G1 X136.8315 Y78.7214 Z-9.4286 F800
G1 X136.8338 Y78.7121 Z-9.4286 F800
G1 X137.5125 Y75.8186 Z-9.4286 F800
G1 X137.5146 Y75.8096 Z-9.4286 F800
G1 X138.1335 Y73.0164 Z-9.4286 F800
G1 X138.1354 Y73.0076 Z-9.4286 F800
G1 X138.6963 Y70.3244 Z-9.4286 F800
G1 X138.6980 Y70.3158 Z-9.4286 F800
G1 X139.2028 Y67.7521 Z-9.4286 F800
G1 X139.2044 Y67.7437 Z-9.4286 F800
G1 X139.6550 Y65.3091 Z-9.4286 F800
G1 X139.6564 Y65.3008 Z-9.4286 F800
G1 X140.0546 Y63.0050 Z-9.4286 F800
G1 X140.0560 Y62.9967 Z-9.4286 F800
G1 X140.4037 Y60.8493 Z-9.4286 F800
G1 X140.4050 Y60.8409 Z-9.4286 F800
G1 X140.7041 Y58.8514 Z-9.4286 F800
G1 X140.7053 Y58.8428 Z-9.4286 F800
G1 X140.9577 Y57.0210 Z-9.4286 F800
G1 X140.9589 Y57.0120 Z-9.4286 F800
G1 X141.1664 Y55.3673 Z-9.4286 F800
G1 X141.1675 Y55.3575 Z-9.4286 F800
G1 X141.3320 Y53.8997 Z-9.4286 F800
G1 X141.3332 Y53.8886 Z-9.4286 F800
G1 X141.4566 Y52.6272 Z-9.4286 F800
G1 X141.4578 Y52.6138 Z-9.4286 F800
G1 X141.5420 Y51.5584 Z-9.4286 F800
G1 X141.5432 Y51.5405 Z-9.4286 F800
G1 X141.5901 Y50.7008 Z-9.4286 F800
G1 X141.5912 Y50.6729 Z-9.4286 F800
G1 X141.6026 Y50.0585 Z-9.4286 F800
G1 X141.6025 Y50.0263 Z-9.4286 F800
G1 X141.5906 Y49.5365 Z-9.4286 F800
G1 X141.5898 Y49.5167 Z-9.4286 F800
G1 X141.5658 Y49.0441 Z-9.4286 F800
G1 X141.5645 Y49.0238 Z-9.4286 F800
G1 X141.5290 Y48.5682 Z-9.4286 F800
G1 X141.5271 Y48.5475 Z-9.4286 F800
G1 X141.4806 Y48.1086 Z-9.4286 F800
G1 X141.4780 Y48.0874 Z-9.4286 F800
G1 X141.4211 Y47.6649 Z-9.4286 F800
G1 X141.4178 Y47.6432 Z-9.4286 F800
G1 X141.3509 Y47.2368 Z-9.4286 F800
G1 X141.3469 Y47.2148 Z-9.4286 F800
G1 X141.2706 Y46.8242 Z-9.4286 F800
G1 X141.2659 Y46.8019 Z-9.4286 F800
G1 X141.1806 Y46.4268 Z-9.4286 F800
G1 X141.1751 Y46.4042 Z-9.4286 F800
G1 X141.0815 Y46.0442 Z-9.4286 F800
G1 X141.0752 Y46.0215 Z-9.4286 F800
G1 X140.9738 Y45.6764 Z-9.4286 F800
G1 X140.9667 Y45.6536 Z-9.4286 F800
G1 X140.8580 Y45.3231 Z-9.4286 F800
G1 X140.8500 Y45.3002 Z-9.4286 F800
G1 X140.7345 Y44.9840 Z-9.4286 F800
G1 X140.7257 Y44.9611 Z-9.4286 F800
G1 X140.6040 Y44.6589 Z-9.4286 F800
G1 X140.5944 Y44.6361 Z-9.4286 F800
G1 X140.4669 Y44.3476 Z-9.4286 F800
G1 X140.4565 Y44.3250 Z-9.4286 F800
G1 X140.3239 Y44.0499 Z-9.4286 F800
G1 X140.3126 Y44.0275 Z-9.4286 F800
G1 X140.1753 Y43.7655 Z-9.4286 F800
G1 X140.1633 Y43.7434 Z-9.4286 F800
G1 X140.0220 Y43.4942 Z-9.4286 F800
G1 X140.0092 Y43.4726 Z-9.4286 F800
G1 X139.8642 Y43.2359 Z-9.4286 F800
G1 X139.8508 Y43.2148 Z-9.4286 F800
G1 X139.7028 Y42.9902 Z-9.4286 F800
G1 X139.6887 Y42.9696 Z-9.4286 F800
G1 X139.5382 Y42.7570 Z-9.4286 F800
G1 X139.5235 Y42.7370 Z-9.4286 F800
G1 X139.3710 Y42.5359 Z-9.4286 F800
G1 X139.3558 Y42.5166 Z-9.4286 F800
G1 X139.2018 Y42.3269 Z-9.4286 F800
G1 X139.1862 Y42.3083 Z-9.4286 F800
G1 X139.0312 Y42.1295 Z-9.4286 F800
G1 X139.0152 Y42.1116 Z-9.4286 F800
G1 X138.8599 Y41.9435 Z-9.4286 F800
G1 X138.8436 Y41.9264 Z-9.4286 F800
G1 X138.6883 Y41.7687 Z-9.4286 F800
G1 X138.6718 Y41.7524 Z-9.4286 F800
G1 X138.5172 Y41.6048 Z-9.4286 F800
G1 X138.5004 Y41.5893 Z-9.4286 F800
G1 X138.3470 Y41.4515 Z-9.4286 F800
G1 X138.3302 Y41.4368 Z-9.4286 F800
G1 X138.1784 Y41.3085 Z-9.4286 F800
G1 X138.1616 Y41.2946 Z-9.4286 F800
G1 X138.0121 Y41.1754 Z-9.4286 F800
G1 X137.9952 Y41.1624 Z-9.4286 F800
G1 X137.8485 Y41.0521 Z-9.4286 F800
G1 X137.8316 Y41.0398 Z-9.4286 F800
G1 X137.6882 Y40.9381 Z-9.4286 F800
G1 X137.6715 Y40.9266 Z-9.4286 F800
G1 X137.5319 Y40.8332 Z-9.4286 F800
G1 X137.5153 Y40.8224 Z-9.4286 F800
G1 X137.3801 Y40.7370 Z-9.4286 F800
G1 X137.3637 Y40.7269 Z-9.4286 F800
G1 X137.2333 Y40.6492 Z-9.4286 F800
G1 X137.2172 Y40.6398 Z-9.4286 F800
G1 X137.0922 Y40.5695 Z-9.4286 F800
G1 X137.0763 Y40.5608 Z-9.4286 F800
G1 X136.9573 Y40.4975 Z-9.4286 F800
G1 X136.9417 Y40.4895 Z-9.4286 F800
G1 X136.8292 Y40.4330 Z-9.4286 F800
G1 X136.8139 Y40.4255 Z-9.4286 F800
G1 X136.7083 Y40.3755 Z-9.4286 F800
G1 X136.6933 Y40.3686 Z-9.4286 F800
G1 X136.5954 Y40.3248 Z-9.4286 F800
G1 X136.5807 Y40.3184 Z-9.4286 F800
G1 X136.4908 Y40.2805 Z-9.4286 F800
G1 X136.4764 Y40.2747 Z-9.4286 F800
G1 X136.3951 Y40.2423 Z-9.4286 F800
G1 X136.3811 Y40.2369 Z-9.4286 F800
G1 X136.3089 Y40.2099 Z-9.4286 F800
G1 X136.2953 Y40.2049 Z-9.4286 F800
G1 X136.2328 Y40.1829 Z-9.4286 F800
G1 X136.2195 Y40.1783 Z-9.4286 F800
G1 X136.1672 Y40.1609 Z-9.4286 F800
G1 X136.1543 Y40.1568 Z-9.4286 F800
G1 X136.1127 Y40.1438 Z-9.4286 F800
G1 X136.1002 Y40.1400 Z-9.4286 F800
G1 X136.0698 Y40.1311 Z-9.4286 F800
G1 X136.0578 Y40.1277 Z-9.4286 F800
G1 X136.0411 Y40.1231 Z-9.4286 F800
G1 X92.9343 Y26.8136 Z-9.4286 F800
G1 X92.8619 Y26.7951 Z-9.4286 F800
G1 X92.7880 Y26.7839 Z-9.4286 F800
G1 X92.7134 Y26.7802 Z-9.4286 F800
G1 X92.6388 Y26.7839 Z-9.4286 F800
G1 X92.5649 Y26.7949 Z-9.4286 F800
G1 X92.4925 Y26.8133 Z-9.4286 F800
G1 X92.4223 Y26.8388 Z-9.4286 F800
G1 X92.3549 Y26.8712 Z-9.4286 F800
G1 X92.2911 Y26.9101 Z-9.4286 F800
G1 X92.2315 Y26.9551 Z-9.4286 F800
G1 X92.1767 Y27.0059 Z-9.4286 F800
G1 X92.1272 Y27.0618 Z-9.4286 F800
G1 X92.0835 Y27.1225 Z-9.4286 F800
G1 X92.0461 Y27.1871 Z-9.4286 F800
G1 X92.0153 Y27.2552 Z-9.4286 F800
G1 X91.9914 Y27.3259 Z-9.4286 F800
G1 X91.9746 Y27.3988 Z-9.4286 F800
G1 X67.0843 Y167.2523 Z-9.4286 F800
G1 X67.0750 Y167.3253 Z-9.4286 F800
G1 X67.0728 Y167.3988 Z-9.4286 F800
G1 X67.0779 Y167.4722 Z-9.4286 F800
G1 X67.0902 Y167.5447 Z-9.4286 F800
G1 X67.1095 Y167.6157 Z-9.4286 F800
G1 X67.1356 Y167.6845 Z-9.4286 F800
G1 X67.1684 Y167.7503 Z-9.4286 F800
G1 X67.2074 Y167.8126 Z-9.4286 F800
G1 X67.2524 Y167.8708 Z-9.4286 F800
G1 X67.3029 Y167.9244 Z-9.4286 F800
G1 X67.3583 Y167.9727 Z-9.4286 F800
G1 X67.4182 Y168.0153 Z-9.4286 F800
G1 X67.4820 Y168.0519 Z-9.4286 F800
G1 X67.5491 Y168.0821 Z-9.4286 F800
G1 X67.6189 Y168.1055 Z-9.4286 F800
G1 X67.6905 Y168.1220 Z-9.4286 F800
G1 X67.7635 Y168.1314 Z-9.4286 F800
G1 X67.8370 Y168.1336 Z-9.4286 F800
G1 X67.9104 Y168.1286 Z-9.4286 F800
G1 X67.9829 Y168.1164 Z-9.4286 F800
G0 Z5.000
( eyebrow 2/2 )
G0 X0.1602 Y-0.7327 Z5.0000
G1 Z-9.4286 F300
G1 X0.0877 Y-0.7449 Z-9.4286 F800
G1 X0.0143 Y-0.7499 Z-9.4286 F800
G1 X-0.0592 Y-0.7477 Z-9.4286 F800
G1 X-0.1322 Y-0.7383 Z-9.4286 F800
G1 X-0.2038 Y-0.7218 Z-9.4286 F800
G1 X-0.2736 Y-0.6983 Z-9.4286 F800
G1 X-0.3406 Y-0.6682 Z-9.4286 F800
G1 X-0.4045 Y-0.6316 Z-9.4286 F800
G1 X-0.4644 Y-0.5889 Z-9.4286 F800
G1 X-0.5198 Y-0.5406 Z-9.4286 F800
G1 X-0.5703 Y-0.4871 Z-9.4286 F800
G1 X-0.6153 Y-0.4289 Z-9.4286 F800
G1 X-0.6543 Y-0.3666 Z-9.4286 F800
G1 X-0.6871 Y-0.3007 Z-9.4286 F800
G1 X-0.7132 Y-0.2320 Z-9.4286 F800
G1 X-0.7325 Y-0.1610 Z-9.4286 F800
G1 X-0.7448 Y-0.0884 Z-9.4286 F800
G1 X-0.7498 Y-0.0151 Z-9.4286 F800
G1 X-0.7477 Y0.0585 Z-9.4286 F800
G1 X-0.7384 Y0.1314 Z-9.4286 F800
G1 X24.1519 Y139.9850 Z-9.4286 F800
G1 X24.1687 Y140.0578 Z-9.4286 F800
G1 X24.1926 Y140.1286 Z-9.4286 F800
G1 X24.2234 Y140.1966 Z-9.4286 F800
G1 X24.2608 Y140.2613 Z-9.4286 F800
G1 X24.3045 Y140.3219 Z-9.4286 F800
G1 X24.3540 Y140.3779 Z-9.4286 F800
G1 X24.4089 Y140.4286 Z-9.4286 F800
G1 X24.4685 Y140.4737 Z-9.4286 F800
G1 X24.5322 Y140.5126 Z-9.4286 F800
G1 X24.5996 Y140.5449 Z-9.4286 F800
G1 X24.6698 Y140.5704 Z-9.4286 F800
G1 X24.7422 Y140.5888 Z-9.4286 F800
G1 X24.8161 Y140.5999 Z-9.4286 F800
G1 X24.8907 Y140.6036 Z-9.4286 F800
G1 X24.9653 Y140.5998 Z-9.4286 F800
G1 X25.0392 Y140.5887 Z-9.4286 F800
G1 X25.1116 Y140.5702 Z-9.4286 F800
G1 X68.2184 Y127.2606 Z-9.4286 F800
G1 X68.2351 Y127.2560 Z-9.4286 F800
G1 X68.2471 Y127.2526 Z-9.4286 F800
G1 X68.2775 Y127.2437 Z-9.4286 F800
G1 X68.2900 Y127.2399 Z-9.4286 F800
G1 X68.3316 Y127.2269 Z-9.4286 F800
G1 X68.3445 Y127.2228 Z-9.4286 F800
G1 X68.3969 Y127.2054 Z-9.4286 F800
G1 X68.4101 Y127.2009 Z-9.4286 F800
G1 X68.4727 Y127.1788 Z-9.4286 F800
G1 X68.4863 Y127.1739 Z-9.4286 F800
G1 X68.5585 Y127.1468 Z-9.4286 F800
G1 X68.5724 Y127.1414 Z-9.4286 F800
G1 X68.6538 Y127.1091 Z-9.4286 F800
G1 X68.6681 Y127.1032 Z-9.4286 F800
G1 X68.7580 Y127.0653 Z-9.4286 F800
G1 X68.7727 Y127.0589 Z-9.4286 F800
G1 X68.8707 Y127.0151 Z-9.4286 F800
G1 X68.8857 Y127.0082 Z-9.4286 F800
G1 X68.9912 Y126.9582 Z-9.4286 F800
G1 X69.0065 Y126.9508 Z-9.4286 F800
G1 X69.1190 Y126.8943 Z-9.4286 F800
G1 X69.1346 Y126.8862 Z-9.4286 F800
G1 X69.2536 Y126.8230 Z-9.4286 F800
G1 X69.2695 Y126.8143 Z-9.4286 F800
G1 X69.3945 Y126.7439 Z-9.4286 F800
G1 X69.4106 Y126.7345 Z-9.4286 F800
G1 X69.5410 Y126.6568 Z-9.4286 F800
G1 X69.5574 Y126.6468 Z-9.4286 F800
G1 X69.6926 Y126.5613 Z-9.4286 F800
G1 X69.7092 Y126.5506 Z-9.4286 F800
G1 X69.8488 Y126.4572 Z-9.4286 F800
G1 X69.8655 Y126.4456 Z-9.4286 F800
G1 X70.0089 Y126.3439 Z-9.4286 F800
G1 X70.0258 Y126.3317 Z-9.4286 F800
G1 X70.1725 Y126.2214 Z-9.4286 F800
G1 X70.1894 Y126.2083 Z-9.4286 F800
G1 X70.3389 Y126.0891 Z-9.4286 F800
G1 X70.3558 Y126.0753 Z-9.4286 F800
G1 X70.5075 Y125.9469 Z-9.4286 F800
G1 X70.5243 Y125.9323 Z-9.4286 F800
G1 X70.6778 Y125.7944 Z-9.4286 F800
G1 X70.6945 Y125.7789 Z-9.4286 F800
G1 X70.8491 Y125.6313 Z-9.4286 F800
G1 X70.8656 Y125.6150 Z-9.4286 F800
G1 X71.0209 Y125.4573 Z-9.4286 F800
G1 X71.0372 Y125.4402 Z-9.4286 F800
G1 X71.1926 Y125.2721 Z-9.4286 F800
G1 X71.2085 Y125.2543 Z-9.4286 F800
G1 X71.3635 Y125.0755 Z-9.4286 F800
G1 X71.3791 Y125.0569 Z-9.4286 F800
G1 X71.5331 Y124.8671 Z-9.4286 F800
G1 X71.5483 Y124.8478 Z-9.4286 F800
G1 X71.7008 Y124.6467 Z-9.4286 F800
G1 X71.7155 Y124.6268 Z-9.4286 F800
G1 X71.8660 Y124.4141 Z-9.4286 F800
G1 X71.8801 Y124.3935 Z-9.4286 F800
G1 X72.0281 Y124.1690 Z-9.4286 F800
G1 X72.0416 Y124.1479 Z-9.4286 F800
G1 X72.1865 Y123.9111 Z-9.4286 F800
G1 X72.1993 Y123.8895 Z-9.4286 F800
G1 X72.3407 Y123.6403 Z-9.4286 F800
G1 X72.3527 Y123.6183 Z-9.4286 F800
G1 X72.4899 Y123.3563 Z-9.4286 F800
G1 X72.5012 Y123.3339 Z-9.4286 F800
G1 X72.6338 Y123.0588 Z-9.4286 F800
G1 X72.6442 Y123.0362 Z-9.4286 F800
G1 X72.7717 Y122.7477 Z-9.4286 F800
G1 X72.7813 Y122.7249 Z-9.4286 F800
G1 X72.9030 Y122.4227 Z-9.4286 F800
G1 X72.9118 Y122.3998 Z-9.4286 F800
G1 X73.0273 Y122.0836 Z-9.4286 F800
G1 X73.0353 Y122.0607 Z-9.4286 F800
G1 X73.1440 Y121.7302 Z-9.4286 F800
G1 X73.1511 Y121.7073 Z-9.4286 F800
G1 X73.2525 Y121.3623 Z-9.4286 F800
G1 X73.2588 Y121.3395 Z-9.4286 F800
G1 X73.3524 Y120.9796 Z-9.4286 F800
G1 X73.3579 Y120.9570 Z-9.4286 F800
G1 X73.4432 Y120.5819 Z-9.4286 F800
G1 X73.4479 Y120.5596 Z-9.4286 F800
G1 X73.5242 Y120.1689 Z-9.4286 F800
G1 X73.5282 Y120.1469 Z-9.4286 F800
G1 X73.5951 Y119.7405 Z-9.4286 F800
G1 X73.5984 Y119.7189 Z-9.4286 F800
G1 X73.6554 Y119.2964 Z-9.4286 F800
G1 X73.6579 Y119.2752 Z-9.4286 F800
G1 X73.7044 Y118.8363 Z-9.4286 F800
G1 X73.7063 Y118.8155 Z-9.4286 F800
G1 X73.7419 Y118.3599 Z-9.4286 F800
G1 X73.7432 Y118.3396 Z-9.4286 F800
G1 X73.7671 Y117.8671 Z-9.4286 F800
G1 X73.7679 Y117.8473 Z-9.4286 F800
G1 X73.7798 Y117.3574 Z-9.4286 F800
G1 X73.7799 Y117.3253 Z-9.4286 F800
G1 X73.7685 Y116.7108 Z-9.4286 F800
G1 X73.7674 Y116.6829 Z-9.4286 F800
G1 X73.7206 Y115.8432 Z-9.4286 F800
G1 X73.7194 Y115.8253 Z-9.4286 F800
G1 X73.6351 Y114.7700 Z-9.4286 F800
G1 X73.6340 Y114.7566 Z-9.4286 F800
G1 X73.5105 Y113.4952 Z-9.4286 F800
G1 X73.5094 Y113.4841 Z-9.4286 F800
G1 X73.3448 Y112.0262 Z-9.4286 F800
G1 X73.3437 Y112.0165 Z-9.4286 F800
G1 X73.1362 Y110.3718 Z-9.4286 F800
G1 X73.1350 Y110.3628 Z-9.4286 F800
G1 X72.8826 Y108.5409 Z-9.4286 F800
G1 X72.8814 Y108.5323 Z-9.4286 F800
G1 X72.5823 Y106.5428 Z-9.4286 F800
G1 X72.5810 Y106.5345 Z-9.4286 F800
G1 X72.2333 Y104.3870 Z-9.4286 F800
G1 X72.2319 Y104.3787 Z-9.4286 F800
G1 X71.8338 Y102.0829 Z-9.4286 F800
G1 X71.8323 Y102.0746 Z-9.4286 F800
G1 X71.3817 Y99.6400 Z-9.4286 F800
G1 X71.3801 Y99.6316 Z-9.4286 F800
G1 X70.8754 Y97.0679 Z-9.4286 F800
G1 X70.8736 Y97.0593 Z-9.4286 F800
G1 X70.3127 Y94.3761 Z-9.4286 F800
G1 X70.3108 Y94.3673 Z-9.4286 F800
G1 X69.6919 Y91.5742 Z-9.4286 F800
G1 X69.6899 Y91.5651 Z-9.4286 F800
G1 X69.0111 Y88.6716 Z-9.4286 F800
G1 X69.0088 Y88.6623 Z-9.4286 F800
G1 X68.2683 Y85.6781 Z-9.4286 F800
G1 X68.2658 Y85.6685 Z-9.4286 F800
G1 X67.4617 Y82.6032 Z-9.4286 F800
G1 X67.4590 Y82.5932 Z-9.4286 F800
G1 X66.5893 Y79.4565 Z-9.4286 F800
G1 X66.5863 Y79.4460 Z-9.4286 F800
G1 X65.6493 Y76.2474 Z-9.4286 F800
G1 X65.6460 Y76.2365 Z-9.4286 F800
G1 X64.6397 Y72.9857 Z-9.4286 F800
G1 X64.6360 Y72.9743 Z-9.4286 F800
G1 X63.5586 Y69.6808 Z-9.4286 F800
G1 X63.5545 Y69.6689 Z-9.4286 F800
G1 X62.4041 Y66.3424 Z-9.4286 F800
G1 X62.3996 Y66.3299 Z-9.4286 F800
G1 X61.1742 Y62.9800 Z-9.4286 F800
G1 X61.1693 Y62.9669 Z-9.4286 F800
G1 X59.8671 Y59.6033 Z-9.4286 F800
G1 X59.8616 Y59.5895 Z-9.4286 F800
G1 X58.4808 Y56.2217 Z-9.4286 F800
G1 X58.4747 Y56.2072 Z-9.4286 F800
G1 X57.0134 Y52.8448 Z-9.4286 F800
G1 X57.0066 Y52.8297 Z-9.4286 F800
G1 X55.4628 Y49.4823 Z-9.4286 F800
G1 X55.4553 Y49.4664 Z-9.4286 F800
G1 X53.8272 Y46.1437 Z-9.4286 F800
G1 X53.8188 Y46.1270 Z-9.4286 F800
G1 X52.1046 Y42.8386 Z-9.4286 F800
G1 X52.0952 Y42.8211 Z-9.4286 F800
G1 X50.2929 Y39.5765 Z-9.4286 F800
G1 X50.2824 Y39.5582 Z-9.4286 F800
G1 X48.3902 Y36.3671 Z-9.4286 F800
G1 X48.3784 Y36.3479 Z-9.4286 F800
G1 X46.3944 Y33.2199 Z-9.4286 F800
G1 X46.3813 Y33.1999 Z-9.4286 F800
G1 X44.3036 Y30.1446 Z-9.4286 F800
G1 X44.2889 Y30.1238 Z-9.4286 F800
G1 X42.1157 Y27.1509 Z-9.4286 F800
G1 X42.0992 Y27.1292 Z-9.4286 F800
G1 X39.8286 Y24.2482 Z-9.4286 F800
G1 X39.8102 Y24.2259 Z-9.4286 F800
G1 X37.4403 Y21.4464 Z-9.4286 F800
G1 X37.4198 Y21.4234 Z-9.4286 F800
G1 X34.9487 Y18.7552 Z-9.4286 F800
G1 X34.9260 Y18.7317 Z-9.4286 F800
G1 X32.3518 Y16.1842 Z-9.4286 F800
G1 X32.3266 Y16.1604 Z-9.4286 F800
G1 X29.6474 Y13.7433 Z-9.4286 F800
G1 X29.6197 Y13.7195 Z-9.4286 F800
G1 X26.8337 Y11.4424 Z-9.4286 F800
G1 X26.8032 Y11.4188 Z-9.4286 F800
G1 X23.9085 Y9.2913 Z-9.4286 F800
G1 X23.8752 Y9.2682 Z-9.4286 F800
G1 X20.8700 Y7.3000 Z-9.4286 F800
G1 X20.8339 Y7.2778 Z-9.4286 F800
G1 X17.7162 Y5.4784 Z-9.4286 F800
G1 X17.6775 Y5.4576 Z-9.4286 F800
G1 X14.4455 Y3.8366 Z-9.4286 F800
G1 X14.4043 Y3.8175 Z-9.4286 F800
G1 X11.0560 Y2.3846 Z-9.4286 F800
G1 X11.0127 Y2.3677 Z-9.4286 F800
G1 X7.5463 Y1.1325 Z-9.4286 F800
G1 X7.5012 Y1.1180 Z-9.4286 F800
G1 X3.9148 Y0.0900 Z-9.4286 F800
G1 X3.8684 Y0.0783 Z-9.4286 F800
G1 X0.1602 Y-0.7327 Z-9.4286 F800
G0 Z5.000
( -- pass 11/14, Z=-10.3714 -- )
( eyebrow 1/2 )
G0 X67.9829 Y168.1164 Z5.0000
G1 Z-10.3714 F300
G1 X71.6911 Y167.3054 Z-10.3714 F800
G1 X71.7375 Y167.2937 Z-10.3714 F800
G1 X75.3239 Y166.2658 Z-10.3714 F800
G1 X75.3690 Y166.2513 Z-10.3714 F800
G1 X78.8354 Y165.0161 Z-10.3714 F800
G1 X78.8787 Y164.9991 Z-10.3714 F800
G1 X82.2270 Y163.5662 Z-10.3714 F800
G1 X82.2681 Y163.5471 Z-10.3714 F800
G1 X85.5002 Y161.9262 Z-10.3714 F800
G1 X85.5389 Y161.9053 Z-10.3714 F800
G1 X88.6566 Y160.1059 Z-10.3714 F800
G1 X88.6926 Y160.0838 Z-10.3714 F800
G1 X91.6979 Y158.1155 Z-10.3714 F800
G1 X91.7312 Y158.0924 Z-10.3714 F800
G1 X94.6259 Y155.9650 Z-10.3714 F800
G1 X94.6563 Y155.9413 Z-10.3714 F800
G1 X97.4423 Y153.6643 Z-10.3714 F800
G1 X97.4701 Y153.6404 Z-10.3714 F800
G1 X100.1493 Y151.2233 Z-10.3714 F800
G1 X100.1744 Y151.1995 Z-10.3714 F800
G1 X102.7487 Y148.6521 Z-10.3714 F800
G1 X102.7714 Y148.6286 Z-10.3714 F800
G1 X105.2425 Y145.9603 Z-10.3714 F800
G1 X105.2630 Y145.9373 Z-10.3714 F800
G1 X107.6329 Y143.1579 Z-10.3714 F800
G1 X107.6513 Y143.1355 Z-10.3714 F800
G1 X109.9219 Y140.2545 Z-10.3714 F800
G1 X109.9384 Y140.2329 Z-10.3714 F800
G1 X112.1116 Y137.2600 Z-10.3714 F800
G1 X112.1263 Y137.2391 Z-10.3714 F800
G1 X114.2040 Y134.1839 Z-10.3714 F800
G1 X114.2171 Y134.1638 Z-10.3714 F800
G1 X116.2011 Y131.0359 Z-10.3714 F800
G1 X116.2129 Y131.0167 Z-10.3714 F800
G1 X118.1051 Y127.8256 Z-10.3714 F800
G1 X118.1156 Y127.8073 Z-10.3714 F800
G1 X119.9178 Y124.5627 Z-10.3714 F800
G1 X119.9273 Y124.5452 Z-10.3714 F800
G1 X121.6415 Y121.2567 Z-10.3714 F800
G1 X121.6499 Y121.2400 Z-10.3714 F800
G1 X123.2780 Y117.9173 Z-10.3714 F800
G1 X123.2855 Y117.9014 Z-10.3714 F800
G1 X124.8293 Y114.5541 Z-10.3714 F800
G1 X124.8361 Y114.5389 Z-10.3714 F800
G1 X126.2974 Y111.1765 Z-10.3714 F800
G1 X126.3035 Y111.1621 Z-10.3714 F800
G1 X127.6843 Y107.7942 Z-10.3714 F800
G1 X127.6898 Y107.7805 Z-10.3714 F800
G1 X128.9920 Y104.4168 Z-10.3714 F800
G1 X128.9969 Y104.4037 Z-10.3714 F800
G1 X130.2223 Y101.0538 Z-10.3714 F800
G1 X130.2267 Y101.0413 Z-10.3714 F800
G1 X131.3772 Y97.7149 Z-10.3714 F800
G1 X131.3812 Y97.7029 Z-10.3714 F800
G1 X132.4587 Y94.4095 Z-10.3714 F800
G1 X132.4623 Y94.3981 Z-10.3714 F800
G1 X133.4687 Y91.1473 Z-10.3714 F800
G1 X133.4719 Y91.1363 Z-10.3714 F800
G1 X134.4090 Y87.9378 Z-10.3714 F800
G1 X134.4120 Y87.9273 Z-10.3714 F800
G1 X135.2817 Y84.7906 Z-10.3714 F800
G1 X135.2844 Y84.7805 Z-10.3714 F800
G1 X136.0885 Y81.7153 Z-10.3714 F800
G1 X136.0910 Y81.7056 Z-10.3714 F800
G1 X136.8315 Y78.7214 Z-10.3714 F800
G1 X136.8338 Y78.7121 Z-10.3714 F800
G1 X137.5125 Y75.8186 Z-10.3714 F800
G1 X137.5146 Y75.8096 Z-10.3714 F800
G1 X138.1335 Y73.0164 Z-10.3714 F800
G1 X138.1354 Y73.0076 Z-10.3714 F800
G1 X138.6963 Y70.3244 Z-10.3714 F800
G1 X138.6980 Y70.3158 Z-10.3714 F800
G1 X139.2028 Y67.7521 Z-10.3714 F800
G1 X139.2044 Y67.7437 Z-10.3714 F800
G1 X139.6550 Y65.3091 Z-10.3714 F800
G1 X139.6564 Y65.3008 Z-10.3714 F800
G1 X140.0546 Y63.0050 Z-10.3714 F800
G1 X140.0560 Y62.9967 Z-10.3714 F800
G1 X140.4037 Y60.8493 Z-10.3714 F800
G1 X140.4050 Y60.8409 Z-10.3714 F800
G1 X140.7041 Y58.8514 Z-10.3714 F800
G1 X140.7053 Y58.8428 Z-10.3714 F800
G1 X140.9577 Y57.0210 Z-10.3714 F800
G1 X140.9589 Y57.0120 Z-10.3714 F800
G1 X141.1664 Y55.3673 Z-10.3714 F800
G1 X141.1675 Y55.3575 Z-10.3714 F800
G1 X141.3320 Y53.8997 Z-10.3714 F800
G1 X141.3332 Y53.8886 Z-10.3714 F800
G1 X141.4566 Y52.6272 Z-10.3714 F800
G1 X141.4578 Y52.6138 Z-10.3714 F800
G1 X141.5420 Y51.5584 Z-10.3714 F800
G1 X141.5432 Y51.5405 Z-10.3714 F800
G1 X141.5901 Y50.7008 Z-10.3714 F800
G1 X141.5912 Y50.6729 Z-10.3714 F800
G1 X141.6026 Y50.0585 Z-10.3714 F800
G1 X141.6025 Y50.0263 Z-10.3714 F800
G1 X141.5906 Y49.5365 Z-10.3714 F800
G1 X141.5898 Y49.5167 Z-10.3714 F800
G1 X141.5658 Y49.0441 Z-10.3714 F800
G1 X141.5645 Y49.0238 Z-10.3714 F800
G1 X141.5290 Y48.5682 Z-10.3714 F800
G1 X141.5271 Y48.5475 Z-10.3714 F800
G1 X141.4806 Y48.1086 Z-10.3714 F800
G1 X141.4780 Y48.0874 Z-10.3714 F800
G1 X141.4211 Y47.6649 Z-10.3714 F800
G1 X141.4178 Y47.6432 Z-10.3714 F800
G1 X141.3509 Y47.2368 Z-10.3714 F800
G1 X141.3469 Y47.2148 Z-10.3714 F800
G1 X141.2706 Y46.8242 Z-10.3714 F800
G1 X141.2659 Y46.8019 Z-10.3714 F800
G1 X141.1806 Y46.4268 Z-10.3714 F800
G1 X141.1751 Y46.4042 Z-10.3714 F800
G1 X141.0815 Y46.0442 Z-10.3714 F800
G1 X141.0752 Y46.0215 Z-10.3714 F800
G1 X140.9738 Y45.6764 Z-10.3714 F800
G1 X140.9667 Y45.6536 Z-10.3714 F800
G1 X140.8580 Y45.3231 Z-10.3714 F800
G1 X140.8500 Y45.3002 Z-10.3714 F800
G1 X140.7345 Y44.9840 Z-10.3714 F800
G1 X140.7257 Y44.9611 Z-10.3714 F800
G1 X140.6040 Y44.6589 Z-10.3714 F800
G1 X140.5944 Y44.6361 Z-10.3714 F800
G1 X140.4669 Y44.3476 Z-10.3714 F800
G1 X140.4565 Y44.3250 Z-10.3714 F800
G1 X140.3239 Y44.0499 Z-10.3714 F800
G1 X140.3126 Y44.0275 Z-10.3714 F800
G1 X140.1753 Y43.7655 Z-10.3714 F800
G1 X140.1633 Y43.7434 Z-10.3714 F800
G1 X140.0220 Y43.4942 Z-10.3714 F800
G1 X140.0092 Y43.4726 Z-10.3714 F800
G1 X139.8642 Y43.2359 Z-10.3714 F800
G1 X139.8508 Y43.2148 Z-10.3714 F800
G1 X139.7028 Y42.9902 Z-10.3714 F800
G1 X139.6887 Y42.9696 Z-10.3714 F800
G1 X139.5382 Y42.7570 Z-10.3714 F800
G1 X139.5235 Y42.7370 Z-10.3714 F800
G1 X139.3710 Y42.5359 Z-10.3714 F800
G1 X139.3558 Y42.5166 Z-10.3714 F800
G1 X139.2018 Y42.3269 Z-10.3714 F800
G1 X139.1862 Y42.3083 Z-10.3714 F800
G1 X139.0312 Y42.1295 Z-10.3714 F800
G1 X139.0152 Y42.1116 Z-10.3714 F800
G1 X138.8599 Y41.9435 Z-10.3714 F800
G1 X138.8436 Y41.9264 Z-10.3714 F800
G1 X138.6883 Y41.7687 Z-10.3714 F800
G1 X138.6718 Y41.7524 Z-10.3714 F800
G1 X138.5172 Y41.6048 Z-10.3714 F800
G1 X138.5004 Y41.5893 Z-10.3714 F800
G1 X138.3470 Y41.4515 Z-10.3714 F800
G1 X138.3302 Y41.4368 Z-10.3714 F800
G1 X138.1784 Y41.3085 Z-10.3714 F800
G1 X138.1616 Y41.2946 Z-10.3714 F800
G1 X138.0121 Y41.1754 Z-10.3714 F800
G1 X137.9952 Y41.1624 Z-10.3714 F800
G1 X137.8485 Y41.0521 Z-10.3714 F800
G1 X137.8316 Y41.0398 Z-10.3714 F800
G1 X137.6882 Y40.9381 Z-10.3714 F800
G1 X137.6715 Y40.9266 Z-10.3714 F800
G1 X137.5319 Y40.8332 Z-10.3714 F800
G1 X137.5153 Y40.8224 Z-10.3714 F800
G1 X137.3801 Y40.7370 Z-10.3714 F800
G1 X137.3637 Y40.7269 Z-10.3714 F800
G1 X137.2333 Y40.6492 Z-10.3714 F800
G1 X137.2172 Y40.6398 Z-10.3714 F800
G1 X137.0922 Y40.5695 Z-10.3714 F800
G1 X137.0763 Y40.5608 Z-10.3714 F800
G1 X136.9573 Y40.4975 Z-10.3714 F800
G1 X136.9417 Y40.4895 Z-10.3714 F800
G1 X136.8292 Y40.4330 Z-10.3714 F800
G1 X136.8139 Y40.4255 Z-10.3714 F800
G1 X136.7083 Y40.3755 Z-10.3714 F800
G1 X136.6933 Y40.3686 Z-10.3714 F800
G1 X136.5954 Y40.3248 Z-10.3714 F800
G1 X136.5807 Y40.3184 Z-10.3714 F800
G1 X136.4908 Y40.2805 Z-10.3714 F800
G1 X136.4764 Y40.2747 Z-10.3714 F800
G1 X136.3951 Y40.2423 Z-10.3714 F800
G1 X136.3811 Y40.2369 Z-10.3714 F800
G1 X136.3089 Y40.2099 Z-10.3714 F800
G1 X136.2953 Y40.2049 Z-10.3714 F800
G1 X136.2328 Y40.1829 Z-10.3714 F800
G1 X136.2195 Y40.1783 Z-10.3714 F800
G1 X136.1672 Y40.1609 Z-10.3714 F800
G1 X136.1543 Y40.1568 Z-10.3714 F800
G1 X136.1127 Y40.1438 Z-10.3714 F800
G1 X136.1002 Y40.1400 Z-10.3714 F800
G1 X136.0698 Y40.1311 Z-10.3714 F800
G1 X136.0578 Y40.1277 Z-10.3714 F800
G1 X136.0411 Y40.1231 Z-10.3714 F800
G1 X92.9343 Y26.8136 Z-10.3714 F800
G1 X92.8619 Y26.7951 Z-10.3714 F800
G1 X92.7880 Y26.7839 Z-10.3714 F800
G1 X92.7134 Y26.7802 Z-10.3714 F800
G1 X92.6388 Y26.7839 Z-10.3714 F800
G1 X92.5649 Y26.7949 Z-10.3714 F800
G1 X92.4925 Y26.8133 Z-10.3714 F800
G1 X92.4223 Y26.8388 Z-10.3714 F800
G1 X92.3549 Y26.8712 Z-10.3714 F800
G1 X92.2911 Y26.9101 Z-10.3714 F800
G1 X92.2315 Y26.9551 Z-10.3714 F800
G1 X92.1767 Y27.0059 Z-10.3714 F800
G1 X92.1272 Y27.0618 Z-10.3714 F800
G1 X92.0835 Y27.1225 Z-10.3714 F800
G1 X92.0461 Y27.1871 Z-10.3714 F800
G1 X92.0153 Y27.2552 Z-10.3714 F800
G1 X91.9914 Y27.3259 Z-10.3714 F800
G1 X91.9746 Y27.3988 Z-10.3714 F800
G1 X67.0843 Y167.2523 Z-10.3714 F800
G1 X67.0750 Y167.3253 Z-10.3714 F800
G1 X67.0728 Y167.3988 Z-10.3714 F800
G1 X67.0779 Y167.4722 Z-10.3714 F800
G1 X67.0902 Y167.5447 Z-10.3714 F800
G1 X67.1095 Y167.6157 Z-10.3714 F800
G1 X67.1356 Y167.6845 Z-10.3714 F800
G1 X67.1684 Y167.7503 Z-10.3714 F800
G1 X67.2074 Y167.8126 Z-10.3714 F800
G1 X67.2524 Y167.8708 Z-10.3714 F800
G1 X67.3029 Y167.9244 Z-10.3714 F800
G1 X67.3583 Y167.9727 Z-10.3714 F800
G1 X67.4182 Y168.0153 Z-10.3714 F800
G1 X67.4820 Y168.0519 Z-10.3714 F800
G1 X67.5491 Y168.0821 Z-10.3714 F800
G1 X67.6189 Y168.1055 Z-10.3714 F800
G1 X67.6905 Y168.1220 Z-10.3714 F800
G1 X67.7635 Y168.1314 Z-10.3714 F800
G1 X67.8370 Y168.1336 Z-10.3714 F800
G1 X67.9104 Y168.1286 Z-10.3714 F800
G1 X67.9829 Y168.1164 Z-10.3714 F800
G0 Z5.000
( eyebrow 2/2 )
G0 X0.1602 Y-0.7327 Z5.0000
G1 Z-10.3714 F300
G1 X0.0877 Y-0.7449 Z-10.3714 F800
G1 X0.0143 Y-0.7499 Z-10.3714 F800
G1 X-0.0592 Y-0.7477 Z-10.3714 F800
G1 X-0.1322 Y-0.7383 Z-10.3714 F800
G1 X-0.2038 Y-0.7218 Z-10.3714 F800
G1 X-0.2736 Y-0.6983 Z-10.3714 F800
G1 X-0.3406 Y-0.6682 Z-10.3714 F800
G1 X-0.4045 Y-0.6316 Z-10.3714 F800
G1 X-0.4644 Y-0.5889 Z-10.3714 F800
G1 X-0.5198 Y-0.5406 Z-10.3714 F800
G1 X-0.5703 Y-0.4871 Z-10.3714 F800
G1 X-0.6153 Y-0.4289 Z-10.3714 F800
G1 X-0.6543 Y-0.3666 Z-10.3714 F800
G1 X-0.6871 Y-0.3007 Z-10.3714 F800
G1 X-0.7132 Y-0.2320 Z-10.3714 F800
G1 X-0.7325 Y-0.1610 Z-10.3714 F800
G1 X-0.7448 Y-0.0884 Z-10.3714 F800
G1 X-0.7498 Y-0.0151 Z-10.3714 F800
G1 X-0.7477 Y0.0585 Z-10.3714 F800
G1 X-0.7384 Y0.1314 Z-10.3714 F800
G1 X24.1519 Y139.9850 Z-10.3714 F800
G1 X24.1687 Y140.0578 Z-10.3714 F800
G1 X24.1926 Y140.1286 Z-10.3714 F800
G1 X24.2234 Y140.1966 Z-10.3714 F800
G1 X24.2608 Y140.2613 Z-10.3714 F800
G1 X24.3045 Y140.3219 Z-10.3714 F800
G1 X24.3540 Y140.3779 Z-10.3714 F800
G1 X24.4089 Y140.4286 Z-10.3714 F800
G1 X24.4685 Y140.4737 Z-10.3714 F800
G1 X24.5322 Y140.5126 Z-10.3714 F800
G1 X24.5996 Y140.5449 Z-10.3714 F800
G1 X24.6698 Y140.5704 Z-10.3714 F800
G1 X24.7422 Y140.5888 Z-10.3714 F800
G1 X24.8161 Y140.5999 Z-10.3714 F800
G1 X24.8907 Y140.6036 Z-10.3714 F800
G1 X24.9653 Y140.5998 Z-10.3714 F800
G1 X25.0392 Y140.5887 Z-10.3714 F800
G1 X25.1116 Y140.5702 Z-10.3714 F800
G1 X68.2184 Y127.2606 Z-10.3714 F800
G1 X68.2351 Y127.2560 Z-10.3714 F800
G1 X68.2471 Y127.2526 Z-10.3714 F800
G1 X68.2775 Y127.2437 Z-10.3714 F800
G1 X68.2900 Y127.2399 Z-10.3714 F800
G1 X68.3316 Y127.2269 Z-10.3714 F800
G1 X68.3445 Y127.2228 Z-10.3714 F800
G1 X68.3969 Y127.2054 Z-10.3714 F800
G1 X68.4101 Y127.2009 Z-10.3714 F800
G1 X68.4727 Y127.1788 Z-10.3714 F800
G1 X68.4863 Y127.1739 Z-10.3714 F800
G1 X68.5585 Y127.1468 Z-10.3714 F800
G1 X68.5724 Y127.1414 Z-10.3714 F800
G1 X68.6538 Y127.1091 Z-10.3714 F800
G1 X68.6681 Y127.1032 Z-10.3714 F800
G1 X68.7580 Y127.0653 Z-10.3714 F800
G1 X68.7727 Y127.0589 Z-10.3714 F800
G1 X68.8707 Y127.0151 Z-10.3714 F800
G1 X68.8857 Y127.0082 Z-10.3714 F800
G1 X68.9912 Y126.9582 Z-10.3714 F800
G1 X69.0065 Y126.9508 Z-10.3714 F800
G1 X69.1190 Y126.8943 Z-10.3714 F800
G1 X69.1346 Y126.8862 Z-10.3714 F800
G1 X69.2536 Y126.8230 Z-10.3714 F800
G1 X69.2695 Y126.8143 Z-10.3714 F800
G1 X69.3945 Y126.7439 Z-10.3714 F800
G1 X69.4106 Y126.7345 Z-10.3714 F800
G1 X69.5410 Y126.6568 Z-10.3714 F800
G1 X69.5574 Y126.6468 Z-10.3714 F800
G1 X69.6926 Y126.5613 Z-10.3714 F800
G1 X69.7092 Y126.5506 Z-10.3714 F800
G1 X69.8488 Y126.4572 Z-10.3714 F800
G1 X69.8655 Y126.4456 Z-10.3714 F800
G1 X70.0089 Y126.3439 Z-10.3714 F800
G1 X70.0258 Y126.3317 Z-10.3714 F800
G1 X70.1725 Y126.2214 Z-10.3714 F800
G1 X70.1894 Y126.2083 Z-10.3714 F800
G1 X70.3389 Y126.0891 Z-10.3714 F800
G1 X70.3558 Y126.0753 Z-10.3714 F800
G1 X70.5075 Y125.9469 Z-10.3714 F800
G1 X70.5243 Y125.9323 Z-10.3714 F800
G1 X70.6778 Y125.7944 Z-10.3714 F800
G1 X70.6945 Y125.7789 Z-10.3714 F800
G1 X70.8491 Y125.6313 Z-10.3714 F800
G1 X70.8656 Y125.6150 Z-10.3714 F800
G1 X71.0209 Y125.4573 Z-10.3714 F800
G1 X71.0372 Y125.4402 Z-10.3714 F800
G1 X71.1926 Y125.2721 Z-10.3714 F800
G1 X71.2085 Y125.2543 Z-10.3714 F800
G1 X71.3635 Y125.0755 Z-10.3714 F800
G1 X71.3791 Y125.0569 Z-10.3714 F800
G1 X71.5331 Y124.8671 Z-10.3714 F800
G1 X71.5483 Y124.8478 Z-10.3714 F800
G1 X71.7008 Y124.6467 Z-10.3714 F800
G1 X71.7155 Y124.6268 Z-10.3714 F800
G1 X71.8660 Y124.4141 Z-10.3714 F800
G1 X71.8801 Y124.3935 Z-10.3714 F800
G1 X72.0281 Y124.1690 Z-10.3714 F800
G1 X72.0416 Y124.1479 Z-10.3714 F800
G1 X72.1865 Y123.9111 Z-10.3714 F800
G1 X72.1993 Y123.8895 Z-10.3714 F800
G1 X72.3407 Y123.6403 Z-10.3714 F800
G1 X72.3527 Y123.6183 Z-10.3714 F800
G1 X72.4899 Y123.3563 Z-10.3714 F800
G1 X72.5012 Y123.3339 Z-10.3714 F800
G1 X72.6338 Y123.0588 Z-10.3714 F800
G1 X72.6442 Y123.0362 Z-10.3714 F800
G1 X72.7717 Y122.7477 Z-10.3714 F800
G1 X72.7813 Y122.7249 Z-10.3714 F800
G1 X72.9030 Y122.4227 Z-10.3714 F800
G1 X72.9118 Y122.3998 Z-10.3714 F800
G1 X73.0273 Y122.0836 Z-10.3714 F800
G1 X73.0353 Y122.0607 Z-10.3714 F800
G1 X73.1440 Y121.7302 Z-10.3714 F800
G1 X73.1511 Y121.7073 Z-10.3714 F800
G1 X73.2525 Y121.3623 Z-10.3714 F800
G1 X73.2588 Y121.3395 Z-10.3714 F800
G1 X73.3524 Y120.9796 Z-10.3714 F800
G1 X73.3579 Y120.9570 Z-10.3714 F800
G1 X73.4432 Y120.5819 Z-10.3714 F800
G1 X73.4479 Y120.5596 Z-10.3714 F800
G1 X73.5242 Y120.1689 Z-10.3714 F800
G1 X73.5282 Y120.1469 Z-10.3714 F800
G1 X73.5951 Y119.7405 Z-10.3714 F800
G1 X73.5984 Y119.7189 Z-10.3714 F800
G1 X73.6554 Y119.2964 Z-10.3714 F800
G1 X73.6579 Y119.2752 Z-10.3714 F800
G1 X73.7044 Y118.8363 Z-10.3714 F800
G1 X73.7063 Y118.8155 Z-10.3714 F800
G1 X73.7419 Y118.3599 Z-10.3714 F800
G1 X73.7432 Y118.3396 Z-10.3714 F800
G1 X73.7671 Y117.8671 Z-10.3714 F800
G1 X73.7679 Y117.8473 Z-10.3714 F800
G1 X73.7798 Y117.3574 Z-10.3714 F800
G1 X73.7799 Y117.3253 Z-10.3714 F800
G1 X73.7685 Y116.7108 Z-10.3714 F800
G1 X73.7674 Y116.6829 Z-10.3714 F800
G1 X73.7206 Y115.8432 Z-10.3714 F800
G1 X73.7194 Y115.8253 Z-10.3714 F800
G1 X73.6351 Y114.7700 Z-10.3714 F800
G1 X73.6340 Y114.7566 Z-10.3714 F800
G1 X73.5105 Y113.4952 Z-10.3714 F800
G1 X73.5094 Y113.4841 Z-10.3714 F800
G1 X73.3448 Y112.0262 Z-10.3714 F800
G1 X73.3437 Y112.0165 Z-10.3714 F800
G1 X73.1362 Y110.3718 Z-10.3714 F800
G1 X73.1350 Y110.3628 Z-10.3714 F800
G1 X72.8826 Y108.5409 Z-10.3714 F800
G1 X72.8814 Y108.5323 Z-10.3714 F800
G1 X72.5823 Y106.5428 Z-10.3714 F800
G1 X72.5810 Y106.5345 Z-10.3714 F800
G1 X72.2333 Y104.3870 Z-10.3714 F800
G1 X72.2319 Y104.3787 Z-10.3714 F800
G1 X71.8338 Y102.0829 Z-10.3714 F800
G1 X71.8323 Y102.0746 Z-10.3714 F800
G1 X71.3817 Y99.6400 Z-10.3714 F800
G1 X71.3801 Y99.6316 Z-10.3714 F800
G1 X70.8754 Y97.0679 Z-10.3714 F800
G1 X70.8736 Y97.0593 Z-10.3714 F800
G1 X70.3127 Y94.3761 Z-10.3714 F800
G1 X70.3108 Y94.3673 Z-10.3714 F800
G1 X69.6919 Y91.5742 Z-10.3714 F800
G1 X69.6899 Y91.5651 Z-10.3714 F800
G1 X69.0111 Y88.6716 Z-10.3714 F800
G1 X69.0088 Y88.6623 Z-10.3714 F800
G1 X68.2683 Y85.6781 Z-10.3714 F800
G1 X68.2658 Y85.6685 Z-10.3714 F800
G1 X67.4617 Y82.6032 Z-10.3714 F800
G1 X67.4590 Y82.5932 Z-10.3714 F800
G1 X66.5893 Y79.4565 Z-10.3714 F800
G1 X66.5863 Y79.4460 Z-10.3714 F800
G1 X65.6493 Y76.2474 Z-10.3714 F800
G1 X65.6460 Y76.2365 Z-10.3714 F800
G1 X64.6397 Y72.9857 Z-10.3714 F800
G1 X64.6360 Y72.9743 Z-10.3714 F800
G1 X63.5586 Y69.6808 Z-10.3714 F800
G1 X63.5545 Y69.6689 Z-10.3714 F800
G1 X62.4041 Y66.3424 Z-10.3714 F800
G1 X62.3996 Y66.3299 Z-10.3714 F800
G1 X61.1742 Y62.9800 Z-10.3714 F800
G1 X61.1693 Y62.9669 Z-10.3714 F800
G1 X59.8671 Y59.6033 Z-10.3714 F800
G1 X59.8616 Y59.5895 Z-10.3714 F800
G1 X58.4808 Y56.2217 Z-10.3714 F800
G1 X58.4747 Y56.2072 Z-10.3714 F800
G1 X57.0134 Y52.8448 Z-10.3714 F800
G1 X57.0066 Y52.8297 Z-10.3714 F800
G1 X55.4628 Y49.4823 Z-10.3714 F800
G1 X55.4553 Y49.4664 Z-10.3714 F800
G1 X53.8272 Y46.1437 Z-10.3714 F800
G1 X53.8188 Y46.1270 Z-10.3714 F800
G1 X52.1046 Y42.8386 Z-10.3714 F800
G1 X52.0952 Y42.8211 Z-10.3714 F800
G1 X50.2929 Y39.5765 Z-10.3714 F800
G1 X50.2824 Y39.5582 Z-10.3714 F800
G1 X48.3902 Y36.3671 Z-10.3714 F800
G1 X48.3784 Y36.3479 Z-10.3714 F800
G1 X46.3944 Y33.2199 Z-10.3714 F800
G1 X46.3813 Y33.1999 Z-10.3714 F800
G1 X44.3036 Y30.1446 Z-10.3714 F800
G1 X44.2889 Y30.1238 Z-10.3714 F800
G1 X42.1157 Y27.1509 Z-10.3714 F800
G1 X42.0992 Y27.1292 Z-10.3714 F800
G1 X39.8286 Y24.2482 Z-10.3714 F800
G1 X39.8102 Y24.2259 Z-10.3714 F800
G1 X37.4403 Y21.4464 Z-10.3714 F800
G1 X37.4198 Y21.4234 Z-10.3714 F800
G1 X34.9487 Y18.7552 Z-10.3714 F800
G1 X34.9260 Y18.7317 Z-10.3714 F800
G1 X32.3518 Y16.1842 Z-10.3714 F800
G1 X32.3266 Y16.1604 Z-10.3714 F800
G1 X29.6474 Y13.7433 Z-10.3714 F800
G1 X29.6197 Y13.7195 Z-10.3714 F800
G1 X26.8337 Y11.4424 Z-10.3714 F800
G1 X26.8032 Y11.4188 Z-10.3714 F800
G1 X23.9085 Y9.2913 Z-10.3714 F800
G1 X23.8752 Y9.2682 Z-10.3714 F800
G1 X20.8700 Y7.3000 Z-10.3714 F800
G1 X20.8339 Y7.2778 Z-10.3714 F800
G1 X17.7162 Y5.4784 Z-10.3714 F800
G1 X17.6775 Y5.4576 Z-10.3714 F800
G1 X14.4455 Y3.8366 Z-10.3714 F800
G1 X14.4043 Y3.8175 Z-10.3714 F800
G1 X11.0560 Y2.3846 Z-10.3714 F800
G1 X11.0127 Y2.3677 Z-10.3714 F800
G1 X7.5463 Y1.1325 Z-10.3714 F800
G1 X7.5012 Y1.1180 Z-10.3714 F800
G1 X3.9148 Y0.0900 Z-10.3714 F800
G1 X3.8684 Y0.0783 Z-10.3714 F800
G1 X0.1602 Y-0.7327 Z-10.3714 F800
G0 Z5.000
( -- pass 12/14, Z=-11.3143 -- )
( eyebrow 1/2 )
G0 X67.9829 Y168.1164 Z5.0000
G1 Z-11.3143 F300
G1 X71.6911 Y167.3054 Z-11.3143 F800
G1 X71.7375 Y167.2937 Z-11.3143 F800
G1 X75.3239 Y166.2658 Z-11.3143 F800
G1 X75.3690 Y166.2513 Z-11.3143 F800
G1 X78.8354 Y165.0161 Z-11.3143 F800
G1 X78.8787 Y164.9991 Z-11.3143 F800
G1 X82.2270 Y163.5662 Z-11.3143 F800
G1 X82.2681 Y163.5471 Z-11.3143 F800
G1 X85.5002 Y161.9262 Z-11.3143 F800
G1 X85.5389 Y161.9053 Z-11.3143 F800
G1 X88.6566 Y160.1059 Z-11.3143 F800
G1 X88.6926 Y160.0838 Z-11.3143 F800
G1 X91.6979 Y158.1155 Z-11.3143 F800
G1 X91.7312 Y158.0924 Z-11.3143 F800
G1 X94.6259 Y155.9650 Z-11.3143 F800
G1 X94.6563 Y155.9413 Z-11.3143 F800
G1 X97.4423 Y153.6643 Z-11.3143 F800
G1 X97.4701 Y153.6404 Z-11.3143 F800
G1 X100.1493 Y151.2233 Z-11.3143 F800
G1 X100.1744 Y151.1995 Z-11.3143 F800
G1 X102.7487 Y148.6521 Z-11.3143 F800
G1 X102.7714 Y148.6286 Z-11.3143 F800
G1 X105.2425 Y145.9603 Z-11.3143 F800
G1 X105.2630 Y145.9373 Z-11.3143 F800
G1 X107.6329 Y143.1579 Z-11.3143 F800
G1 X107.6513 Y143.1355 Z-11.3143 F800
G1 X109.9219 Y140.2545 Z-11.3143 F800
G1 X109.9384 Y140.2329 Z-11.3143 F800
G1 X112.1116 Y137.2600 Z-11.3143 F800
G1 X112.1263 Y137.2391 Z-11.3143 F800
G1 X114.2040 Y134.1839 Z-11.3143 F800
G1 X114.2171 Y134.1638 Z-11.3143 F800
G1 X116.2011 Y131.0359 Z-11.3143 F800
G1 X116.2129 Y131.0167 Z-11.3143 F800
G1 X118.1051 Y127.8256 Z-11.3143 F800
G1 X118.1156 Y127.8073 Z-11.3143 F800
G1 X119.9178 Y124.5627 Z-11.3143 F800
G1 X119.9273 Y124.5452 Z-11.3143 F800
G1 X121.6415 Y121.2567 Z-11.3143 F800
G1 X121.6499 Y121.2400 Z-11.3143 F800
G1 X123.2780 Y117.9173 Z-11.3143 F800
G1 X123.2855 Y117.9014 Z-11.3143 F800
G1 X124.8293 Y114.5541 Z-11.3143 F800
G1 X124.8361 Y114.5389 Z-11.3143 F800
G1 X126.2974 Y111.1765 Z-11.3143 F800
G1 X126.3035 Y111.1621 Z-11.3143 F800
G1 X127.6843 Y107.7942 Z-11.3143 F800
G1 X127.6898 Y107.7805 Z-11.3143 F800
G1 X128.9920 Y104.4168 Z-11.3143 F800
G1 X128.9969 Y104.4037 Z-11.3143 F800
G1 X130.2223 Y101.0538 Z-11.3143 F800
G1 X130.2267 Y101.0413 Z-11.3143 F800
G1 X131.3772 Y97.7149 Z-11.3143 F800
G1 X131.3812 Y97.7029 Z-11.3143 F800
G1 X132.4587 Y94.4095 Z-11.3143 F800
G1 X132.4623 Y94.3981 Z-11.3143 F800
G1 X133.4687 Y91.1473 Z-11.3143 F800
G1 X133.4719 Y91.1363 Z-11.3143 F800
G1 X134.4090 Y87.9378 Z-11.3143 F800
G1 X134.4120 Y87.9273 Z-11.3143 F800
G1 X135.2817 Y84.7906 Z-11.3143 F800
G1 X135.2844 Y84.7805 Z-11.3143 F800
G1 X136.0885 Y81.7153 Z-11.3143 F800
G1 X136.0910 Y81.7056 Z-11.3143 F800
G1 X136.8315 Y78.7214 Z-11.3143 F800
G1 X136.8338 Y78.7121 Z-11.3143 F800
G1 X137.5125 Y75.8186 Z-11.3143 F800
G1 X137.5146 Y75.8096 Z-11.3143 F800
G1 X138.1335 Y73.0164 Z-11.3143 F800
G1 X138.1354 Y73.0076 Z-11.3143 F800
G1 X138.6963 Y70.3244 Z-11.3143 F800
G1 X138.6980 Y70.3158 Z-11.3143 F800
G1 X139.2028 Y67.7521 Z-11.3143 F800
G1 X139.2044 Y67.7437 Z-11.3143 F800
G1 X139.6550 Y65.3091 Z-11.3143 F800
G1 X139.6564 Y65.3008 Z-11.3143 F800
G1 X140.0546 Y63.0050 Z-11.3143 F800
G1 X140.0560 Y62.9967 Z-11.3143 F800
G1 X140.4037 Y60.8493 Z-11.3143 F800
G1 X140.4050 Y60.8409 Z-11.3143 F800
G1 X140.7041 Y58.8514 Z-11.3143 F800
G1 X140.7053 Y58.8428 Z-11.3143 F800
G1 X140.9577 Y57.0210 Z-11.3143 F800
G1 X140.9589 Y57.0120 Z-11.3143 F800
G1 X141.1664 Y55.3673 Z-11.3143 F800
G1 X141.1675 Y55.3575 Z-11.3143 F800
G1 X141.3320 Y53.8997 Z-11.3143 F800
G1 X141.3332 Y53.8886 Z-11.3143 F800
G1 X141.4566 Y52.6272 Z-11.3143 F800
G1 X141.4578 Y52.6138 Z-11.3143 F800
G1 X141.5420 Y51.5584 Z-11.3143 F800
G1 X141.5432 Y51.5405 Z-11.3143 F800
G1 X141.5901 Y50.7008 Z-11.3143 F800
G1 X141.5912 Y50.6729 Z-11.3143 F800
G1 X141.6026 Y50.0585 Z-11.3143 F800
G1 X141.6025 Y50.0263 Z-11.3143 F800
G1 X141.5906 Y49.5365 Z-11.3143 F800
G1 X141.5898 Y49.5167 Z-11.3143 F800
G1 X141.5658 Y49.0441 Z-11.3143 F800
G1 X141.5645 Y49.0238 Z-11.3143 F800
G1 X141.5290 Y48.5682 Z-11.3143 F800
G1 X141.5271 Y48.5475 Z-11.3143 F800
G1 X141.4806 Y48.1086 Z-11.3143 F800
G1 X141.4780 Y48.0874 Z-11.3143 F800
G1 X141.4211 Y47.6649 Z-11.3143 F800
G1 X141.4178 Y47.6432 Z-11.3143 F800
G1 X141.3509 Y47.2368 Z-11.3143 F800
G1 X141.3469 Y47.2148 Z-11.3143 F800
G1 X141.2706 Y46.8242 Z-11.3143 F800
G1 X141.2659 Y46.8019 Z-11.3143 F800
G1 X141.1806 Y46.4268 Z-11.3143 F800
G1 X141.1751 Y46.4042 Z-11.3143 F800
G1 X141.0815 Y46.0442 Z-11.3143 F800
G1 X141.0752 Y46.0215 Z-11.3143 F800
G1 X140.9738 Y45.6764 Z-11.3143 F800
G1 X140.9667 Y45.6536 Z-11.3143 F800
G1 X140.8580 Y45.3231 Z-11.3143 F800
G1 X140.8500 Y45.3002 Z-11.3143 F800
G1 X140.7345 Y44.9840 Z-11.3143 F800
G1 X140.7257 Y44.9611 Z-11.3143 F800
G1 X140.6040 Y44.6589 Z-11.3143 F800
G1 X140.5944 Y44.6361 Z-11.3143 F800
G1 X140.4669 Y44.3476 Z-11.3143 F800
G1 X140.4565 Y44.3250 Z-11.3143 F800
G1 X140.3239 Y44.0499 Z-11.3143 F800
G1 X140.3126 Y44.0275 Z-11.3143 F800
G1 X140.1753 Y43.7655 Z-11.3143 F800
G1 X140.1633 Y43.7434 Z-11.3143 F800
G1 X140.0220 Y43.4942 Z-11.3143 F800
G1 X140.0092 Y43.4726 Z-11.3143 F800
G1 X139.8642 Y43.2359 Z-11.3143 F800
G1 X139.8508 Y43.2148 Z-11.3143 F800
G1 X139.7028 Y42.9902 Z-11.3143 F800
G1 X139.6887 Y42.9696 Z-11.3143 F800
G1 X139.5382 Y42.7570 Z-11.3143 F800
G1 X139.5235 Y42.7370 Z-11.3143 F800
G1 X139.3710 Y42.5359 Z-11.3143 F800
G1 X139.3558 Y42.5166 Z-11.3143 F800
G1 X139.2018 Y42.3269 Z-11.3143 F800
G1 X139.1862 Y42.3083 Z-11.3143 F800
G1 X139.0312 Y42.1295 Z-11.3143 F800
G1 X139.0152 Y42.1116 Z-11.3143 F800
G1 X138.8599 Y41.9435 Z-11.3143 F800
G1 X138.8436 Y41.9264 Z-11.3143 F800
G1 X138.6883 Y41.7687 Z-11.3143 F800
G1 X138.6718 Y41.7524 Z-11.3143 F800
G1 X138.5172 Y41.6048 Z-11.3143 F800
G1 X138.5004 Y41.5893 Z-11.3143 F800
G1 X138.3470 Y41.4515 Z-11.3143 F800
G1 X138.3302 Y41.4368 Z-11.3143 F800
G1 X138.1784 Y41.3085 Z-11.3143 F800
G1 X138.1616 Y41.2946 Z-11.3143 F800
G1 X138.0121 Y41.1754 Z-11.3143 F800
G1 X137.9952 Y41.1624 Z-11.3143 F800
G1 X137.8485 Y41.0521 Z-11.3143 F800
G1 X137.8316 Y41.0398 Z-11.3143 F800
G1 X137.6882 Y40.9381 Z-11.3143 F800
G1 X137.6715 Y40.9266 Z-11.3143 F800
G1 X137.5319 Y40.8332 Z-11.3143 F800
G1 X137.5153 Y40.8224 Z-11.3143 F800
G1 X137.3801 Y40.7370 Z-11.3143 F800
G1 X137.3637 Y40.7269 Z-11.3143 F800
G1 X137.2333 Y40.6492 Z-11.3143 F800
G1 X137.2172 Y40.6398 Z-11.3143 F800
G1 X137.0922 Y40.5695 Z-11.3143 F800
G1 X137.0763 Y40.5608 Z-11.3143 F800
G1 X136.9573 Y40.4975 Z-11.3143 F800
G1 X136.9417 Y40.4895 Z-11.3143 F800
G1 X136.8292 Y40.4330 Z-11.3143 F800
G1 X136.8139 Y40.4255 Z-11.3143 F800
G1 X136.7083 Y40.3755 Z-11.3143 F800
G1 X136.6933 Y40.3686 Z-11.3143 F800
G1 X136.5954 Y40.3248 Z-11.3143 F800
G1 X136.5807 Y40.3184 Z-11.3143 F800
G1 X136.4908 Y40.2805 Z-11.3143 F800
G1 X136.4764 Y40.2747 Z-11.3143 F800
G1 X136.3951 Y40.2423 Z-11.3143 F800
G1 X136.3811 Y40.2369 Z-11.3143 F800
G1 X136.3089 Y40.2099 Z-11.3143 F800
G1 X136.2953 Y40.2049 Z-11.3143 F800
G1 X136.2328 Y40.1829 Z-11.3143 F800
G1 X136.2195 Y40.1783 Z-11.3143 F800
G1 X136.1672 Y40.1609 Z-11.3143 F800
G1 X136.1543 Y40.1568 Z-11.3143 F800
G1 X136.1127 Y40.1438 Z-11.3143 F800
G1 X136.1002 Y40.1400 Z-11.3143 F800
G1 X136.0698 Y40.1311 Z-11.3143 F800
G1 X136.0578 Y40.1277 Z-11.3143 F800
G1 X136.0411 Y40.1231 Z-11.3143 F800
G1 X92.9343 Y26.8136 Z-11.3143 F800
G1 X92.8619 Y26.7951 Z-11.3143 F800
G1 X92.7880 Y26.7839 Z-11.3143 F800
G1 X92.7134 Y26.7802 Z-11.3143 F800
G1 X92.6388 Y26.7839 Z-11.3143 F800
G1 X92.5649 Y26.7949 Z-11.3143 F800
G1 X92.4925 Y26.8133 Z-11.3143 F800
G1 X92.4223 Y26.8388 Z-11.3143 F800
G1 X92.3549 Y26.8712 Z-11.3143 F800
G1 X92.2911 Y26.9101 Z-11.3143 F800
G1 X92.2315 Y26.9551 Z-11.3143 F800
G1 X92.1767 Y27.0059 Z-11.3143 F800
G1 X92.1272 Y27.0618 Z-11.3143 F800
G1 X92.0835 Y27.1225 Z-11.3143 F800
G1 X92.0461 Y27.1871 Z-11.3143 F800
G1 X92.0153 Y27.2552 Z-11.3143 F800
G1 X91.9914 Y27.3259 Z-11.3143 F800
G1 X91.9746 Y27.3988 Z-11.3143 F800
G1 X67.0843 Y167.2523 Z-11.3143 F800
G1 X67.0750 Y167.3253 Z-11.3143 F800
G1 X67.0728 Y167.3988 Z-11.3143 F800
G1 X67.0779 Y167.4722 Z-11.3143 F800
G1 X67.0902 Y167.5447 Z-11.3143 F800
G1 X67.1095 Y167.6157 Z-11.3143 F800
G1 X67.1356 Y167.6845 Z-11.3143 F800
G1 X67.1684 Y167.7503 Z-11.3143 F800
G1 X67.2074 Y167.8126 Z-11.3143 F800
G1 X67.2524 Y167.8708 Z-11.3143 F800
G1 X67.3029 Y167.9244 Z-11.3143 F800
G1 X67.3583 Y167.9727 Z-11.3143 F800
G1 X67.4182 Y168.0153 Z-11.3143 F800
G1 X67.4820 Y168.0519 Z-11.3143 F800
G1 X67.5491 Y168.0821 Z-11.3143 F800
G1 X67.6189 Y168.1055 Z-11.3143 F800
G1 X67.6905 Y168.1220 Z-11.3143 F800
G1 X67.7635 Y168.1314 Z-11.3143 F800
G1 X67.8370 Y168.1336 Z-11.3143 F800
G1 X67.9104 Y168.1286 Z-11.3143 F800
G1 X67.9829 Y168.1164 Z-11.3143 F800
G0 Z5.000
( eyebrow 2/2 )
G0 X0.1602 Y-0.7327 Z5.0000
G1 Z-11.3143 F300
G1 X0.0877 Y-0.7449 Z-11.3143 F800
G1 X0.0143 Y-0.7499 Z-11.3143 F800
G1 X-0.0592 Y-0.7477 Z-11.3143 F800
G1 X-0.1322 Y-0.7383 Z-11.3143 F800
G1 X-0.2038 Y-0.7218 Z-11.3143 F800
G1 X-0.2736 Y-0.6983 Z-11.3143 F800
G1 X-0.3406 Y-0.6682 Z-11.3143 F800
G1 X-0.4045 Y-0.6316 Z-11.3143 F800
G1 X-0.4644 Y-0.5889 Z-11.3143 F800
G1 X-0.5198 Y-0.5406 Z-11.3143 F800
G1 X-0.5703 Y-0.4871 Z-11.3143 F800
G1 X-0.6153 Y-0.4289 Z-11.3143 F800
G1 X-0.6543 Y-0.3666 Z-11.3143 F800
G1 X-0.6871 Y-0.3007 Z-11.3143 F800
G1 X-0.7132 Y-0.2320 Z-11.3143 F800
G1 X-0.7325 Y-0.1610 Z-11.3143 F800
G1 X-0.7448 Y-0.0884 Z-11.3143 F800
G1 X-0.7498 Y-0.0151 Z-11.3143 F800
G1 X-0.7477 Y0.0585 Z-11.3143 F800
G1 X-0.7384 Y0.1314 Z-11.3143 F800
G1 X24.1519 Y139.9850 Z-11.3143 F800
G1 X24.1687 Y140.0578 Z-11.3143 F800
G1 X24.1926 Y140.1286 Z-11.3143 F800
G1 X24.2234 Y140.1966 Z-11.3143 F800
G1 X24.2608 Y140.2613 Z-11.3143 F800
G1 X24.3045 Y140.3219 Z-11.3143 F800
G1 X24.3540 Y140.3779 Z-11.3143 F800
G1 X24.4089 Y140.4286 Z-11.3143 F800
G1 X24.4685 Y140.4737 Z-11.3143 F800
G1 X24.5322 Y140.5126 Z-11.3143 F800
G1 X24.5996 Y140.5449 Z-11.3143 F800
G1 X24.6698 Y140.5704 Z-11.3143 F800
G1 X24.7422 Y140.5888 Z-11.3143 F800
G1 X24.8161 Y140.5999 Z-11.3143 F800
G1 X24.8907 Y140.6036 Z-11.3143 F800
G1 X24.9653 Y140.5998 Z-11.3143 F800
G1 X25.0392 Y140.5887 Z-11.3143 F800
G1 X25.1116 Y140.5702 Z-11.3143 F800
G1 X68.2184 Y127.2606 Z-11.3143 F800
G1 X68.2351 Y127.2560 Z-11.3143 F800
G1 X68.2471 Y127.2526 Z-11.3143 F800
G1 X68.2775 Y127.2437 Z-11.3143 F800
G1 X68.2900 Y127.2399 Z-11.3143 F800
G1 X68.3316 Y127.2269 Z-11.3143 F800
G1 X68.3445 Y127.2228 Z-11.3143 F800
G1 X68.3969 Y127.2054 Z-11.3143 F800
G1 X68.4101 Y127.2009 Z-11.3143 F800
G1 X68.4727 Y127.1788 Z-11.3143 F800
G1 X68.4863 Y127.1739 Z-11.3143 F800
G1 X68.5585 Y127.1468 Z-11.3143 F800
G1 X68.5724 Y127.1414 Z-11.3143 F800
G1 X68.6538 Y127.1091 Z-11.3143 F800
G1 X68.6681 Y127.1032 Z-11.3143 F800
G1 X68.7580 Y127.0653 Z-11.3143 F800
G1 X68.7727 Y127.0589 Z-11.3143 F800
G1 X68.8707 Y127.0151 Z-11.3143 F800
G1 X68.8857 Y127.0082 Z-11.3143 F800
G1 X68.9912 Y126.9582 Z-11.3143 F800
G1 X69.0065 Y126.9508 Z-11.3143 F800
G1 X69.1190 Y126.8943 Z-11.3143 F800
G1 X69.1346 Y126.8862 Z-11.3143 F800
G1 X69.2536 Y126.8230 Z-11.3143 F800
G1 X69.2695 Y126.8143 Z-11.3143 F800
G1 X69.3945 Y126.7439 Z-11.3143 F800
G1 X69.4106 Y126.7345 Z-11.3143 F800
G1 X69.5410 Y126.6568 Z-11.3143 F800
G1 X69.5574 Y126.6468 Z-11.3143 F800
G1 X69.6926 Y126.5613 Z-11.3143 F800
G1 X69.7092 Y126.5506 Z-11.3143 F800
G1 X69.8488 Y126.4572 Z-11.3143 F800
G1 X69.8655 Y126.4456 Z-11.3143 F800
G1 X70.0089 Y126.3439 Z-11.3143 F800
G1 X70.0258 Y126.3317 Z-11.3143 F800
G1 X70.1725 Y126.2214 Z-11.3143 F800
G1 X70.1894 Y126.2083 Z-11.3143 F800
G1 X70.3389 Y126.0891 Z-11.3143 F800
G1 X70.3558 Y126.0753 Z-11.3143 F800
G1 X70.5075 Y125.9469 Z-11.3143 F800
G1 X70.5243 Y125.9323 Z-11.3143 F800
G1 X70.6778 Y125.7944 Z-11.3143 F800
G1 X70.6945 Y125.7789 Z-11.3143 F800
G1 X70.8491 Y125.6313 Z-11.3143 F800
G1 X70.8656 Y125.6150 Z-11.3143 F800
G1 X71.0209 Y125.4573 Z-11.3143 F800
G1 X71.0372 Y125.4402 Z-11.3143 F800
G1 X71.1926 Y125.2721 Z-11.3143 F800
G1 X71.2085 Y125.2543 Z-11.3143 F800
G1 X71.3635 Y125.0755 Z-11.3143 F800
G1 X71.3791 Y125.0569 Z-11.3143 F800
G1 X71.5331 Y124.8671 Z-11.3143 F800
G1 X71.5483 Y124.8478 Z-11.3143 F800
G1 X71.7008 Y124.6467 Z-11.3143 F800
G1 X71.7155 Y124.6268 Z-11.3143 F800
G1 X71.8660 Y124.4141 Z-11.3143 F800
G1 X71.8801 Y124.3935 Z-11.3143 F800
G1 X72.0281 Y124.1690 Z-11.3143 F800
G1 X72.0416 Y124.1479 Z-11.3143 F800
G1 X72.1865 Y123.9111 Z-11.3143 F800
G1 X72.1993 Y123.8895 Z-11.3143 F800
G1 X72.3407 Y123.6403 Z-11.3143 F800
G1 X72.3527 Y123.6183 Z-11.3143 F800
G1 X72.4899 Y123.3563 Z-11.3143 F800
G1 X72.5012 Y123.3339 Z-11.3143 F800
G1 X72.6338 Y123.0588 Z-11.3143 F800
G1 X72.6442 Y123.0362 Z-11.3143 F800
G1 X72.7717 Y122.7477 Z-11.3143 F800
G1 X72.7813 Y122.7249 Z-11.3143 F800
G1 X72.9030 Y122.4227 Z-11.3143 F800
G1 X72.9118 Y122.3998 Z-11.3143 F800
G1 X73.0273 Y122.0836 Z-11.3143 F800
G1 X73.0353 Y122.0607 Z-11.3143 F800
G1 X73.1440 Y121.7302 Z-11.3143 F800
G1 X73.1511 Y121.7073 Z-11.3143 F800
G1 X73.2525 Y121.3623 Z-11.3143 F800
G1 X73.2588 Y121.3395 Z-11.3143 F800
G1 X73.3524 Y120.9796 Z-11.3143 F800
G1 X73.3579 Y120.9570 Z-11.3143 F800
G1 X73.4432 Y120.5819 Z-11.3143 F800
G1 X73.4479 Y120.5596 Z-11.3143 F800
G1 X73.5242 Y120.1689 Z-11.3143 F800
G1 X73.5282 Y120.1469 Z-11.3143 F800
G1 X73.5951 Y119.7405 Z-11.3143 F800
G1 X73.5984 Y119.7189 Z-11.3143 F800
G1 X73.6554 Y119.2964 Z-11.3143 F800
G1 X73.6579 Y119.2752 Z-11.3143 F800
G1 X73.7044 Y118.8363 Z-11.3143 F800
G1 X73.7063 Y118.8155 Z-11.3143 F800
G1 X73.7419 Y118.3599 Z-11.3143 F800
G1 X73.7432 Y118.3396 Z-11.3143 F800
G1 X73.7671 Y117.8671 Z-11.3143 F800
G1 X73.7679 Y117.8473 Z-11.3143 F800
G1 X73.7798 Y117.3574 Z-11.3143 F800
G1 X73.7799 Y117.3253 Z-11.3143 F800
G1 X73.7685 Y116.7108 Z-11.3143 F800
G1 X73.7674 Y116.6829 Z-11.3143 F800
G1 X73.7206 Y115.8432 Z-11.3143 F800
G1 X73.7194 Y115.8253 Z-11.3143 F800
G1 X73.6351 Y114.7700 Z-11.3143 F800
G1 X73.6340 Y114.7566 Z-11.3143 F800
G1 X73.5105 Y113.4952 Z-11.3143 F800
G1 X73.5094 Y113.4841 Z-11.3143 F800
G1 X73.3448 Y112.0262 Z-11.3143 F800
G1 X73.3437 Y112.0165 Z-11.3143 F800
G1 X73.1362 Y110.3718 Z-11.3143 F800
G1 X73.1350 Y110.3628 Z-11.3143 F800
G1 X72.8826 Y108.5409 Z-11.3143 F800
G1 X72.8814 Y108.5323 Z-11.3143 F800
G1 X72.5823 Y106.5428 Z-11.3143 F800
G1 X72.5810 Y106.5345 Z-11.3143 F800
G1 X72.2333 Y104.3870 Z-11.3143 F800
G1 X72.2319 Y104.3787 Z-11.3143 F800
G1 X71.8338 Y102.0829 Z-11.3143 F800
G1 X71.8323 Y102.0746 Z-11.3143 F800
G1 X71.3817 Y99.6400 Z-11.3143 F800
G1 X71.3801 Y99.6316 Z-11.3143 F800
G1 X70.8754 Y97.0679 Z-11.3143 F800
G1 X70.8736 Y97.0593 Z-11.3143 F800
G1 X70.3127 Y94.3761 Z-11.3143 F800
G1 X70.3108 Y94.3673 Z-11.3143 F800
G1 X69.6919 Y91.5742 Z-11.3143 F800
G1 X69.6899 Y91.5651 Z-11.3143 F800
G1 X69.0111 Y88.6716 Z-11.3143 F800
G1 X69.0088 Y88.6623 Z-11.3143 F800
G1 X68.2683 Y85.6781 Z-11.3143 F800
G1 X68.2658 Y85.6685 Z-11.3143 F800
G1 X67.4617 Y82.6032 Z-11.3143 F800
G1 X67.4590 Y82.5932 Z-11.3143 F800
G1 X66.5893 Y79.4565 Z-11.3143 F800
G1 X66.5863 Y79.4460 Z-11.3143 F800
G1 X65.6493 Y76.2474 Z-11.3143 F800
G1 X65.6460 Y76.2365 Z-11.3143 F800
G1 X64.6397 Y72.9857 Z-11.3143 F800
G1 X64.6360 Y72.9743 Z-11.3143 F800
G1 X63.5586 Y69.6808 Z-11.3143 F800
G1 X63.5545 Y69.6689 Z-11.3143 F800
G1 X62.4041 Y66.3424 Z-11.3143 F800
G1 X62.3996 Y66.3299 Z-11.3143 F800
G1 X61.1742 Y62.9800 Z-11.3143 F800
G1 X61.1693 Y62.9669 Z-11.3143 F800
G1 X59.8671 Y59.6033 Z-11.3143 F800
G1 X59.8616 Y59.5895 Z-11.3143 F800
G1 X58.4808 Y56.2217 Z-11.3143 F800
G1 X58.4747 Y56.2072 Z-11.3143 F800
G1 X57.0134 Y52.8448 Z-11.3143 F800
G1 X57.0066 Y52.8297 Z-11.3143 F800
G1 X55.4628 Y49.4823 Z-11.3143 F800
G1 X55.4553 Y49.4664 Z-11.3143 F800
G1 X53.8272 Y46.1437 Z-11.3143 F800
G1 X53.8188 Y46.1270 Z-11.3143 F800
G1 X52.1046 Y42.8386 Z-11.3143 F800
G1 X52.0952 Y42.8211 Z-11.3143 F800
G1 X50.2929 Y39.5765 Z-11.3143 F800
G1 X50.2824 Y39.5582 Z-11.3143 F800
G1 X48.3902 Y36.3671 Z-11.3143 F800
G1 X48.3784 Y36.3479 Z-11.3143 F800
G1 X46.3944 Y33.2199 Z-11.3143 F800
G1 X46.3813 Y33.1999 Z-11.3143 F800
G1 X44.3036 Y30.1446 Z-11.3143 F800
G1 X44.2889 Y30.1238 Z-11.3143 F800
G1 X42.1157 Y27.1509 Z-11.3143 F800
G1 X42.0992 Y27.1292 Z-11.3143 F800
G1 X39.8286 Y24.2482 Z-11.3143 F800
G1 X39.8102 Y24.2259 Z-11.3143 F800
G1 X37.4403 Y21.4464 Z-11.3143 F800
G1 X37.4198 Y21.4234 Z-11.3143 F800
G1 X34.9487 Y18.7552 Z-11.3143 F800
G1 X34.9260 Y18.7317 Z-11.3143 F800
G1 X32.3518 Y16.1842 Z-11.3143 F800
G1 X32.3266 Y16.1604 Z-11.3143 F800
G1 X29.6474 Y13.7433 Z-11.3143 F800
G1 X29.6197 Y13.7195 Z-11.3143 F800
G1 X26.8337 Y11.4424 Z-11.3143 F800
G1 X26.8032 Y11.4188 Z-11.3143 F800
G1 X23.9085 Y9.2913 Z-11.3143 F800
G1 X23.8752 Y9.2682 Z-11.3143 F800
G1 X20.8700 Y7.3000 Z-11.3143 F800
G1 X20.8339 Y7.2778 Z-11.3143 F800
G1 X17.7162 Y5.4784 Z-11.3143 F800
G1 X17.6775 Y5.4576 Z-11.3143 F800
G1 X14.4455 Y3.8366 Z-11.3143 F800
G1 X14.4043 Y3.8175 Z-11.3143 F800
G1 X11.0560 Y2.3846 Z-11.3143 F800
G1 X11.0127 Y2.3677 Z-11.3143 F800
G1 X7.5463 Y1.1325 Z-11.3143 F800
G1 X7.5012 Y1.1180 Z-11.3143 F800
G1 X3.9148 Y0.0900 Z-11.3143 F800
G1 X3.8684 Y0.0783 Z-11.3143 F800
G1 X0.1602 Y-0.7327 Z-11.3143 F800
G0 Z5.000
( -- pass 13/14, Z=-12.2571 -- )
( eyebrow 1/2 )
G0 X67.9829 Y168.1164 Z5.0000
G1 Z-12.2571 F300
G1 X71.6911 Y167.3054 Z-12.2571 F800
G1 X71.7375 Y167.2937 Z-12.2571 F800
G1 X75.3239 Y166.2658 Z-12.2571 F800
G1 X75.3690 Y166.2513 Z-12.2571 F800
G1 X78.8354 Y165.0161 Z-12.2571 F800
G1 X78.8787 Y164.9991 Z-12.2571 F800
G1 X82.2270 Y163.5662 Z-12.2571 F800
G1 X82.2681 Y163.5471 Z-12.2571 F800
G1 X85.5002 Y161.9262 Z-12.2571 F800
G1 X85.5389 Y161.9053 Z-12.2571 F800
G1 X88.6566 Y160.1059 Z-12.2571 F800
G1 X88.6926 Y160.0838 Z-12.2571 F800
G1 X91.6979 Y158.1155 Z-12.2571 F800
G1 X91.7312 Y158.0924 Z-12.2571 F800
G1 X94.6259 Y155.9650 Z-12.2571 F800
G1 X94.6563 Y155.9413 Z-12.2571 F800
G1 X97.4423 Y153.6643 Z-12.2571 F800
G1 X97.4701 Y153.6404 Z-12.2571 F800
G1 X100.1493 Y151.2233 Z-12.2571 F800
G1 X100.1744 Y151.1995 Z-12.2571 F800
G1 X102.7487 Y148.6521 Z-12.2571 F800
G1 X102.7714 Y148.6286 Z-12.2571 F800
G1 X105.2425 Y145.9603 Z-12.2571 F800
G1 X105.2630 Y145.9373 Z-12.2571 F800
G1 X107.6329 Y143.1579 Z-12.2571 F800
G1 X107.6513 Y143.1355 Z-12.2571 F800
G1 X109.9219 Y140.2545 Z-12.2571 F800
G1 X109.9384 Y140.2329 Z-12.2571 F800
G1 X112.1116 Y137.2600 Z-12.2571 F800
G1 X112.1263 Y137.2391 Z-12.2571 F800
G1 X114.2040 Y134.1839 Z-12.2571 F800
G1 X114.2171 Y134.1638 Z-12.2571 F800
G1 X116.2011 Y131.0359 Z-12.2571 F800
G1 X116.2129 Y131.0167 Z-12.2571 F800
G1 X118.1051 Y127.8256 Z-12.2571 F800
G1 X118.1156 Y127.8073 Z-12.2571 F800
G1 X119.9178 Y124.5627 Z-12.2571 F800
G1 X119.9273 Y124.5452 Z-12.2571 F800
G1 X121.6415 Y121.2567 Z-12.2571 F800
G1 X121.6499 Y121.2400 Z-12.2571 F800
G1 X123.2780 Y117.9173 Z-12.2571 F800
G1 X123.2855 Y117.9014 Z-12.2571 F800
G1 X124.8293 Y114.5541 Z-12.2571 F800
G1 X124.8361 Y114.5389 Z-12.2571 F800
G1 X126.2974 Y111.1765 Z-12.2571 F800
G1 X126.3035 Y111.1621 Z-12.2571 F800
G1 X127.6843 Y107.7942 Z-12.2571 F800
G1 X127.6898 Y107.7805 Z-12.2571 F800
G1 X128.9920 Y104.4168 Z-12.2571 F800
G1 X128.9969 Y104.4037 Z-12.2571 F800
G1 X130.2223 Y101.0538 Z-12.2571 F800
G1 X130.2267 Y101.0413 Z-12.2571 F800
G1 X131.3772 Y97.7149 Z-12.2571 F800
G1 X131.3812 Y97.7029 Z-12.2571 F800
G1 X132.4587 Y94.4095 Z-12.2571 F800
G1 X132.4623 Y94.3981 Z-12.2571 F800
G1 X133.4687 Y91.1473 Z-12.2571 F800
G1 X133.4719 Y91.1363 Z-12.2571 F800
G1 X134.4090 Y87.9378 Z-12.2571 F800
G1 X134.4120 Y87.9273 Z-12.2571 F800
G1 X135.2817 Y84.7906 Z-12.2571 F800
G1 X135.2844 Y84.7805 Z-12.2571 F800
G1 X136.0885 Y81.7153 Z-12.2571 F800
G1 X136.0910 Y81.7056 Z-12.2571 F800
G1 X136.8315 Y78.7214 Z-12.2571 F800
G1 X136.8338 Y78.7121 Z-12.2571 F800
G1 X137.5125 Y75.8186 Z-12.2571 F800
G1 X137.5146 Y75.8096 Z-12.2571 F800
G1 X138.1335 Y73.0164 Z-12.2571 F800
G1 X138.1354 Y73.0076 Z-12.2571 F800
G1 X138.6963 Y70.3244 Z-12.2571 F800
G1 X138.6980 Y70.3158 Z-12.2571 F800
G1 X139.2028 Y67.7521 Z-12.2571 F800
G1 X139.2044 Y67.7437 Z-12.2571 F800
G1 X139.6550 Y65.3091 Z-12.2571 F800
G1 X139.6564 Y65.3008 Z-12.2571 F800
G1 X140.0546 Y63.0050 Z-12.2571 F800
G1 X140.0560 Y62.9967 Z-12.2571 F800
G1 X140.4037 Y60.8493 Z-12.2571 F800
G1 X140.4050 Y60.8409 Z-12.2571 F800
G1 X140.7041 Y58.8514 Z-12.2571 F800
G1 X140.7053 Y58.8428 Z-12.2571 F800
G1 X140.9577 Y57.0210 Z-12.2571 F800
G1 X140.9589 Y57.0120 Z-12.2571 F800
G1 X141.1664 Y55.3673 Z-12.2571 F800
G1 X141.1675 Y55.3575 Z-12.2571 F800
G1 X141.3320 Y53.8997 Z-12.2571 F800
G1 X141.3332 Y53.8886 Z-12.2571 F800
G1 X141.4566 Y52.6272 Z-12.2571 F800
G1 X141.4578 Y52.6138 Z-12.2571 F800
G1 X141.5420 Y51.5584 Z-12.2571 F800
G1 X141.5432 Y51.5405 Z-12.2571 F800
G1 X141.5901 Y50.7008 Z-12.2571 F800
G1 X141.5912 Y50.6729 Z-12.2571 F800
G1 X141.6026 Y50.0585 Z-12.2571 F800
G1 X141.6025 Y50.0263 Z-12.2571 F800
G1 X141.5906 Y49.5365 Z-12.2571 F800
G1 X141.5898 Y49.5167 Z-12.2571 F800
G1 X141.5658 Y49.0441 Z-12.2571 F800
G1 X141.5645 Y49.0238 Z-12.2571 F800
G1 X141.5290 Y48.5682 Z-12.2571 F800
G1 X141.5271 Y48.5475 Z-12.2571 F800
G1 X141.4806 Y48.1086 Z-12.2571 F800
G1 X141.4780 Y48.0874 Z-12.2571 F800
G1 X141.4211 Y47.6649 Z-12.2571 F800
G1 X141.4178 Y47.6432 Z-12.2571 F800
G1 X141.3509 Y47.2368 Z-12.2571 F800
G1 X141.3469 Y47.2148 Z-12.2571 F800
G1 X141.2706 Y46.8242 Z-12.2571 F800
G1 X141.2659 Y46.8019 Z-12.2571 F800
G1 X141.1806 Y46.4268 Z-12.2571 F800
G1 X141.1751 Y46.4042 Z-12.2571 F800
G1 X141.0815 Y46.0442 Z-12.2571 F800
G1 X141.0752 Y46.0215 Z-12.2571 F800
G1 X140.9738 Y45.6764 Z-12.2571 F800
G1 X140.9667 Y45.6536 Z-12.2571 F800
G1 X140.8580 Y45.3231 Z-12.2571 F800
G1 X140.8500 Y45.3002 Z-12.2571 F800
G1 X140.7345 Y44.9840 Z-12.2571 F800
G1 X140.7257 Y44.9611 Z-12.2571 F800
G1 X140.6040 Y44.6589 Z-12.2571 F800
G1 X140.5944 Y44.6361 Z-12.2571 F800
G1 X140.4669 Y44.3476 Z-12.2571 F800
G1 X140.4565 Y44.3250 Z-12.2571 F800
G1 X140.3239 Y44.0499 Z-12.2571 F800
G1 X140.3126 Y44.0275 Z-12.2571 F800
G1 X140.1753 Y43.7655 Z-12.2571 F800
G1 X140.1633 Y43.7434 Z-12.2571 F800
G1 X140.0220 Y43.4942 Z-12.2571 F800
G1 X140.0092 Y43.4726 Z-12.2571 F800
G1 X139.8642 Y43.2359 Z-12.2571 F800
G1 X139.8508 Y43.2148 Z-12.2571 F800
G1 X139.7028 Y42.9902 Z-12.2571 F800
G1 X139.6887 Y42.9696 Z-12.2571 F800
G1 X139.5382 Y42.7570 Z-12.2571 F800
G1 X139.5235 Y42.7370 Z-12.2571 F800
G1 X139.3710 Y42.5359 Z-12.2571 F800
G1 X139.3558 Y42.5166 Z-12.2571 F800
G1 X139.2018 Y42.3269 Z-12.2571 F800
G1 X139.1862 Y42.3083 Z-12.2571 F800
G1 X139.0312 Y42.1295 Z-12.2571 F800
G1 X139.0152 Y42.1116 Z-12.2571 F800
G1 X138.8599 Y41.9435 Z-12.2571 F800
G1 X138.8436 Y41.9264 Z-12.2571 F800
G1 X138.6883 Y41.7687 Z-12.2571 F800
G1 X138.6718 Y41.7524 Z-12.2571 F800
G1 X138.5172 Y41.6048 Z-12.2571 F800
G1 X138.5004 Y41.5893 Z-12.2571 F800
G1 X138.3470 Y41.4515 Z-12.2571 F800
G1 X138.3302 Y41.4368 Z-12.2571 F800
G1 X138.1784 Y41.3085 Z-12.2571 F800
G1 X138.1616 Y41.2946 Z-12.2571 F800
G1 X138.0121 Y41.1754 Z-12.2571 F800
G1 X137.9952 Y41.1624 Z-12.2571 F800
G1 X137.8485 Y41.0521 Z-12.2571 F800
G1 X137.8316 Y41.0398 Z-12.2571 F800
G1 X137.6882 Y40.9381 Z-12.2571 F800
G1 X137.6715 Y40.9266 Z-12.2571 F800
G1 X137.5319 Y40.8332 Z-12.2571 F800
G1 X137.5153 Y40.8224 Z-12.2571 F800
G1 X137.3801 Y40.7370 Z-12.2571 F800
G1 X137.3637 Y40.7269 Z-12.2571 F800
G1 X137.2333 Y40.6492 Z-12.2571 F800
G1 X137.2172 Y40.6398 Z-12.2571 F800
G1 X137.0922 Y40.5695 Z-12.2571 F800
G1 X137.0763 Y40.5608 Z-12.2571 F800
G1 X136.9573 Y40.4975 Z-12.2571 F800
G1 X136.9417 Y40.4895 Z-12.2571 F800
G1 X136.8292 Y40.4330 Z-12.2571 F800
G1 X136.8139 Y40.4255 Z-12.2571 F800
G1 X136.7083 Y40.3755 Z-12.2571 F800
G1 X136.6933 Y40.3686 Z-12.2571 F800
G1 X136.5954 Y40.3248 Z-12.2571 F800
G1 X136.5807 Y40.3184 Z-12.2571 F800
G1 X136.4908 Y40.2805 Z-12.2571 F800
G1 X136.4764 Y40.2747 Z-12.2571 F800
G1 X136.3951 Y40.2423 Z-12.2571 F800
G1 X136.3811 Y40.2369 Z-12.2571 F800
G1 X136.3089 Y40.2099 Z-12.2571 F800
G1 X136.2953 Y40.2049 Z-12.2571 F800
G1 X136.2328 Y40.1829 Z-12.2571 F800
G1 X136.2195 Y40.1783 Z-12.2571 F800
G1 X136.1672 Y40.1609 Z-12.2571 F800
G1 X136.1543 Y40.1568 Z-12.2571 F800
G1 X136.1127 Y40.1438 Z-12.2571 F800
G1 X136.1002 Y40.1400 Z-12.2571 F800
G1 X136.0698 Y40.1311 Z-12.2571 F800
G1 X136.0578 Y40.1277 Z-12.2571 F800
G1 X136.0411 Y40.1231 Z-12.2571 F800
G1 X92.9343 Y26.8136 Z-12.2571 F800
G1 X92.8619 Y26.7951 Z-12.2571 F800
G1 X92.7880 Y26.7839 Z-12.2571 F800
G1 X92.7134 Y26.7802 Z-12.2571 F800
G1 X92.6388 Y26.7839 Z-12.2571 F800
G1 X92.5649 Y26.7949 Z-12.2571 F800
G1 X92.4925 Y26.8133 Z-12.2571 F800
G1 X92.4223 Y26.8388 Z-12.2571 F800
G1 X92.3549 Y26.8712 Z-12.2571 F800
G1 X92.2911 Y26.9101 Z-12.2571 F800
G1 X92.2315 Y26.9551 Z-12.2571 F800
G1 X92.1767 Y27.0059 Z-12.2571 F800
G1 X92.1272 Y27.0618 Z-12.2571 F800
G1 X92.0835 Y27.1225 Z-12.2571 F800
G1 X92.0461 Y27.1871 Z-12.2571 F800
G1 X92.0153 Y27.2552 Z-12.2571 F800
G1 X91.9914 Y27.3259 Z-12.2571 F800
G1 X91.9746 Y27.3988 Z-12.2571 F800
G1 X67.0843 Y167.2523 Z-12.2571 F800
G1 X67.0750 Y167.3253 Z-12.2571 F800
G1 X67.0728 Y167.3988 Z-12.2571 F800
G1 X67.0779 Y167.4722 Z-12.2571 F800
G1 X67.0902 Y167.5447 Z-12.2571 F800
G1 X67.1095 Y167.6157 Z-12.2571 F800
G1 X67.1356 Y167.6845 Z-12.2571 F800
G1 X67.1684 Y167.7503 Z-12.2571 F800
G1 X67.2074 Y167.8126 Z-12.2571 F800
G1 X67.2524 Y167.8708 Z-12.2571 F800
G1 X67.3029 Y167.9244 Z-12.2571 F800
G1 X67.3583 Y167.9727 Z-12.2571 F800
G1 X67.4182 Y168.0153 Z-12.2571 F800
G1 X67.4820 Y168.0519 Z-12.2571 F800
G1 X67.5491 Y168.0821 Z-12.2571 F800
G1 X67.6189 Y168.1055 Z-12.2571 F800
G1 X67.6905 Y168.1220 Z-12.2571 F800
G1 X67.7635 Y168.1314 Z-12.2571 F800
G1 X67.8370 Y168.1336 Z-12.2571 F800
G1 X67.9104 Y168.1286 Z-12.2571 F800
G1 X67.9829 Y168.1164 Z-12.2571 F800
G0 Z5.000
( eyebrow 2/2 )
G0 X0.1602 Y-0.7327 Z5.0000
G1 Z-12.2571 F300
G1 X0.0877 Y-0.7449 Z-12.2571 F800
G1 X0.0143 Y-0.7499 Z-12.2571 F800
G1 X-0.0592 Y-0.7477 Z-12.2571 F800
G1 X-0.1322 Y-0.7383 Z-12.2571 F800
G1 X-0.2038 Y-0.7218 Z-12.2571 F800
G1 X-0.2736 Y-0.6983 Z-12.2571 F800
G1 X-0.3406 Y-0.6682 Z-12.2571 F800
G1 X-0.4045 Y-0.6316 Z-12.2571 F800
G1 X-0.4644 Y-0.5889 Z-12.2571 F800
G1 X-0.5198 Y-0.5406 Z-12.2571 F800
G1 X-0.5703 Y-0.4871 Z-12.2571 F800
G1 X-0.6153 Y-0.4289 Z-12.2571 F800
G1 X-0.6543 Y-0.3666 Z-12.2571 F800
G1 X-0.6871 Y-0.3007 Z-12.2571 F800
G1 X-0.7132 Y-0.2320 Z-12.2571 F800
G1 X-0.7325 Y-0.1610 Z-12.2571 F800
G1 X-0.7448 Y-0.0884 Z-12.2571 F800
G1 X-0.7498 Y-0.0151 Z-12.2571 F800
G1 X-0.7477 Y0.0585 Z-12.2571 F800
G1 X-0.7384 Y0.1314 Z-12.2571 F800
G1 X24.1519 Y139.9850 Z-12.2571 F800
G1 X24.1687 Y140.0578 Z-12.2571 F800
G1 X24.1926 Y140.1286 Z-12.2571 F800
G1 X24.2234 Y140.1966 Z-12.2571 F800
G1 X24.2608 Y140.2613 Z-12.2571 F800
G1 X24.3045 Y140.3219 Z-12.2571 F800
G1 X24.3540 Y140.3779 Z-12.2571 F800
G1 X24.4089 Y140.4286 Z-12.2571 F800
G1 X24.4685 Y140.4737 Z-12.2571 F800
G1 X24.5322 Y140.5126 Z-12.2571 F800
G1 X24.5996 Y140.5449 Z-12.2571 F800
G1 X24.6698 Y140.5704 Z-12.2571 F800
G1 X24.7422 Y140.5888 Z-12.2571 F800
G1 X24.8161 Y140.5999 Z-12.2571 F800
G1 X24.8907 Y140.6036 Z-12.2571 F800
G1 X24.9653 Y140.5998 Z-12.2571 F800
G1 X25.0392 Y140.5887 Z-12.2571 F800
G1 X25.1116 Y140.5702 Z-12.2571 F800
G1 X68.2184 Y127.2606 Z-12.2571 F800
G1 X68.2351 Y127.2560 Z-12.2571 F800
G1 X68.2471 Y127.2526 Z-12.2571 F800
G1 X68.2775 Y127.2437 Z-12.2571 F800
G1 X68.2900 Y127.2399 Z-12.2571 F800
G1 X68.3316 Y127.2269 Z-12.2571 F800
G1 X68.3445 Y127.2228 Z-12.2571 F800
G1 X68.3969 Y127.2054 Z-12.2571 F800
G1 X68.4101 Y127.2009 Z-12.2571 F800
G1 X68.4727 Y127.1788 Z-12.2571 F800
G1 X68.4863 Y127.1739 Z-12.2571 F800
G1 X68.5585 Y127.1468 Z-12.2571 F800
G1 X68.5724 Y127.1414 Z-12.2571 F800
G1 X68.6538 Y127.1091 Z-12.2571 F800
G1 X68.6681 Y127.1032 Z-12.2571 F800
G1 X68.7580 Y127.0653 Z-12.2571 F800
G1 X68.7727 Y127.0589 Z-12.2571 F800
G1 X68.8707 Y127.0151 Z-12.2571 F800
G1 X68.8857 Y127.0082 Z-12.2571 F800
G1 X68.9912 Y126.9582 Z-12.2571 F800
G1 X69.0065 Y126.9508 Z-12.2571 F800
G1 X69.1190 Y126.8943 Z-12.2571 F800
G1 X69.1346 Y126.8862 Z-12.2571 F800
G1 X69.2536 Y126.8230 Z-12.2571 F800
G1 X69.2695 Y126.8143 Z-12.2571 F800
G1 X69.3945 Y126.7439 Z-12.2571 F800
G1 X69.4106 Y126.7345 Z-12.2571 F800
G1 X69.5410 Y126.6568 Z-12.2571 F800
G1 X69.5574 Y126.6468 Z-12.2571 F800
G1 X69.6926 Y126.5613 Z-12.2571 F800
G1 X69.7092 Y126.5506 Z-12.2571 F800
G1 X69.8488 Y126.4572 Z-12.2571 F800
G1 X69.8655 Y126.4456 Z-12.2571 F800
G1 X70.0089 Y126.3439 Z-12.2571 F800
G1 X70.0258 Y126.3317 Z-12.2571 F800
G1 X70.1725 Y126.2214 Z-12.2571 F800
G1 X70.1894 Y126.2083 Z-12.2571 F800
G1 X70.3389 Y126.0891 Z-12.2571 F800
G1 X70.3558 Y126.0753 Z-12.2571 F800
G1 X70.5075 Y125.9469 Z-12.2571 F800
G1 X70.5243 Y125.9323 Z-12.2571 F800
G1 X70.6778 Y125.7944 Z-12.2571 F800
G1 X70.6945 Y125.7789 Z-12.2571 F800
G1 X70.8491 Y125.6313 Z-12.2571 F800
G1 X70.8656 Y125.6150 Z-12.2571 F800
G1 X71.0209 Y125.4573 Z-12.2571 F800
G1 X71.0372 Y125.4402 Z-12.2571 F800
G1 X71.1926 Y125.2721 Z-12.2571 F800
G1 X71.2085 Y125.2543 Z-12.2571 F800
G1 X71.3635 Y125.0755 Z-12.2571 F800
G1 X71.3791 Y125.0569 Z-12.2571 F800
G1 X71.5331 Y124.8671 Z-12.2571 F800
G1 X71.5483 Y124.8478 Z-12.2571 F800
G1 X71.7008 Y124.6467 Z-12.2571 F800
G1 X71.7155 Y124.6268 Z-12.2571 F800
G1 X71.8660 Y124.4141 Z-12.2571 F800
G1 X71.8801 Y124.3935 Z-12.2571 F800
G1 X72.0281 Y124.1690 Z-12.2571 F800
G1 X72.0416 Y124.1479 Z-12.2571 F800
G1 X72.1865 Y123.9111 Z-12.2571 F800
G1 X72.1993 Y123.8895 Z-12.2571 F800
G1 X72.3407 Y123.6403 Z-12.2571 F800
G1 X72.3527 Y123.6183 Z-12.2571 F800
G1 X72.4899 Y123.3563 Z-12.2571 F800
G1 X72.5012 Y123.3339 Z-12.2571 F800
G1 X72.6338 Y123.0588 Z-12.2571 F800
G1 X72.6442 Y123.0362 Z-12.2571 F800
G1 X72.7717 Y122.7477 Z-12.2571 F800
G1 X72.7813 Y122.7249 Z-12.2571 F800
G1 X72.9030 Y122.4227 Z-12.2571 F800
G1 X72.9118 Y122.3998 Z-12.2571 F800
G1 X73.0273 Y122.0836 Z-12.2571 F800
G1 X73.0353 Y122.0607 Z-12.2571 F800
G1 X73.1440 Y121.7302 Z-12.2571 F800
G1 X73.1511 Y121.7073 Z-12.2571 F800
G1 X73.2525 Y121.3623 Z-12.2571 F800
G1 X73.2588 Y121.3395 Z-12.2571 F800
G1 X73.3524 Y120.9796 Z-12.2571 F800
G1 X73.3579 Y120.9570 Z-12.2571 F800
G1 X73.4432 Y120.5819 Z-12.2571 F800
G1 X73.4479 Y120.5596 Z-12.2571 F800
G1 X73.5242 Y120.1689 Z-12.2571 F800
G1 X73.5282 Y120.1469 Z-12.2571 F800
G1 X73.5951 Y119.7405 Z-12.2571 F800
G1 X73.5984 Y119.7189 Z-12.2571 F800
G1 X73.6554 Y119.2964 Z-12.2571 F800
G1 X73.6579 Y119.2752 Z-12.2571 F800
G1 X73.7044 Y118.8363 Z-12.2571 F800
G1 X73.7063 Y118.8155 Z-12.2571 F800
G1 X73.7419 Y118.3599 Z-12.2571 F800
G1 X73.7432 Y118.3396 Z-12.2571 F800
G1 X73.7671 Y117.8671 Z-12.2571 F800
G1 X73.7679 Y117.8473 Z-12.2571 F800
G1 X73.7798 Y117.3574 Z-12.2571 F800
G1 X73.7799 Y117.3253 Z-12.2571 F800
G1 X73.7685 Y116.7108 Z-12.2571 F800
G1 X73.7674 Y116.6829 Z-12.2571 F800
G1 X73.7206 Y115.8432 Z-12.2571 F800
G1 X73.7194 Y115.8253 Z-12.2571 F800
G1 X73.6351 Y114.7700 Z-12.2571 F800
G1 X73.6340 Y114.7566 Z-12.2571 F800
G1 X73.5105 Y113.4952 Z-12.2571 F800
G1 X73.5094 Y113.4841 Z-12.2571 F800
G1 X73.3448 Y112.0262 Z-12.2571 F800
G1 X73.3437 Y112.0165 Z-12.2571 F800
G1 X73.1362 Y110.3718 Z-12.2571 F800
G1 X73.1350 Y110.3628 Z-12.2571 F800
G1 X72.8826 Y108.5409 Z-12.2571 F800
G1 X72.8814 Y108.5323 Z-12.2571 F800
G1 X72.5823 Y106.5428 Z-12.2571 F800
G1 X72.5810 Y106.5345 Z-12.2571 F800
G1 X72.2333 Y104.3870 Z-12.2571 F800
G1 X72.2319 Y104.3787 Z-12.2571 F800
G1 X71.8338 Y102.0829 Z-12.2571 F800
G1 X71.8323 Y102.0746 Z-12.2571 F800
G1 X71.3817 Y99.6400 Z-12.2571 F800
G1 X71.3801 Y99.6316 Z-12.2571 F800
G1 X70.8754 Y97.0679 Z-12.2571 F800
G1 X70.8736 Y97.0593 Z-12.2571 F800
G1 X70.3127 Y94.3761 Z-12.2571 F800
G1 X70.3108 Y94.3673 Z-12.2571 F800
G1 X69.6919 Y91.5742 Z-12.2571 F800
G1 X69.6899 Y91.5651 Z-12.2571 F800
G1 X69.0111 Y88.6716 Z-12.2571 F800
G1 X69.0088 Y88.6623 Z-12.2571 F800
G1 X68.2683 Y85.6781 Z-12.2571 F800
G1 X68.2658 Y85.6685 Z-12.2571 F800
G1 X67.4617 Y82.6032 Z-12.2571 F800
G1 X67.4590 Y82.5932 Z-12.2571 F800
G1 X66.5893 Y79.4565 Z-12.2571 F800
G1 X66.5863 Y79.4460 Z-12.2571 F800
G1 X65.6493 Y76.2474 Z-12.2571 F800
G1 X65.6460 Y76.2365 Z-12.2571 F800
G1 X64.6397 Y72.9857 Z-12.2571 F800
G1 X64.6360 Y72.9743 Z-12.2571 F800
G1 X63.5586 Y69.6808 Z-12.2571 F800
G1 X63.5545 Y69.6689 Z-12.2571 F800
G1 X62.4041 Y66.3424 Z-12.2571 F800
G1 X62.3996 Y66.3299 Z-12.2571 F800
G1 X61.1742 Y62.9800 Z-12.2571 F800
G1 X61.1693 Y62.9669 Z-12.2571 F800
G1 X59.8671 Y59.6033 Z-12.2571 F800
G1 X59.8616 Y59.5895 Z-12.2571 F800
G1 X58.4808 Y56.2217 Z-12.2571 F800
G1 X58.4747 Y56.2072 Z-12.2571 F800
G1 X57.0134 Y52.8448 Z-12.2571 F800
G1 X57.0066 Y52.8297 Z-12.2571 F800
G1 X55.4628 Y49.4823 Z-12.2571 F800
G1 X55.4553 Y49.4664 Z-12.2571 F800
G1 X53.8272 Y46.1437 Z-12.2571 F800
G1 X53.8188 Y46.1270 Z-12.2571 F800
G1 X52.1046 Y42.8386 Z-12.2571 F800
G1 X52.0952 Y42.8211 Z-12.2571 F800
G1 X50.2929 Y39.5765 Z-12.2571 F800
G1 X50.2824 Y39.5582 Z-12.2571 F800
G1 X48.3902 Y36.3671 Z-12.2571 F800
G1 X48.3784 Y36.3479 Z-12.2571 F800
G1 X46.3944 Y33.2199 Z-12.2571 F800
G1 X46.3813 Y33.1999 Z-12.2571 F800
G1 X44.3036 Y30.1446 Z-12.2571 F800
G1 X44.2889 Y30.1238 Z-12.2571 F800
G1 X42.1157 Y27.1509 Z-12.2571 F800
G1 X42.0992 Y27.1292 Z-12.2571 F800
G1 X39.8286 Y24.2482 Z-12.2571 F800
G1 X39.8102 Y24.2259 Z-12.2571 F800
G1 X37.4403 Y21.4464 Z-12.2571 F800
G1 X37.4198 Y21.4234 Z-12.2571 F800
G1 X34.9487 Y18.7552 Z-12.2571 F800
G1 X34.9260 Y18.7317 Z-12.2571 F800
G1 X32.3518 Y16.1842 Z-12.2571 F800
G1 X32.3266 Y16.1604 Z-12.2571 F800
G1 X29.6474 Y13.7433 Z-12.2571 F800
G1 X29.6197 Y13.7195 Z-12.2571 F800
G1 X26.8337 Y11.4424 Z-12.2571 F800
G1 X26.8032 Y11.4188 Z-12.2571 F800
G1 X23.9085 Y9.2913 Z-12.2571 F800
G1 X23.8752 Y9.2682 Z-12.2571 F800
G1 X20.8700 Y7.3000 Z-12.2571 F800
G1 X20.8339 Y7.2778 Z-12.2571 F800
G1 X17.7162 Y5.4784 Z-12.2571 F800
G1 X17.6775 Y5.4576 Z-12.2571 F800
G1 X14.4455 Y3.8366 Z-12.2571 F800
G1 X14.4043 Y3.8175 Z-12.2571 F800
G1 X11.0560 Y2.3846 Z-12.2571 F800
G1 X11.0127 Y2.3677 Z-12.2571 F800
G1 X7.5463 Y1.1325 Z-12.2571 F800
G1 X7.5012 Y1.1180 Z-12.2571 F800
G1 X3.9148 Y0.0900 Z-12.2571 F800
G1 X3.8684 Y0.0783 Z-12.2571 F800
G1 X0.1602 Y-0.7327 Z-12.2571 F800
G0 Z5.000
( -- pass 14/14, Z=-13.2000 -- )
( eyebrow 1/2 )
G0 X67.9829 Y168.1164 Z5.0000
G1 Z-13.2000 F300
G1 X71.6911 Y167.3054 Z-13.2000 F800
G1 X71.7375 Y167.2937 Z-13.2000 F800
G1 X75.3239 Y166.2658 Z-13.2000 F800
G1 X75.3690 Y166.2513 Z-13.2000 F800
G1 X78.8354 Y165.0161 Z-13.2000 F800
G1 X78.8787 Y164.9991 Z-13.2000 F800
G1 X82.2270 Y163.5662 Z-13.2000 F800
G1 X82.2681 Y163.5471 Z-13.2000 F800
G1 X85.5002 Y161.9262 Z-13.2000 F800
G1 X85.5389 Y161.9053 Z-13.2000 F800
G1 X88.6566 Y160.1059 Z-13.2000 F800
G1 X88.6926 Y160.0838 Z-13.2000 F800
G1 X91.6979 Y158.1155 Z-13.2000 F800
G1 X91.7312 Y158.0924 Z-13.2000 F800
G1 X94.6259 Y155.9650 Z-13.2000 F800
G1 X94.6563 Y155.9413 Z-13.2000 F800
G1 X97.4423 Y153.6643 Z-13.2000 F800
G1 X97.4701 Y153.6404 Z-13.2000 F800
G1 X100.1493 Y151.2233 Z-13.2000 F800
G1 X100.1744 Y151.1995 Z-13.2000 F800
G1 X102.7487 Y148.6521 Z-13.2000 F800
G1 X102.7714 Y148.6286 Z-13.2000 F800
G1 X105.2425 Y145.9603 Z-13.2000 F800
G1 X105.2630 Y145.9373 Z-13.2000 F800
G1 X107.6329 Y143.1579 Z-13.2000 F800
G1 X107.6513 Y143.1355 Z-13.2000 F800
G1 X109.9219 Y140.2545 Z-13.2000 F800
G1 X109.9384 Y140.2329 Z-13.2000 F800
G1 X112.1116 Y137.2600 Z-13.2000 F800
G1 X112.1263 Y137.2391 Z-13.2000 F800
G1 X114.2040 Y134.1839 Z-13.2000 F800
G1 X114.2171 Y134.1638 Z-13.2000 F800
G1 X116.2011 Y131.0359 Z-13.2000 F800
G1 X116.2129 Y131.0167 Z-13.2000 F800
G1 X118.1051 Y127.8256 Z-13.2000 F800
G1 X118.1156 Y127.8073 Z-13.2000 F800
G1 X119.9178 Y124.5627 Z-13.2000 F800
G1 X119.9273 Y124.5452 Z-13.2000 F800
G1 X121.6415 Y121.2567 Z-13.2000 F800
G1 X121.6499 Y121.2400 Z-13.2000 F800
G1 X123.2780 Y117.9173 Z-13.2000 F800
G1 X123.2855 Y117.9014 Z-13.2000 F800
G1 X124.8293 Y114.5541 Z-13.2000 F800
G1 X124.8361 Y114.5389 Z-13.2000 F800
G1 X126.2974 Y111.1765 Z-13.2000 F800
G1 X126.3035 Y111.1621 Z-13.2000 F800
G1 X127.6843 Y107.7942 Z-13.2000 F800
G1 X127.6898 Y107.7805 Z-13.2000 F800
G1 X128.9920 Y104.4168 Z-13.2000 F800
G1 X128.9969 Y104.4037 Z-13.2000 F800
G1 X130.2223 Y101.0538 Z-13.2000 F800
G1 X130.2267 Y101.0413 Z-13.2000 F800
G1 X131.3772 Y97.7149 Z-13.2000 F800
G1 X131.3812 Y97.7029 Z-13.2000 F800
G1 X132.4587 Y94.4095 Z-13.2000 F800
G1 X132.4623 Y94.3981 Z-13.2000 F800
G1 X133.4687 Y91.1473 Z-13.2000 F800
G1 X133.4719 Y91.1363 Z-13.2000 F800
G1 X134.4090 Y87.9378 Z-13.2000 F800
G1 X134.4120 Y87.9273 Z-13.2000 F800
G1 X135.2817 Y84.7906 Z-13.2000 F800
G1 X135.2844 Y84.7805 Z-13.2000 F800
G1 X136.0885 Y81.7153 Z-13.2000 F800
G1 X136.0910 Y81.7056 Z-13.2000 F800
G1 X136.8315 Y78.7214 Z-13.2000 F800
G1 X136.8338 Y78.7121 Z-13.2000 F800
G1 X137.5125 Y75.8186 Z-13.2000 F800
G1 X137.5146 Y75.8096 Z-13.2000 F800
G1 X138.1335 Y73.0164 Z-13.2000 F800
G1 X138.1354 Y73.0076 Z-13.2000 F800
G1 X138.6963 Y70.3244 Z-13.2000 F800
G1 X138.6980 Y70.3158 Z-13.2000 F800
G1 X139.2028 Y67.7521 Z-13.2000 F800
G1 X139.2044 Y67.7437 Z-13.2000 F800
G1 X139.6550 Y65.3091 Z-13.2000 F800
G1 X139.6564 Y65.3008 Z-13.2000 F800
G1 X140.0546 Y63.0050 Z-13.2000 F800
G1 X140.0560 Y62.9967 Z-13.2000 F800
G1 X140.4037 Y60.8493 Z-13.2000 F800
G1 X140.4050 Y60.8409 Z-13.2000 F800
G1 X140.7041 Y58.8514 Z-13.2000 F800
G1 X140.7053 Y58.8428 Z-13.2000 F800
G1 X140.9577 Y57.0210 Z-13.2000 F800
G1 X140.9589 Y57.0120 Z-13.2000 F800
G1 X141.1664 Y55.3673 Z-13.2000 F800
G1 X141.1675 Y55.3575 Z-13.2000 F800
G1 X141.3320 Y53.8997 Z-13.2000 F800
G1 X141.3332 Y53.8886 Z-13.2000 F800
G1 X141.4566 Y52.6272 Z-13.2000 F800
G1 X141.4578 Y52.6138 Z-13.2000 F800
G1 X141.5420 Y51.5584 Z-13.2000 F800
G1 X141.5432 Y51.5405 Z-13.2000 F800
G1 X141.5901 Y50.7008 Z-13.2000 F800
G1 X141.5912 Y50.6729 Z-13.2000 F800
G1 X141.6026 Y50.0585 Z-13.2000 F800
G1 X141.6025 Y50.0263 Z-13.2000 F800
G1 X141.5906 Y49.5365 Z-13.2000 F800
G1 X141.5898 Y49.5167 Z-13.2000 F800
G1 X141.5658 Y49.0441 Z-13.2000 F800
G1 X141.5645 Y49.0238 Z-13.2000 F800
G1 X141.5290 Y48.5682 Z-13.2000 F800
G1 X141.5271 Y48.5475 Z-13.2000 F800
G1 X141.4806 Y48.1086 Z-13.2000 F800
G1 X141.4780 Y48.0874 Z-13.2000 F800
G1 X141.4211 Y47.6649 Z-13.2000 F800
G1 X141.4178 Y47.6432 Z-13.2000 F800
G1 X141.3509 Y47.2368 Z-13.2000 F800
G1 X141.3469 Y47.2148 Z-13.2000 F800
G1 X141.2706 Y46.8242 Z-13.2000 F800
G1 X141.2659 Y46.8019 Z-13.2000 F800
G1 X141.1806 Y46.4268 Z-13.2000 F800
G1 X141.1751 Y46.4042 Z-13.2000 F800
G1 X141.0815 Y46.0442 Z-13.2000 F800
G1 X141.0752 Y46.0215 Z-13.2000 F800
G1 X140.9738 Y45.6764 Z-13.2000 F800
G1 X140.9667 Y45.6536 Z-13.2000 F800
G1 X140.8580 Y45.3231 Z-13.2000 F800
G1 X140.8500 Y45.3002 Z-13.2000 F800
G1 X140.7345 Y44.9840 Z-13.2000 F800
G1 X140.7257 Y44.9611 Z-13.2000 F800
G1 X140.6040 Y44.6589 Z-13.2000 F800
G1 X140.5944 Y44.6361 Z-13.2000 F800
G1 X140.4669 Y44.3476 Z-13.2000 F800
G1 X140.4565 Y44.3250 Z-13.2000 F800
G1 X140.3239 Y44.0499 Z-13.2000 F800
G1 X140.3126 Y44.0275 Z-13.2000 F800
G1 X140.1753 Y43.7655 Z-13.2000 F800
G1 X140.1633 Y43.7434 Z-13.2000 F800
G1 X140.0220 Y43.4942 Z-13.2000 F800
G1 X140.0092 Y43.4726 Z-13.2000 F800
G1 X139.8642 Y43.2359 Z-13.2000 F800
G1 X139.8508 Y43.2148 Z-13.2000 F800
G1 X139.7028 Y42.9902 Z-13.2000 F800
G1 X139.6887 Y42.9696 Z-13.2000 F800
G1 X139.5382 Y42.7570 Z-13.2000 F800
G1 X139.5235 Y42.7370 Z-13.2000 F800
G1 X139.3710 Y42.5359 Z-13.2000 F800
G1 X139.3558 Y42.5166 Z-13.2000 F800
G1 X139.2018 Y42.3269 Z-13.2000 F800
G1 X139.1862 Y42.3083 Z-13.2000 F800
G1 X139.0312 Y42.1295 Z-13.2000 F800
G1 X139.0152 Y42.1116 Z-13.2000 F800
G1 X138.8599 Y41.9435 Z-13.2000 F800
G1 X138.8436 Y41.9264 Z-13.2000 F800
G1 X138.6883 Y41.7687 Z-13.2000 F800
G1 X138.6718 Y41.7524 Z-13.2000 F800
G1 X138.5172 Y41.6048 Z-13.2000 F800
G1 X138.5004 Y41.5893 Z-13.2000 F800
G1 X138.3470 Y41.4515 Z-13.2000 F800
G1 X138.3302 Y41.4368 Z-13.2000 F800
G1 X138.1784 Y41.3085 Z-13.2000 F800
G1 X138.1616 Y41.2946 Z-13.2000 F800
G1 X138.0121 Y41.1754 Z-13.2000 F800
G1 X137.9952 Y41.1624 Z-13.2000 F800
G1 X137.8485 Y41.0521 Z-13.2000 F800
G1 X137.8316 Y41.0398 Z-13.2000 F800
G1 X137.6882 Y40.9381 Z-13.2000 F800
G1 X137.6715 Y40.9266 Z-13.2000 F800
G1 X137.5319 Y40.8332 Z-13.2000 F800
G1 X137.5153 Y40.8224 Z-13.2000 F800
G1 X137.3801 Y40.7370 Z-13.2000 F800
G1 X137.3637 Y40.7269 Z-13.2000 F800
G1 X137.2333 Y40.6492 Z-13.2000 F800
G1 X137.2172 Y40.6398 Z-13.2000 F800
G1 X137.0922 Y40.5695 Z-13.2000 F800
G1 X137.0763 Y40.5608 Z-13.2000 F800
G1 X136.9573 Y40.4975 Z-13.2000 F800
G1 X136.9417 Y40.4895 Z-13.2000 F800
G1 X136.8292 Y40.4330 Z-13.2000 F800
G1 X136.8139 Y40.4255 Z-13.2000 F800
G1 X136.7083 Y40.3755 Z-13.2000 F800
G1 X136.6933 Y40.3686 Z-13.2000 F800
G1 X136.5954 Y40.3248 Z-13.2000 F800
G1 X136.5807 Y40.3184 Z-13.2000 F800
G1 X136.4908 Y40.2805 Z-13.2000 F800
G1 X136.4764 Y40.2747 Z-13.2000 F800
G1 X136.3951 Y40.2423 Z-13.2000 F800
G1 X136.3811 Y40.2369 Z-13.2000 F800
G1 X136.3089 Y40.2099 Z-13.2000 F800
G1 X136.2953 Y40.2049 Z-13.2000 F800
G1 X136.2328 Y40.1829 Z-13.2000 F800
G1 X136.2195 Y40.1783 Z-13.2000 F800
G1 X136.1672 Y40.1609 Z-13.2000 F800
G1 X136.1543 Y40.1568 Z-13.2000 F800
G1 X136.1127 Y40.1438 Z-13.2000 F800
G1 X136.1002 Y40.1400 Z-13.2000 F800
G1 X136.0698 Y40.1311 Z-13.2000 F800
G1 X136.0578 Y40.1277 Z-13.2000 F800
G1 X136.0411 Y40.1231 Z-13.2000 F800
G1 X92.9343 Y26.8136 Z-13.2000 F800
G1 X92.8619 Y26.7951 Z-13.2000 F800
G1 X92.7880 Y26.7839 Z-13.2000 F800
G1 X92.7134 Y26.7802 Z-13.2000 F800
G1 X92.6388 Y26.7839 Z-13.2000 F800
G1 X92.5649 Y26.7949 Z-13.2000 F800
G1 X92.4925 Y26.8133 Z-13.2000 F800
G1 X92.4223 Y26.8388 Z-13.2000 F800
G1 X92.3549 Y26.8712 Z-13.2000 F800
G1 X92.2911 Y26.9101 Z-13.2000 F800
G1 X92.2315 Y26.9551 Z-13.2000 F800
G1 X92.1767 Y27.0059 Z-13.2000 F800
G1 X92.1272 Y27.0618 Z-13.2000 F800
G1 X92.0835 Y27.1225 Z-13.2000 F800
G1 X92.0461 Y27.1871 Z-13.2000 F800
G1 X92.0153 Y27.2552 Z-13.2000 F800
G1 X91.9914 Y27.3259 Z-13.2000 F800
G1 X91.9746 Y27.3988 Z-13.2000 F800
G1 X67.0843 Y167.2523 Z-13.2000 F800
G1 X67.0750 Y167.3253 Z-13.2000 F800
G1 X67.0728 Y167.3988 Z-13.2000 F800
G1 X67.0779 Y167.4722 Z-13.2000 F800
G1 X67.0902 Y167.5447 Z-13.2000 F800
G1 X67.1095 Y167.6157 Z-13.2000 F800
G1 X67.1356 Y167.6845 Z-13.2000 F800
G1 X67.1684 Y167.7503 Z-13.2000 F800
G1 X67.2074 Y167.8126 Z-13.2000 F800
G1 X67.2524 Y167.8708 Z-13.2000 F800
G1 X67.3029 Y167.9244 Z-13.2000 F800
G1 X67.3583 Y167.9727 Z-13.2000 F800
G1 X67.4182 Y168.0153 Z-13.2000 F800
G1 X67.4820 Y168.0519 Z-13.2000 F800
G1 X67.5491 Y168.0821 Z-13.2000 F800
G1 X67.6189 Y168.1055 Z-13.2000 F800
G1 X67.6905 Y168.1220 Z-13.2000 F800
G1 X67.7635 Y168.1314 Z-13.2000 F800
G1 X67.8370 Y168.1336 Z-13.2000 F800
G1 X67.9104 Y168.1286 Z-13.2000 F800
G1 X67.9829 Y168.1164 Z-13.2000 F800
G0 Z5.000
( eyebrow 2/2 )
G0 X0.1602 Y-0.7327 Z5.0000
G1 Z-13.2000 F300
G1 X0.0877 Y-0.7449 Z-13.2000 F800
G1 X0.0143 Y-0.7499 Z-13.2000 F800
G1 X-0.0592 Y-0.7477 Z-13.2000 F800
G1 X-0.1322 Y-0.7383 Z-13.2000 F800
G1 X-0.2038 Y-0.7218 Z-13.2000 F800
G1 X-0.2736 Y-0.6983 Z-13.2000 F800
G1 X-0.3406 Y-0.6682 Z-13.2000 F800
G1 X-0.4045 Y-0.6316 Z-13.2000 F800
G1 X-0.4644 Y-0.5889 Z-13.2000 F800
G1 X-0.5198 Y-0.5406 Z-13.2000 F800
G1 X-0.5703 Y-0.4871 Z-13.2000 F800
G1 X-0.6153 Y-0.4289 Z-13.2000 F800
G1 X-0.6543 Y-0.3666 Z-13.2000 F800
G1 X-0.6871 Y-0.3007 Z-13.2000 F800
G1 X-0.7132 Y-0.2320 Z-13.2000 F800
G1 X-0.7325 Y-0.1610 Z-13.2000 F800
G1 X-0.7448 Y-0.0884 Z-13.2000 F800
G1 X-0.7498 Y-0.0151 Z-13.2000 F800
G1 X-0.7477 Y0.0585 Z-13.2000 F800
G1 X-0.7384 Y0.1314 Z-13.2000 F800
G1 X24.1519 Y139.9850 Z-13.2000 F800
G1 X24.1687 Y140.0578 Z-13.2000 F800
G1 X24.1926 Y140.1286 Z-13.2000 F800
G1 X24.2234 Y140.1966 Z-13.2000 F800
G1 X24.2608 Y140.2613 Z-13.2000 F800
G1 X24.3045 Y140.3219 Z-13.2000 F800
G1 X24.3540 Y140.3779 Z-13.2000 F800
G1 X24.4089 Y140.4286 Z-13.2000 F800
G1 X24.4685 Y140.4737 Z-13.2000 F800
G1 X24.5322 Y140.5126 Z-13.2000 F800
G1 X24.5996 Y140.5449 Z-13.2000 F800
G1 X24.6698 Y140.5704 Z-13.2000 F800
G1 X24.7422 Y140.5888 Z-13.2000 F800
G1 X24.8161 Y140.5999 Z-13.2000 F800
G1 X24.8907 Y140.6036 Z-13.2000 F800
G1 X24.9653 Y140.5998 Z-13.2000 F800
G1 X25.0392 Y140.5887 Z-13.2000 F800
G1 X25.1116 Y140.5702 Z-13.2000 F800
G1 X68.2184 Y127.2606 Z-13.2000 F800
G1 X68.2351 Y127.2560 Z-13.2000 F800
G1 X68.2471 Y127.2526 Z-13.2000 F800
G1 X68.2775 Y127.2437 Z-13.2000 F800
G1 X68.2900 Y127.2399 Z-13.2000 F800
G1 X68.3316 Y127.2269 Z-13.2000 F800
G1 X68.3445 Y127.2228 Z-13.2000 F800
G1 X68.3969 Y127.2054 Z-13.2000 F800
G1 X68.4101 Y127.2009 Z-13.2000 F800
G1 X68.4727 Y127.1788 Z-13.2000 F800
G1 X68.4863 Y127.1739 Z-13.2000 F800
G1 X68.5585 Y127.1468 Z-13.2000 F800
G1 X68.5724 Y127.1414 Z-13.2000 F800
G1 X68.6538 Y127.1091 Z-13.2000 F800
G1 X68.6681 Y127.1032 Z-13.2000 F800
G1 X68.7580 Y127.0653 Z-13.2000 F800
G1 X68.7727 Y127.0589 Z-13.2000 F800
G1 X68.8707 Y127.0151 Z-13.2000 F800
G1 X68.8857 Y127.0082 Z-13.2000 F800
G1 X68.9912 Y126.9582 Z-13.2000 F800
G1 X69.0065 Y126.9508 Z-13.2000 F800
G1 X69.1190 Y126.8943 Z-13.2000 F800
G1 X69.1346 Y126.8862 Z-13.2000 F800
G1 X69.2536 Y126.8230 Z-13.2000 F800
G1 X69.2695 Y126.8143 Z-13.2000 F800
G1 X69.3945 Y126.7439 Z-13.2000 F800
G1 X69.4106 Y126.7345 Z-13.2000 F800
G1 X69.5410 Y126.6568 Z-13.2000 F800
G1 X69.5574 Y126.6468 Z-13.2000 F800
G1 X69.6926 Y126.5613 Z-13.2000 F800
G1 X69.7092 Y126.5506 Z-13.2000 F800
G1 X69.8488 Y126.4572 Z-13.2000 F800
G1 X69.8655 Y126.4456 Z-13.2000 F800
G1 X70.0089 Y126.3439 Z-13.2000 F800
G1 X70.0258 Y126.3317 Z-13.2000 F800
G1 X70.1725 Y126.2214 Z-13.2000 F800
G1 X70.1894 Y126.2083 Z-13.2000 F800
G1 X70.3389 Y126.0891 Z-13.2000 F800
G1 X70.3558 Y126.0753 Z-13.2000 F800
G1 X70.5075 Y125.9469 Z-13.2000 F800
G1 X70.5243 Y125.9323 Z-13.2000 F800
G1 X70.6778 Y125.7944 Z-13.2000 F800
G1 X70.6945 Y125.7789 Z-13.2000 F800
G1 X70.8491 Y125.6313 Z-13.2000 F800
G1 X70.8656 Y125.6150 Z-13.2000 F800
G1 X71.0209 Y125.4573 Z-13.2000 F800
G1 X71.0372 Y125.4402 Z-13.2000 F800
G1 X71.1926 Y125.2721 Z-13.2000 F800
G1 X71.2085 Y125.2543 Z-13.2000 F800
G1 X71.3635 Y125.0755 Z-13.2000 F800
G1 X71.3791 Y125.0569 Z-13.2000 F800
G1 X71.5331 Y124.8671 Z-13.2000 F800
G1 X71.5483 Y124.8478 Z-13.2000 F800
G1 X71.7008 Y124.6467 Z-13.2000 F800
G1 X71.7155 Y124.6268 Z-13.2000 F800
G1 X71.8660 Y124.4141 Z-13.2000 F800
G1 X71.8801 Y124.3935 Z-13.2000 F800
G1 X72.0281 Y124.1690 Z-13.2000 F800
G1 X72.0416 Y124.1479 Z-13.2000 F800
G1 X72.1865 Y123.9111 Z-13.2000 F800
G1 X72.1993 Y123.8895 Z-13.2000 F800
G1 X72.3407 Y123.6403 Z-13.2000 F800
G1 X72.3527 Y123.6183 Z-13.2000 F800
G1 X72.4899 Y123.3563 Z-13.2000 F800
G1 X72.5012 Y123.3339 Z-13.2000 F800
G1 X72.6338 Y123.0588 Z-13.2000 F800
G1 X72.6442 Y123.0362 Z-13.2000 F800
G1 X72.7717 Y122.7477 Z-13.2000 F800
G1 X72.7813 Y122.7249 Z-13.2000 F800
G1 X72.9030 Y122.4227 Z-13.2000 F800
G1 X72.9118 Y122.3998 Z-13.2000 F800
G1 X73.0273 Y122.0836 Z-13.2000 F800
G1 X73.0353 Y122.0607 Z-13.2000 F800
G1 X73.1440 Y121.7302 Z-13.2000 F800
G1 X73.1511 Y121.7073 Z-13.2000 F800
G1 X73.2525 Y121.3623 Z-13.2000 F800
G1 X73.2588 Y121.3395 Z-13.2000 F800
G1 X73.3524 Y120.9796 Z-13.2000 F800
G1 X73.3579 Y120.9570 Z-13.2000 F800
G1 X73.4432 Y120.5819 Z-13.2000 F800
G1 X73.4479 Y120.5596 Z-13.2000 F800
G1 X73.5242 Y120.1689 Z-13.2000 F800
G1 X73.5282 Y120.1469 Z-13.2000 F800
G1 X73.5951 Y119.7405 Z-13.2000 F800
G1 X73.5984 Y119.7189 Z-13.2000 F800
G1 X73.6554 Y119.2964 Z-13.2000 F800
G1 X73.6579 Y119.2752 Z-13.2000 F800
G1 X73.7044 Y118.8363 Z-13.2000 F800
G1 X73.7063 Y118.8155 Z-13.2000 F800
G1 X73.7419 Y118.3599 Z-13.2000 F800
G1 X73.7432 Y118.3396 Z-13.2000 F800
G1 X73.7671 Y117.8671 Z-13.2000 F800
G1 X73.7679 Y117.8473 Z-13.2000 F800
G1 X73.7798 Y117.3574 Z-13.2000 F800
G1 X73.7799 Y117.3253 Z-13.2000 F800
G1 X73.7685 Y116.7108 Z-13.2000 F800
G1 X73.7674 Y116.6829 Z-13.2000 F800
G1 X73.7206 Y115.8432 Z-13.2000 F800
G1 X73.7194 Y115.8253 Z-13.2000 F800
G1 X73.6351 Y114.7700 Z-13.2000 F800
G1 X73.6340 Y114.7566 Z-13.2000 F800
G1 X73.5105 Y113.4952 Z-13.2000 F800
G1 X73.5094 Y113.4841 Z-13.2000 F800
G1 X73.3448 Y112.0262 Z-13.2000 F800
G1 X73.3437 Y112.0165 Z-13.2000 F800
G1 X73.1362 Y110.3718 Z-13.2000 F800
G1 X73.1350 Y110.3628 Z-13.2000 F800
G1 X72.8826 Y108.5409 Z-13.2000 F800
G1 X72.8814 Y108.5323 Z-13.2000 F800
G1 X72.5823 Y106.5428 Z-13.2000 F800
G1 X72.5810 Y106.5345 Z-13.2000 F800
G1 X72.2333 Y104.3870 Z-13.2000 F800
G1 X72.2319 Y104.3787 Z-13.2000 F800
G1 X71.8338 Y102.0829 Z-13.2000 F800
G1 X71.8323 Y102.0746 Z-13.2000 F800
G1 X71.3817 Y99.6400 Z-13.2000 F800
G1 X71.3801 Y99.6316 Z-13.2000 F800
G1 X70.8754 Y97.0679 Z-13.2000 F800
G1 X70.8736 Y97.0593 Z-13.2000 F800
G1 X70.3127 Y94.3761 Z-13.2000 F800
G1 X70.3108 Y94.3673 Z-13.2000 F800
G1 X69.6919 Y91.5742 Z-13.2000 F800
G1 X69.6899 Y91.5651 Z-13.2000 F800
G1 X69.0111 Y88.6716 Z-13.2000 F800
G1 X69.0088 Y88.6623 Z-13.2000 F800
G1 X68.2683 Y85.6781 Z-13.2000 F800
G1 X68.2658 Y85.6685 Z-13.2000 F800
G1 X67.4617 Y82.6032 Z-13.2000 F800
G1 X67.4590 Y82.5932 Z-13.2000 F800
G1 X66.5893 Y79.4565 Z-13.2000 F800
G1 X66.5863 Y79.4460 Z-13.2000 F800
G1 X65.6493 Y76.2474 Z-13.2000 F800
G1 X65.6460 Y76.2365 Z-13.2000 F800
G1 X64.6397 Y72.9857 Z-13.2000 F800
G1 X64.6360 Y72.9743 Z-13.2000 F800
G1 X63.5586 Y69.6808 Z-13.2000 F800
G1 X63.5545 Y69.6689 Z-13.2000 F800
G1 X62.4041 Y66.3424 Z-13.2000 F800
G1 X62.3996 Y66.3299 Z-13.2000 F800
G1 X61.1742 Y62.9800 Z-13.2000 F800
G1 X61.1693 Y62.9669 Z-13.2000 F800
G1 X59.8671 Y59.6033 Z-13.2000 F800
G1 X59.8616 Y59.5895 Z-13.2000 F800
G1 X58.4808 Y56.2217 Z-13.2000 F800
G1 X58.4747 Y56.2072 Z-13.2000 F800
G1 X57.0134 Y52.8448 Z-13.2000 F800
G1 X57.0066 Y52.8297 Z-13.2000 F800
G1 X55.4628 Y49.4823 Z-13.2000 F800
G1 X55.4553 Y49.4664 Z-13.2000 F800
G1 X53.8272 Y46.1437 Z-13.2000 F800
G1 X53.8188 Y46.1270 Z-13.2000 F800
G1 X52.1046 Y42.8386 Z-13.2000 F800
G1 X52.0952 Y42.8211 Z-13.2000 F800
G1 X50.2929 Y39.5765 Z-13.2000 F800
G1 X50.2824 Y39.5582 Z-13.2000 F800
G1 X48.3902 Y36.3671 Z-13.2000 F800
G1 X48.3784 Y36.3479 Z-13.2000 F800
G1 X46.3944 Y33.2199 Z-13.2000 F800
G1 X46.3813 Y33.1999 Z-13.2000 F800
G1 X44.3036 Y30.1446 Z-13.2000 F800
G1 X44.2889 Y30.1238 Z-13.2000 F800
G1 X42.1157 Y27.1509 Z-13.2000 F800
G1 X42.0992 Y27.1292 Z-13.2000 F800
G1 X39.8286 Y24.2482 Z-13.2000 F800
G1 X39.8102 Y24.2259 Z-13.2000 F800
G1 X37.4403 Y21.4464 Z-13.2000 F800
G1 X37.4198 Y21.4234 Z-13.2000 F800
G1 X34.9487 Y18.7552 Z-13.2000 F800
G1 X34.9260 Y18.7317 Z-13.2000 F800
G1 X32.3518 Y16.1842 Z-13.2000 F800
G1 X32.3266 Y16.1604 Z-13.2000 F800
G1 X29.6474 Y13.7433 Z-13.2000 F800
G1 X29.6197 Y13.7195 Z-13.2000 F800
G1 X26.8337 Y11.4424 Z-13.2000 F800
G1 X26.8032 Y11.4188 Z-13.2000 F800
G1 X23.9085 Y9.2913 Z-13.2000 F800
G1 X23.8752 Y9.2682 Z-13.2000 F800
G1 X20.8700 Y7.3000 Z-13.2000 F800
G1 X20.8339 Y7.2778 Z-13.2000 F800
G1 X17.7162 Y5.4784 Z-13.2000 F800
G1 X17.6775 Y5.4576 Z-13.2000 F800
G1 X14.4455 Y3.8366 Z-13.2000 F800
G1 X14.4043 Y3.8175 Z-13.2000 F800
G1 X11.0560 Y2.3846 Z-13.2000 F800
G1 X11.0127 Y2.3677 Z-13.2000 F800
G1 X7.5463 Y1.1325 Z-13.2000 F800
G1 X7.5012 Y1.1180 Z-13.2000 F800
G1 X3.9148 Y0.0900 Z-13.2000 F800
G1 X3.8684 Y0.0783 Z-13.2000 F800
G1 X0.1602 Y-0.7327 Z-13.2000 F800
G0 Z5.000
G0 Z5.000
M5
M2
