G21         ; Set units to mm
G90         ; Absolute positioning
G1 Z2.54 F2540      ; Move to clearance level

;
; Operation:    0
; Name:         
; Type:         Inside
; Paths:        1
; Direction:    Conventional
; Cut Depth:    15.239999999999998
; Pass Depth:   3.175
; Plunge rate:  127
; Cut rate:     1016
;

; Path 0
; Rapid to initial position
G1 X389.8039 Y-204.0715 F2540
G1 Z0.0000
; plunge
G1 Z-3.1750 F127
; cut
G1 X389.6797 Y-204.3090 F1016
G1 X389.3627 Y-204.9112
G1 X389.0709 Y-205.4591
G1 X388.7028 Y-206.1431
G1 X388.1966 Y-207.0702
G1 X387.7038 Y-207.9577
G1 X387.3807 Y-208.5320
G1 X386.8644 Y-209.4380
G1 X386.4097 Y-210.2239
G1 X386.0239 Y-210.8825
G1 X385.4676 Y-211.8187
G1 X385.1849 Y-212.2886
G1 X384.8565 Y-212.8299
G1 X384.5197 Y-213.3798
G1 X384.2695 Y-213.7849
G1 X384.0569 Y-214.1266
G1 X383.6241 Y-214.8167
G1 X383.2235 Y-215.4481
G1 X382.8245 Y-216.0707
G1 X382.8242 Y-216.0707
G1 X382.5029 Y-216.5670
G1 X382.5032 Y-216.5673
G1 X382.1382 Y-217.1256
G1 X381.7605 Y-217.6981
G1 X381.2898 Y-218.4042
G1 X380.9037 Y-218.9767
G1 X380.5126 Y-219.5515
G1 X380.1158 Y-220.1288
G1 X379.7651 Y-220.6343
G1 X379.2029 Y-221.4357
G1 X378.8367 Y-221.9521
G1 X378.3162 Y-222.6782
G1 X377.7275 Y-223.4890
G1 X377.2926 Y-224.0806
G1 X376.9639 Y-224.5238
G1 X376.4069 Y-225.2675
G1 X376.0114 Y-225.7900
G1 X375.7267 Y-226.1631
G1 X375.3823 Y-226.6117
G1 X375.0348 Y-227.0605
G1 X374.5652 Y-227.6617
G1 X374.1504 Y-228.1880
G1 X373.7303 Y-228.7158
G1 X373.2441 Y-229.3211
G1 X372.9383 Y-229.6988
G1 X372.5677 Y-230.1530
G1 X372.1316 Y-230.6831
G1 X371.5629 Y-231.3668
G1 X370.9866 Y-232.0516
G1 X370.4026 Y-232.7374
G1 X369.8098 Y-233.4255
G1 X369.3437 Y-233.9609
G1 X369.0084 Y-234.3427
G1 X368.6020 Y-234.8022
G1 X368.2576 Y-235.1888
G1 X367.8494 Y-235.6437
G1 X367.3635 Y-236.1804
G1 X366.9391 Y-236.6449
G1 X366.4488 Y-237.1771
G1 X365.9441 Y-237.7196
G1 X365.2987 Y-238.4057
G1 X365.0071 Y-238.7128
G1 X364.7112 Y-239.0229
G1 X364.1976 Y-239.5571
G1 X363.9005 Y-239.8639
G1 X363.6015 Y-240.1707
G1 X363.2269 Y-240.5527
G1 X362.6134 Y-241.1725
G1 X362.6137 Y-241.1725
G1 X362.0818 Y-241.7044
G1 X362.0818 Y-241.7041
G1 X361.6180 Y-242.1639
G1 X361.1453 Y-242.6282
G1 X360.7575 Y-243.0064
G1 X360.2825 Y-243.4659
G1 X359.8045 Y-243.9243
G1 X359.2355 Y-244.4648
G1 X358.6726 Y-244.9944
G1 X358.1811 Y-245.4526
G1 X358.1809 Y-245.4524
G1 X357.7674 Y-245.8347
G1 X357.6000 Y-245.9886
G1 X357.6000 Y-245.9888
G1 X357.1827 Y-246.3706
G1 X356.8520 Y-246.6711
G1 X356.4313 Y-247.0508
G1 X356.0034 Y-247.4344
G1 X356.0036 Y-247.4346
G1 X355.6660 Y-247.7348
G1 X355.4095 Y-247.9619
G1 X354.9807 Y-248.3394
G1 X354.3729 Y-248.8697
G1 X353.9373 Y-249.2464
G1 X353.2322 Y-249.8504
G1 X352.6993 Y-250.3018
G1 X352.0661 Y-250.8331
G1 X351.5302 Y-251.2781
G1 X350.9790 Y-251.7320
G1 X350.6186 Y-252.0264
G1 X350.0605 Y-252.4788
G1 X349.5096 Y-252.9210
G1 X348.9490 Y-253.3668
G1 X348.3785 Y-253.8164
G1 X348.0062 Y-254.1074
G1 X347.3384 Y-254.6251
G1 X346.7613 Y-255.0678
G1 X346.2782 Y-255.4351
G1 X345.8886 Y-255.7290
G1 X345.4941 Y-256.0249
G1 X344.8045 Y-256.5377
G1 X344.3155 Y-256.8976
G1 X343.7176 Y-257.3340
G1 X343.3166 Y-257.6238
G1 X342.7057 Y-258.0625
G1 X342.3016 Y-258.3503
G1 X341.8982 Y-258.6355
G1 X341.8982 Y-258.6352
G1 X341.3811 Y-258.9982
G1 X340.8718 Y-259.3525
G1 X340.2493 Y-259.7818
G1 X339.7225 Y-260.1417
G1 X339.1979 Y-260.4971
G1 X338.5696 Y-260.9187
G1 X338.1444 Y-261.2014
G1 X337.6110 Y-261.5537
G1 X337.1776 Y-261.8374
G1 X336.6430 Y-262.1852
G1 X336.6430 Y-262.1849
G1 X336.2051 Y-262.4671
G1 X336.2051 Y-262.4673
G1 X335.6658 Y-262.8123
G1 X335.0080 Y-263.2291
G1 X334.4512 Y-263.5783
G1 X333.6788 Y-264.0579
G1 X333.6788 Y-264.0576
G1 X333.2330 Y-264.3317
G1 X332.6717 Y-264.6738
G1 X332.1020 Y-265.0180
G1 X332.1022 Y-265.0183
G1 X331.5401 Y-265.3546
G1 X330.9699 Y-265.6929
G1 X330.3968 Y-266.0297
G1 X329.6978 Y-266.4363
G1 X329.2394 Y-266.7005
G1 X328.7735 Y-266.9670
G1 X328.1878 Y-267.2992
G1 X327.7174 Y-267.5636
G1 X327.1271 Y-267.8928
G1 X326.4065 Y-268.2903
G1 X326.0537 Y-268.4833
G1 X325.5744 Y-268.7437
G1 X324.9661 Y-269.0713
G1 X324.3603 Y-269.3944
G1 X323.8787 Y-269.6492
G1 X323.8787 Y-269.6489
G1 X323.3849 Y-269.9078
G1 X323.3849 Y-269.9080
G1 X322.6524 Y-270.2885
G1 X322.1584 Y-270.5423
G1 X321.5376 Y-270.8585
G1 X320.9079 Y-271.1760
G1 X320.2849 Y-271.4871
G1 X320.0347 Y-271.6111
G1 X319.3971 Y-271.9248
G1 X319.0225 Y-272.1077
G1 X319.0225 Y-272.1074
G1 X318.2508 Y-272.4805
G1 X317.8729 Y-272.6616
G1 X317.3590 Y-272.9057
G1 X316.7075 Y-273.2126
G1 X316.0654 Y-273.5118
G1 X315.2816 Y-273.8725
G1 X314.6252 Y-274.1709
G1 X313.9597 Y-274.4704
G1 X313.9597 Y-274.4706
G1 X313.5673 Y-274.6456
G1 X313.5673 Y-274.6454
G1 X313.1652 Y-274.8234
G1 X313.1652 Y-274.8237
G1 X312.7705 Y-274.9974
G1 X312.7705 Y-274.9972
G1 X311.9603 Y-275.3502
G1 X311.4281 Y-275.5796
G1 X310.8881 Y-275.8100
G1 X310.2038 Y-276.0993
G1 X309.9341 Y-276.2123
G1 X309.2547 Y-276.4947
G1 X308.5620 Y-276.7795
G1 X307.7400 Y-277.1132
G1 X307.7400 Y-277.1130
G1 X306.9059 Y-277.4467
G1 X306.3428 Y-277.6692
G1 X305.5059 Y-277.9961
G1 X304.9430 Y-278.2133
G1 X304.2290 Y-278.4856
G1 X303.6654 Y-278.6985
G1 X303.0936 Y-278.9121
G1 X302.6603 Y-279.0726
G1 X302.2331 Y-279.2296
G1 X301.7972 Y-279.3886
G1 X301.3674 Y-279.5443
G1 X300.9290 Y-279.7018
G1 X300.4980 Y-279.8554
G1 X299.7675 Y-280.1132
G1 X299.7675 Y-280.1130
G1 X299.1767 Y-280.3190
G1 X298.5882 Y-280.5222
G1 X298.0030 Y-280.7218
G1 X297.2554 Y-280.9740
G1 X296.5153 Y-281.2204
G1 X296.2168 Y-281.3187
G1 X295.7673 Y-281.4658
G1 X295.1673 Y-281.6603
G1 X294.2610 Y-281.9502
G1 X294.2610 Y-281.9499
G1 X293.3421 Y-282.2387
G1 X292.7327 Y-282.4277
G1 X292.1246 Y-282.6139
G1 X291.5097 Y-282.8000
G1 X290.8917 Y-282.9850
G1 X290.4266 Y-283.1226
G1 X289.9611 Y-283.2593
G1 X289.4901 Y-283.3962
G1 X289.4901 Y-283.3964
G1 X289.0261 Y-283.5300
G1 X288.3997 Y-283.7086
G1 X287.6067 Y-283.9316
G1 X287.6067 Y-283.9319
G1 X287.1389 Y-284.0617
G1 X286.3466 Y-284.2791
G1 X285.5506 Y-284.4940
G1 X284.7444 Y-284.7081
G1 X283.7851 Y-284.9585
G1 X283.1341 Y-285.1257
G1 X283.1341 Y-285.1259
G1 X282.6525 Y-285.2478
G1 X282.0012 Y-285.4112
G1 X281.6758 Y-285.4919
G1 X281.3467 Y-285.5730
G1 X280.8592 Y-285.6923
G1 X280.8592 Y-285.6921
G1 X280.2026 Y-285.8506
G1 X279.3723 Y-286.0479
G1 X278.7109 Y-286.2026
G1 X277.7185 Y-286.4307
G1 X276.8831 Y-286.6187
G1 X276.0378 Y-286.8054
G1 X276.0378 Y-286.8056
G1 X275.3683 Y-286.9509
G1 X274.8575 Y-287.0604
G1 X274.3543 Y-287.1671
G1 X274.3543 Y-287.1668
G1 X273.3258 Y-287.3809
G1 X272.9903 Y-287.4498
G1 X272.9903 Y-287.4495
G1 X272.3053 Y-287.5882
G1 X271.6129 Y-287.7261
G1 X271.6129 Y-287.7264
G1 X270.5824 Y-287.9273
G1 X269.8887 Y-288.0596
G1 X269.1930 Y-288.1902
G1 X268.3190 Y-288.3512
G1 X267.6182 Y-288.4777
G1 X266.7317 Y-288.6344
G1 X266.0305 Y-288.7561
G1 X265.1427 Y-288.9067
G1 X264.4297 Y-289.0251
G1 X263.7099 Y-289.1424
G1 X262.8120 Y-289.2857
G1 X262.0968 Y-289.3972
G1 X261.3736 Y-289.5077
G1 X260.6477 Y-289.6161
G1 X259.9195 Y-289.7228
G1 X259.1892 Y-289.8275
G1 X258.2664 Y-289.9565
G1 X258.2664 Y-289.9567
G1 X257.7186 Y-290.0314
G1 X257.3475 Y-290.0815
G1 X256.9809 Y-290.1305
G1 X256.9809 Y-290.1302
G1 X256.4219 Y-290.2036
G1 X255.6792 Y-290.2991
G1 X254.9383 Y-290.3924
G1 X254.9383 Y-290.3921
G1 X254.1857 Y-290.4843
G1 X254.1857 Y-290.4846
G1 X253.2522 Y-290.5956
G1 X253.2522 Y-290.5953
G1 X252.4940 Y-290.6829
G1 X252.4940 Y-290.6832
G1 X251.9317 Y-290.7467
G1 X251.3640 Y-290.8094
G1 X250.6043 Y-290.8915
G1 X249.8415 Y-290.9715
G1 X249.0719 Y-291.0500
G1 X249.0719 Y-291.0502
G1 X248.5012 Y-291.1069
G1 X248.5012 Y-291.1066
G1 X247.7323 Y-291.1810
G1 X246.7610 Y-291.2717
G1 X246.7610 Y-291.2720
G1 X246.3785 Y-291.3065
G1 X245.7968 Y-291.3583
G1 X245.7968 Y-291.3581
G1 X245.0137 Y-291.4256
G1 X244.4288 Y-291.4747
G1 X243.8458 Y-291.5222
G1 X243.8458 Y-291.5219
G1 X243.0562 Y-291.5841
G1 X242.2682 Y-291.6441
G1 X241.8778 Y-291.6728
G1 X241.2845 Y-291.7154
G1 X240.6863 Y-291.7571
G1 X239.8903 Y-291.8104
G1 X239.0920 Y-291.8617
G1 X238.2957 Y-291.9105
G1 X237.6942 Y-291.9458
G1 X236.8890 Y-291.9910
G1 X236.0808 Y-292.0340
G1 X235.2703 Y-292.0749
G1 X234.4567 Y-292.1135
G1 X233.8418 Y-292.1411
G1 X233.8418 Y-292.1414
G1 X233.2327 Y-292.1673
G1 X232.4130 Y-292.2003
G1 X231.5860 Y-292.2313
G1 X231.5860 Y-292.2316
G1 X230.7648 Y-292.2598
G1 X230.1410 Y-292.2798
G1 X230.1410 Y-292.2801
G1 X229.3148 Y-292.3045
G1 X229.3148 Y-292.3042
G1 X228.6874 Y-292.3212
G1 X227.6505 Y-292.3466
G1 X226.6081 Y-292.3687
G1 X225.9889 Y-292.3802
G1 X225.1634 Y-292.3936
G1 X224.3455 Y-292.4048
G1 X224.3455 Y-292.4045
G1 X223.5215 Y-292.4134
G1 X222.7044 Y-292.4200
G1 X221.8896 Y-292.4246
G1 X221.0778 Y-292.4269
G1 X220.4743 Y-292.4272
G1 X219.6676 Y-292.4256
G1 X218.8627 Y-292.4218
G1 X218.0600 Y-292.4160
G1 X217.4601 Y-292.4101
G1 X216.8583 Y-292.4030
G1 X216.8583 Y-292.4033
G1 X215.8677 Y-292.3888
G1 X215.0745 Y-292.3748
G1 X214.4786 Y-292.3629
G1 X214.4786 Y-292.3631
G1 X213.6943 Y-292.3454
G1 X212.9081 Y-292.3256
G1 X212.3173 Y-292.3093
G1 X211.3453 Y-292.2801
G1 X211.3453 Y-292.2798
G1 X210.5627 Y-292.2537
G1 X210.1789 Y-292.2400
G1 X209.4004 Y-292.2107
G1 X208.8223 Y-292.1876
G1 X207.8591 Y-292.1465
G1 X207.2891 Y-292.1206
G1 X207.2891 Y-292.1203
G1 X206.5200 Y-292.0832
G1 X205.5668 Y-292.0345
G1 X205.1891 Y-292.0141
G1 X204.6196 Y-291.9827
G1 X203.8683 Y-291.9390
G1 X202.9259 Y-291.8813
G1 X202.3595 Y-291.8450
G1 X201.6158 Y-291.7955
G1 X200.6821 Y-291.7302
G1 X200.1253 Y-291.6898
G1 X199.5658 Y-291.6479
G1 X199.0113 Y-291.6052
G1 X199.0113 Y-291.6055
G1 X198.4621 Y-291.5618
G1 X197.5424 Y-291.4866
G1 X197.5424 Y-291.4863
G1 X196.9897 Y-291.4393
G1 X196.0761 Y-291.3591
G1 X196.0761 Y-291.3593
G1 X195.5361 Y-291.3103
G1 X195.5361 Y-291.3101
G1 X194.6237 Y-291.2245
G1 X193.7258 Y-291.1371
G1 X193.0019 Y-291.0642
G1 X192.4672 Y-291.0091
G1 X192.1096 Y-290.9715
G1 X191.7525 Y-290.9334
G1 X191.3936 Y-290.8945
G1 X191.3936 Y-290.8948
G1 X190.6803 Y-290.8160
G1 X189.9765 Y-290.7363
G1 X189.2699 Y-290.6540
G1 X188.3842 Y-290.5481
G1 X187.6887 Y-290.4625
G1 X186.8099 Y-290.3515
G1 X186.1195 Y-290.2618
G1 X185.4215 Y-290.1691
G1 X185.4215 Y-290.1693
G1 X184.3898 Y-290.0284
G1 X184.3898 Y-290.0281
G1 X183.8706 Y-289.9555
G1 X183.0189 Y-289.8336
G1 X182.1602 Y-289.7073
G1 X181.4810 Y-289.6052
G1 X180.8038 Y-289.5013
G1 X180.1343 Y-289.3964
G1 X179.2879 Y-289.2610
G1 X178.6247 Y-289.1526
G1 X177.7853 Y-289.0124
G1 X177.7853 Y-289.0126
G1 X177.1264 Y-288.9001
G1 X176.4596 Y-288.7843
G1 X175.9687 Y-288.6977
G1 X175.6372 Y-288.6385
G1 X175.6372 Y-288.6387
G1 X174.9842 Y-288.5206
G1 X174.9842 Y-288.5204
G1 X174.1607 Y-288.3687
G1 X173.3474 Y-288.2156
G1 X172.6992 Y-288.0914
G1 X171.7368 Y-287.9029
G1 X170.9280 Y-287.7409
G1 X170.2885 Y-287.6105
G1 X169.9710 Y-287.5450
G1 X169.3388 Y-287.4129
G1 X168.5468 Y-287.2448
G1 X167.7523 Y-287.0728
G1 X167.7523 Y-287.0731
G1 X167.1244 Y-286.9349
G1 X166.8170 Y-286.8663
G1 X166.0362 Y-286.6903
G1 X165.2532 Y-286.5107
G1 X164.7901 Y-286.4030
G1 X164.1762 Y-286.2585
G1 X164.1762 Y-286.2583
G1 X163.8694 Y-286.1851
G1 X163.2506 Y-286.0363
G1 X162.6433 Y-285.8882
G1 X162.1823 Y-285.7744
G1 X161.4218 Y-285.5841
G1 X160.6662 Y-285.3919
G1 X159.7635 Y-285.1582
G1 X159.0162 Y-284.9611
G1 X158.2773 Y-284.7632
G1 X157.6845 Y-284.6019
G1 X156.9458 Y-284.3985
G1 X156.3530 Y-284.2329
G1 X156.3530 Y-284.2331
G1 X155.6273 Y-284.0274
G1 X154.7533 Y-283.7757
G1 X153.8773 Y-283.5189
G1 X153.4521 Y-283.3926
G1 X152.5834 Y-283.1313
G1 X152.0182 Y-282.9585
G1 X151.4439 Y-282.7812
G1 X150.8770 Y-282.6042
G1 X150.0292 Y-282.3357
G1 X149.1938 Y-282.0667
G1 X148.6355 Y-281.8844
G1 X148.0784 Y-281.7005
G1 X147.6591 Y-281.5608
G1 X146.9680 Y-281.3281
G1 X146.1437 Y-281.0464
G1 X145.4615 Y-280.8100
G1 X144.9233 Y-280.6210
G1 X144.2405 Y-280.3789
G1 X143.4386 Y-280.0904
G1 X143.4386 Y-280.0901
G1 X142.8981 Y-279.8933
G1 X142.3645 Y-279.6969
G1 X142.3645 Y-279.6972
G1 X141.7061 Y-279.4521
G1 X141.7061 Y-279.4518
G1 X141.0393 Y-279.2006
G1 X140.6462 Y-279.0510
G1 X139.8577 Y-278.7477
G1 X139.2123 Y-278.4960
G1 X138.6888 Y-278.2898
G1 X138.1770 Y-278.0863
G1 X138.1770 Y-278.0861
G1 X137.6578 Y-277.8775
G1 X137.0167 Y-277.6174
G1 X136.3843 Y-277.3578
G1 X136.0000 Y-277.1986
G1 X135.2405 Y-276.8806
G1 X134.8697 Y-276.7239
G1 X134.8697 Y-276.7236
G1 X134.2375 Y-276.4539
G1 X134.2375 Y-276.4541
G1 X133.4955 Y-276.1333
G1 X133.1204 Y-275.9695
G1 X132.5075 Y-275.6997
G1 X132.0162 Y-275.4810
G1 X131.3990 Y-275.2039
G1 X131.0399 Y-275.0411
G1 X130.4277 Y-274.7615
G1 X130.0670 Y-274.5951
G1 X129.5850 Y-274.3713
G1 X129.2309 Y-274.2057
G1 X129.2309 Y-274.2054
G1 X128.6284 Y-273.9212
G1 X127.9223 Y-273.5842
G1 X127.4455 Y-273.3540
G1 X127.4455 Y-273.3543
G1 X126.8573 Y-273.0678
G1 X126.1623 Y-272.7256
G1 X125.5824 Y-272.4368
G1 X124.9995 Y-272.1435
G1 X124.3101 Y-271.7927
G1 X124.3101 Y-271.7930
G1 X123.8545 Y-271.5588
G1 X123.2924 Y-271.2672
G1 X122.6081 Y-270.9085
G1 X122.2776 Y-270.7338
G1 X121.7127 Y-270.4325
G1 X121.2728 Y-270.1961
G1 X120.7132 Y-269.8925
G1 X120.3838 Y-269.7124
G1 X119.9436 Y-269.4701
G1 X119.5118 Y-269.2306
G1 X118.8524 Y-268.8615
G1 X118.4272 Y-268.6210
G1 X117.6670 Y-268.1869
G1 X117.2416 Y-267.9416
G1 X116.6028 Y-267.5694
G1 X115.9701 Y-267.1968
G1 X115.4463 Y-266.8852
G1 X115.0351 Y-266.6383
G1 X114.4062 Y-266.2575
G1 X114.4062 Y-266.2578
G1 X113.9995 Y-266.0094
G1 X113.4811 Y-265.6901
G1 X112.8690 Y-265.3093
G1 X112.3632 Y-264.9916
G1 X111.8644 Y-264.6754
G1 X111.4593 Y-264.4165
G1 X110.8603 Y-264.0307
G1 X110.4659 Y-263.7742
G1 X109.9723 Y-263.4508
G1 X109.3912 Y-263.0663
G1 X108.8019 Y-262.6723
G1 X108.8019 Y-262.6726
G1 X108.2289 Y-262.2855
G1 X107.6477 Y-261.8890
G1 X107.0775 Y-261.4958
G1 X106.6114 Y-261.1717
G1 X106.6117 Y-261.1714
G1 X105.9477 Y-260.7048
G1 X105.2970 Y-260.2421
G1 X104.6571 Y-259.7818
G1 X104.1944 Y-259.4455
G1 X103.7450 Y-259.1161
G1 X103.2022 Y-258.7147
G1 X102.7483 Y-258.3762
G1 X102.4819 Y-258.1760
G1 X101.9470 Y-257.7714
G1 X101.3300 Y-257.2997
G1 X100.8065 Y-256.8951
G1 X100.2858 Y-256.4889
G1 X99.8611 Y-256.1549
G1 X99.3422 Y-255.7429
G1 X99.0036 Y-255.4719
G1 X98.4110 Y-254.9936
G1 X97.9983 Y-254.6574
G1 X97.5777 Y-254.3119
G1 X97.5777 Y-254.3122
G1 X96.9231 Y-253.7694
G1 X96.9234 Y-253.7691
G1 X96.3452 Y-253.2837
G1 X95.8649 Y-252.8766
G1 X95.3773 Y-252.4592
G1 X95.3770 Y-252.4595
G1 X94.8246 Y-251.9820
G1 X94.8248 Y-251.9817
G1 X94.3453 Y-251.5634
G1 X94.1118 Y-251.3581
G1 X93.5685 Y-250.8771
G1 X93.2553 Y-250.5974
G1 X92.7933 Y-250.1816
G1 X92.3412 Y-249.7712
G1 X91.8060 Y-249.2804
G1 X91.2873 Y-248.7999
G1 X90.8431 Y-248.3843
G1 X90.2485 Y-247.8222
G1 X89.7395 Y-247.3358
G1 X89.3801 Y-246.9891
G1 X89.0262 Y-246.6452
G1 X88.5949 Y-246.2230
G1 X88.0316 Y-245.6658
G1 X87.5452 Y-245.1791
G1 X87.1317 Y-244.7615
G1 X86.6529 Y-244.2736
G1 X86.2475 Y-243.8565
G1 X85.7778 Y-243.3688
G1 X85.3199 Y-242.8885
G1 X84.7293 Y-242.2616
G1 X84.2053 Y-241.6990
G1 X83.6938 Y-241.1435
G1 X83.1306 Y-240.5248
G1 X83.1309 Y-240.5245
G1 X82.7519 Y-240.1034
G1 X82.2571 Y-239.5482
G1 X81.7692 Y-238.9947
G1 X81.5289 Y-238.7196
G1 X81.2886 Y-238.4433
G1 X80.9310 Y-238.0285
G1 X80.5767 Y-237.6145
G1 X80.2259 Y-237.2012
G1 X79.6473 Y-236.5118
G1 X79.3641 Y-236.1707
G1 X79.0247 Y-235.7590
G1 X78.7448 Y-235.4169
G1 X78.3562 Y-234.9378
G1 X77.8083 Y-234.2545
G1 X77.5401 Y-233.9165
G1 X77.1116 Y-233.3719
G1 X76.7425 Y-232.8979
G1 X76.3781 Y-232.4250
G1 X75.9717 Y-231.8923
G1 X75.4586 Y-231.2121
G1 X75.4583 Y-231.2124
G1 X75.2140 Y-230.8845
G1 X74.8632 Y-230.4108
G1 X74.5754 Y-230.0181
G1 X74.0387 Y-229.2784
G1 X73.6610 Y-228.7511
G1 X73.2455 Y-228.1641
G1 X72.9661 Y-227.7654
G1 X72.6930 Y-227.3724
G1 X72.3783 Y-226.9157
G1 X72.0682 Y-226.4611
G1 X72.0679 Y-226.4613
G1 X71.6351 Y-225.8197
G1 X71.3740 Y-225.4286
G1 X71.1622 Y-225.1085
G1 X70.7415 Y-224.4674
G1 X70.2546 Y-223.7138
G1 X69.8886 Y-223.1395
G1 X69.5734 Y-222.6389
G1 X69.5731 Y-222.6389
G1 X69.3402 Y-222.2655
G1 X68.9623 Y-221.6531
G1 X68.5452 Y-220.9676
G1 X68.2155 Y-220.4187
G1 X67.9282 Y-219.9345
G1 X67.5747 Y-219.3315
G1 X67.3334 Y-218.9150
G1 X67.0606 Y-218.4395
G1 X66.6933 Y-217.7910
G1 X66.3359 Y-217.1502
G1 X66.0872 Y-216.6983
G1 X65.6476 Y-215.8878
G1 X65.3478 Y-215.3257
G1 X65.0306 Y-214.7222
G1 X64.5988 Y-213.8858
G1 X64.3250 Y-213.3460
G1 X64.0309 Y-212.7575
G1 X63.6681 Y-212.0189
G1 X63.3692 Y-211.3986
G1 X63.1566 Y-210.9503
G1 X62.7766 Y-210.1352
G1 X62.7764 Y-210.1352
G1 X62.5302 Y-209.5965
G1 X62.2699 Y-209.0166
G1 X62.1022 Y-208.6379
G1 X61.8774 Y-208.1220
G1 X61.6255 Y-207.5335
G1 X61.4710 Y-207.1670
G1 X61.2894 Y-206.7296
G1 X60.9928 Y-205.9998
G1 X60.7893 Y-205.4870
G1 X60.5986 Y-204.9968
G1 X60.4017 Y-204.4799
G1 X60.2722 Y-204.1329
G1 X60.1091 Y-203.6879
G1 X59.9272 Y-203.1797
G1 X59.7271 Y-202.6039
G1 X59.5574 Y-202.1004
G1 X59.4312 Y-201.7154
G1 X59.2839 Y-201.2518
G1 X59.1670 Y-200.8713
G1 X59.0347 Y-200.4248
G1 X58.9755 Y-200.2180
G1 X58.8678 Y-199.8292
G1 X58.7830 Y-199.5081
G1 X58.6981 Y-199.1698
G1 X58.6532 Y-198.9813
G1 X58.5927 Y-198.7131
G1 X58.5440 Y-198.4786
G1 X58.5249 Y-198.3796
G1 X58.5650 Y-198.3722
G1 X58.6821 Y-198.3527
G1 X58.8185 Y-198.3331
G1 X58.9638 Y-198.3151
G1 X59.0459 Y-198.3062
G1 X59.1657 Y-198.2945
G1 X59.1657 Y-198.2942
G1 X59.2559 Y-198.2864
G1 X59.3819 Y-198.2767
G1 X59.4843 Y-198.2696
G1 X59.6105 Y-198.2620
G1 X59.7228 Y-198.2564
G1 X59.9277 Y-198.2478
G1 X60.0578 Y-198.2437
G1 X60.1815 Y-198.2406
G1 X60.3181 Y-198.2381
G1 X60.4688 Y-198.2363
G1 X60.6811 Y-198.2353
G1 X60.8995 Y-198.2363
G1 X61.1375 Y-198.2391
G1 X61.4609 Y-198.2457
G1 X61.4609 Y-198.2455
G1 X61.6928 Y-198.2523
G1 X62.0433 Y-198.2650
G1 X62.2059 Y-198.2719
G1 X62.4718 Y-198.2843
G1 X62.8297 Y-198.3034
G1 X63.2023 Y-198.3257
G1 X63.3964 Y-198.3384
G1 X63.3964 Y-198.3382
G1 X63.7761 Y-198.3643
G1 X63.7761 Y-198.3646
G1 X64.1792 Y-198.3948
G1 X64.6857 Y-198.4357
G1 X64.6857 Y-198.4355
G1 X65.1972 Y-198.4802
G1 X65.5130 Y-198.5091
G1 X66.0601 Y-198.5615
G1 X66.4934 Y-198.6049
G1 X66.7189 Y-198.6283
G1 X67.4009 Y-198.7009
G1 X67.7380 Y-198.7382
G1 X68.4461 Y-198.8190
G1 X69.0402 Y-198.8891
G1 X69.6392 Y-198.9620
G1 X70.2564 Y-199.0390
G1 X71.1228 Y-199.1500
G1 X71.1228 Y-199.1502
G1 X71.6303 Y-199.2170
G1 X71.6303 Y-199.2168
G1 X72.7771 Y-199.3712
G1 X73.8221 Y-199.5160
G1 X75.1411 Y-199.7034
G1 X76.2030 Y-199.8579
G1 X77.6900 Y-200.0781
G1 X79.0473 Y-200.2828
G1 X80.1350 Y-200.4489
G1 X80.1350 Y-200.4492
G1 X81.9137 Y-200.7243
G1 X88.8962 Y-201.8223
G1 X91.4519 Y-202.2211
G1 X92.3211 Y-202.3549
G1 X93.7725 Y-202.5754
G1 X94.9416 Y-202.7494
G1 X95.9599 Y-202.8975
G1 X96.9414 Y-203.0367
G1 X97.6790 Y-203.1383
G1 X98.1921 Y-203.2069
G1 X98.7908 Y-203.2851
G1 X99.4649 Y-203.3699
G1 X100.1111 Y-203.4471
G1 X100.6417 Y-203.5073
G1 X100.9851 Y-203.5444
G1 X101.3991 Y-203.5866
G1 X101.7212 Y-203.6176
G1 X102.0315 Y-203.6453
G1 X102.3330 Y-203.6704
G1 X102.6239 Y-203.6925
G1 X102.9033 Y-203.7113
G1 X103.1093 Y-203.7235
G1 X103.3048 Y-203.7334
G1 X103.5017 Y-203.7420
G1 X103.7501 Y-203.7499
G1 X103.9904 Y-203.7542
G1 X104.2126 Y-203.7547
G1 X104.2728 Y-203.7540
G1 X104.4385 Y-203.7507
G1 X104.5459 Y-203.7469
G1 X104.7079 Y-203.7392
G1 X104.8588 Y-203.7286
G1 X104.9683 Y-203.7187
G1 X105.1176 Y-203.7017
G1 X105.2147 Y-203.6879
G1 X105.3191 Y-203.6709
G1 X105.3782 Y-203.6600
G1 X105.3927 Y-203.6572
G1 X105.4405 Y-203.7057
G1 X105.4669 Y-203.7334
G1 X105.5134 Y-203.7834
G1 X105.5533 Y-203.8276
G1 X105.6122 Y-203.8947
G1 X105.6452 Y-203.9336
G1 X105.7054 Y-204.0057
G1 X105.7448 Y-204.0537
G1 X105.7981 Y-204.1205
G1 X105.8603 Y-204.1997
G1 X105.9050 Y-204.2579
G1 X105.9599 Y-204.3306
G1 X106.0239 Y-204.4169
G1 X106.0745 Y-204.4860
G1 X106.1352 Y-204.5706
G1 X106.1941 Y-204.6534
G1 X106.2538 Y-204.7387
G1 X106.3158 Y-204.8289
G1 X106.3795 Y-204.9226
G1 X106.4395 Y-205.0118
G1 X106.5721 Y-205.2130
G1 X106.6368 Y-205.3125
G1 X106.7026 Y-205.4151
G1 X106.8456 Y-205.6412
G1 X106.9089 Y-205.7425
G1 X106.9086 Y-205.7425
G1 X106.9815 Y-205.8606
G1 X107.1245 Y-206.0948
G1 X107.2629 Y-206.3252
G1 X107.4105 Y-206.5752
G1 X107.4844 Y-206.7016
G1 X107.6394 Y-206.9686
G1 X107.7874 Y-207.2272
G1 X107.9424 Y-207.5012
G1 X108.1001 Y-207.7829
G1 X108.2599 Y-208.0707
G1 X108.4242 Y-208.3694
G1 X108.4245 Y-208.3694
G1 X108.5030 Y-208.5132
G1 X108.5027 Y-208.5132
G1 X108.6673 Y-208.8162
G1 X108.8339 Y-209.1256
G1 X109.0044 Y-209.4438
G1 X109.2576 Y-209.9201
G1 X109.6048 Y-210.5800
G1 X110.0483 Y-211.4316
G1 X110.5032 Y-212.3128
G1 X110.5035 Y-212.3128
G1 X111.1499 Y-213.5746
G1 X112.1997 Y-215.6338
G1 X113.1796 Y-217.5523
G1 X113.5776 Y-218.3272
G1 X114.0788 Y-219.2978
G1 X114.4826 Y-220.0742
G1 X114.8880 Y-220.8479
G1 X115.0922 Y-221.2353
G1 X115.5004 Y-222.0036
G1 X115.7059 Y-222.3872
G1 X116.1156 Y-223.1459
G1 X116.3216 Y-223.5238
G1 X116.6297 Y-224.0839
G1 X116.8354 Y-224.4555
G1 X116.9396 Y-224.6417
G1 X117.2487 Y-225.1911
G1 X117.4547 Y-225.5533
G1 X117.6609 Y-225.9134
G1 X117.8664 Y-226.2683
G1 X117.9703 Y-226.4461
G1 X118.1755 Y-226.7958
G1 X118.2789 Y-226.9701
G1 X118.3830 Y-227.1448
G1 X118.5890 Y-227.4877
G1 X118.7945 Y-227.8261
G1 X119.0005 Y-228.1608
G1 X119.2055 Y-228.4900
G1 X119.3091 Y-228.6544
G1 X119.5128 Y-228.9746
G1 X119.6162 Y-229.1357
G1 X119.7193 Y-229.2942
G1 X119.9231 Y-229.6053
G1 X120.0269 Y-229.7620
G1 X120.2299 Y-230.0643
G1 X120.3320 Y-230.2139
G1 X120.4336 Y-230.3623
G1 X120.5360 Y-230.5101
G1 X120.6391 Y-230.6579
G1 X120.7399 Y-230.7999
G1 X120.8428 Y-230.9444
G1 X120.9439 Y-231.0846
G1 X121.0457 Y-231.2246
G1 X121.1476 Y-231.3630
G1 X121.2492 Y-231.4994
G1 X121.3518 Y-231.6361
G1 X121.4521 Y-231.7676
G1 X121.5547 Y-231.9010
G1 X121.6558 Y-232.0305
G1 X121.7572 Y-232.1585
G1 X121.8606 Y-232.2878
G1 X121.9614 Y-232.4120
G1 X122.0625 Y-232.5345
G1 X122.1656 Y-232.6582
G1 X122.2665 Y-232.7770
G1 X122.3683 Y-232.8954
G1 X122.4717 Y-233.0135
G1 X122.5723 Y-233.1265
G1 X122.6744 Y-233.2393
G1 X122.7762 Y-233.3501
G1 X122.8811 Y-233.4621
G1 X122.9835 Y-233.5687
G1 X123.0841 Y-233.6719
G1 X123.1895 Y-233.7780
G1 X123.2903 Y-233.8771
G1 X123.3942 Y-233.9774
G1 X123.5004 Y-234.0773
G1 X123.6050 Y-234.1733
G1 X123.7084 Y-234.2655
G1 X123.8138 Y-234.3577
G1 X123.9192 Y-234.4471
G1 X124.0272 Y-234.5362
G1 X124.1318 Y-234.6198
G1 X124.2408 Y-234.7044
G1 X124.3510 Y-234.7872
G1 X124.4570 Y-234.8636
G1 X124.5674 Y-234.9411
G1 X124.6817 Y-235.0178
G1 X124.7907 Y-235.0879
G1 X124.9037 Y-235.1575
G1 X125.0208 Y-235.2266
G1 X125.1341 Y-235.2896
G1 X125.2517 Y-235.3521
G1 X125.3703 Y-235.4115
G1 X125.4902 Y-235.4677
G1 X125.6091 Y-235.5200
G1 X125.6914 Y-235.5540
G1 X125.7358 Y-235.5715
G1 X125.8598 Y-235.6178
G1 X125.9411 Y-235.6460
G1 X125.9863 Y-235.6609
G1 X126.0673 Y-235.6863
G1 X126.1163 Y-235.7008
G1 X126.1966 Y-235.7232
G1 X126.2456 Y-235.7359
G1 X126.3256 Y-235.7554
G1 X126.3797 Y-235.7676
G1 X126.4592 Y-235.7841
G1 X126.5105 Y-235.7940
G1 X126.5895 Y-235.8078
G1 X126.6472 Y-235.8166
G1 X126.7257 Y-235.8273
G1 X126.7851 Y-235.8342
G1 X126.8631 Y-235.8418
G1 X126.9241 Y-235.8466
G1 X127.0015 Y-235.8512
G1 X127.0635 Y-235.8537
G1 X127.1405 Y-235.8553
G1 X127.1930 Y-235.8553
G1 X127.2624 Y-235.8542
G1 X127.3426 Y-235.8509
G1 X127.4110 Y-235.8466
G1 X127.4917 Y-235.8398
G1 X127.5585 Y-235.8327
G1 X127.6378 Y-235.8222
G1 X127.7069 Y-235.8118
G1 X127.7833 Y-235.7986
G1 X127.8499 Y-235.7854
G1 X127.9180 Y-235.7709
G1 X127.9926 Y-235.7534
G1 X128.0599 Y-235.7361
G1 X128.1333 Y-235.7158
G1 X128.1971 Y-235.6965
G1 X128.2634 Y-235.6757
G1 X128.3294 Y-235.6536
G1 X128.3970 Y-235.6297
G1 X128.4778 Y-235.5992
G1 X128.5954 Y-235.5515
G1 X128.6594 Y-235.5238
G1 X128.7193 Y-235.4969
G1 X128.7894 Y-235.4638
G1 X128.8486 Y-235.4349
G1 X128.9073 Y-235.4052
G1 X128.9693 Y-235.3729
G1 X129.0310 Y-235.3399
G1 X129.0991 Y-235.3018
G1 X129.2126 Y-235.2355
G1 X129.2690 Y-235.2012
G1 X129.3292 Y-235.1636
G1 X129.3886 Y-235.1255
G1 X129.4531 Y-235.0828
G1 X129.5585 Y-235.0110
G1 X129.6251 Y-234.9640
G1 X129.7356 Y-234.8832
G1 X129.8489 Y-234.7968
G1 X129.9596 Y-234.7092
G1 X130.0635 Y-234.6239
G1 X130.1196 Y-234.5764
G1 X130.1768 Y-234.5276
G1 X130.2855 Y-234.4321
G1 X130.3901 Y-234.3374
G1 X130.4475 Y-234.2840
G1 X130.5550 Y-234.1819
G1 X130.6604 Y-234.0788
G1 X130.7640 Y-233.9751
G1 X130.8189 Y-233.9190
G1 X130.9238 Y-233.8098
G1 X131.0302 Y-233.6968
G1 X131.1346 Y-233.5827
G1 X131.2405 Y-233.4646
G1 X131.3424 Y-233.3483
G1 X131.4493 Y-233.2243
G1 X131.5504 Y-233.1039
G1 X131.6037 Y-233.0399
G1 X131.7081 Y-232.9124
G1 X131.8110 Y-232.7846
G1 X131.8641 Y-232.7176
G1 X131.9700 Y-232.5822
G1 X132.1244 Y-232.3810
G1 X132.2281 Y-232.2431
G1 X132.3315 Y-232.1034
G1 X132.4353 Y-231.9612
G1 X132.5423 Y-231.8123
G1 X132.7480 Y-231.5202
G1 X132.8514 Y-231.3701
G1 X132.9581 Y-231.2134
G1 X133.1653 Y-230.9035
G1 X133.3218 Y-230.6643
G1 X133.4785 Y-230.4204
G1 X133.6340 Y-230.1743
G1 X133.7394 Y-230.0054
G1 X133.8440 Y-229.8357
G1 X134.0025 Y-229.5759
G1 X134.2128 Y-229.2248
G1 X134.4219 Y-228.8690
G1 X134.5796 Y-228.5962
G1 X134.7376 Y-228.3198
G1 X134.8966 Y-228.0374
G1 X135.1067 Y-227.6597
G1 X135.2659 Y-227.3689
G1 X135.4770 Y-226.9787
G1 X135.6357 Y-226.6813
G1 X135.8473 Y-226.2800
G1 X136.0589 Y-225.8733
G1 X136.2187 Y-225.5624
G1 X136.4828 Y-225.0415
G1 X136.6947 Y-224.6178
G1 X136.9593 Y-224.0818
G1 X137.2235 Y-223.5388
G1 X137.4351 Y-223.0981
G1 X137.7516 Y-222.4308
G1 X138.0145 Y-221.8680
G1 X138.2763 Y-221.3003
G1 X138.4338 Y-220.9556
G1 X138.6431 Y-220.4941
G1 X138.8516 Y-220.0298
G1 X139.0081 Y-219.6788
G1 X139.2677 Y-219.0913
G1 X139.5260 Y-218.5005
G1 X139.7323 Y-218.0239
G1 X140.0904 Y-217.1880
G1 X140.3441 Y-216.5886
G1 X140.4960 Y-216.2266
G1 X140.6982 Y-215.7428
G1 X140.9489 Y-215.1372
G1 X141.2476 Y-214.4088
G1 X141.6408 Y-213.4380
G1 X141.9324 Y-212.7095
G1 X142.1737 Y-212.1019
G1 X142.5064 Y-211.2551
G1 X142.6954 Y-210.7700
G1 X143.0670 Y-209.8078
G1 X143.3416 Y-209.0890
G1 X143.6571 Y-208.2559
G1 X144.0531 Y-207.1972
G1 X144.2263 Y-206.7296
G1 X144.5242 Y-205.9193
G1 X144.8562 Y-205.0070
G1 X145.1399 Y-204.2190
G1 X145.5318 Y-203.1180
G1 X145.8344 Y-202.2569
G1 X146.1973 Y-201.2102
G1 X146.4754 Y-200.3979
G1 X146.7096 Y-199.7060
G1 X146.9662 Y-198.9389
G1 X147.2400 Y-198.1096
G1 X147.4696 Y-197.4030
G1 X147.6601 Y-196.8096
G1 X147.8407 Y-196.2386
G1 X148.0790 Y-195.4713
G1 X148.2537 Y-194.8960
G1 X148.3949 Y-194.4215
G1 X148.5417 Y-193.9163
G1 X148.6571 Y-193.5074
G1 X148.7178 Y-193.2871
G1 X148.7752 Y-193.0738
G1 X148.8412 Y-192.8226
G1 X148.9111 Y-192.5452
G1 X148.9423 Y-192.4157
G1 X149.0812 Y-192.3847
G1 X149.2402 Y-192.3517
G1 X149.3647 Y-192.3275
G1 X149.5049 Y-192.3016
G1 X149.7683 Y-192.2564
G1 X149.9786 Y-192.2229
G1 X150.2192 Y-192.1866
G1 X150.5321 Y-192.1424
G1 X150.8661 Y-192.0979
G1 X151.2049 Y-192.0557
G1 X151.5869 Y-192.0110
G1 X151.5869 Y-192.0108
G1 X152.0495 Y-191.9600
G1 X152.3784 Y-191.9257
G1 X152.8077 Y-191.8830
G1 X153.0728 Y-191.8579
G1 X153.6324 Y-191.8066
G1 X154.0083 Y-191.7736
G1 X154.0083 Y-191.7738
G1 X154.3058 Y-191.7487
G1 X155.1130 Y-191.6836
G1 X156.2014 Y-191.6024
G1 X156.9946 Y-191.5470
G1 X157.4615 Y-191.5157
G1 X158.5491 Y-191.4461
G1 X158.5491 Y-191.4464
G1 X159.1765 Y-191.4086
G1 X160.6189 Y-191.3255
G1 X161.5638 Y-191.2744
G1 X162.9768 Y-191.2021
G1 X165.1942 Y-191.0966
G1 X167.6850 Y-190.9884
G1 X170.4797 Y-190.8777
G1 X173.7662 Y-190.7591
G1 X176.4774 Y-190.6692
G1 X179.2783 Y-190.5825
G1 X182.9473 Y-190.4776
G1 X182.9473 Y-190.4779
G1 X186.9557 Y-190.3730
G1 X190.0431 Y-190.2981
G1 X194.4746 Y-190.1982
G1 X194.4746 Y-190.1985
G1 X198.3682 Y-190.1177
G1 X203.2229 Y-190.0248
G1 X207.0367 Y-189.9572
G1 X211.8106 Y-189.8787
G1 X216.6379 Y-189.8056
G1 X222.1995 Y-189.7283
G1 X227.5505 Y-189.6605
G1 X227.5505 Y-189.6608
G1 X233.1390 Y-189.5963
G1 X237.7780 Y-189.5472
G1 X243.9914 Y-189.4876
G1 X249.4407 Y-189.4406
G1 X256.3365 Y-189.3880
G1 X261.7478 Y-189.3519
G1 X268.4320 Y-189.3136
G1 X275.5605 Y-189.2803
G1 X281.3075 Y-189.2595
G1 X288.2590 Y-189.2422
G1 X294.2206 Y-189.2356
G1 X300.7848 Y-189.2409
G1 X305.5264 Y-189.2612
G1 X306.4022 Y-189.2689
G1 X307.4876 Y-189.2846
G1 X307.5170 Y-189.3225
G1 X307.5353 Y-189.3466
G1 X307.5948 Y-189.4263
G1 X307.6669 Y-189.5264
G1 X307.7020 Y-189.5765
G1 X307.7487 Y-189.6443
G1 X307.8046 Y-189.7268
G1 X307.8048 Y-189.7268
G1 X307.8724 Y-189.8284
G1 X307.9816 Y-189.9971
G1 X308.0367 Y-190.0842
G1 X308.1292 Y-190.2323
G1 X308.1294 Y-190.2323
G1 X308.2420 Y-190.4159
G1 X308.3342 Y-190.5693
G1 X308.4337 Y-190.7375
G1 X308.5582 Y-190.9503
G1 X308.7629 Y-191.3080
G1 X308.7627 Y-191.3080
G1 X308.9402 Y-191.6240
G1 X309.0857 Y-191.8866
G1 X309.2724 Y-192.2280
G1 X309.5899 Y-192.8175
G1 X309.7466 Y-193.1119
G1 X309.9946 Y-193.5828
G1 X310.2963 Y-194.1619
G1 X310.6463 Y-194.8404
G1 X310.6461 Y-194.8404
G1 X311.0598 Y-195.6509
G1 X311.5810 Y-196.6811
G1 X312.2701 Y-198.0547
G1 X315.0679 Y-203.6750
G1 X315.9851 Y-205.5078
G1 X316.8035 Y-207.1307
G1 X317.3959 Y-208.2955
G1 X317.8139 Y-209.1124
G1 X318.3545 Y-210.1611
G1 X318.9582 Y-211.3209
G1 X319.4426 Y-212.2416
G1 X319.7464 Y-212.8149
G1 X319.9900 Y-213.2714
G1 X320.3555 Y-213.9513
G1 X320.7200 Y-214.6239
G1 X320.9036 Y-214.9599
G1 X321.2079 Y-215.5134
G1 X321.5122 Y-216.0623
G1 X321.8165 Y-216.6054
G1 X322.0593 Y-217.0349
G1 X322.3623 Y-217.5667
G1 X322.6049 Y-217.9879
G1 X322.9064 Y-218.5063
G1 X323.1482 Y-218.9173
G1 X323.4479 Y-219.4212
G1 X323.5681 Y-219.6208
G1 X323.8071 Y-220.0161
G1 X323.9874 Y-220.3110
G1 X324.2848 Y-220.7915
G1 X324.5221 Y-221.1692
G1 X324.7586 Y-221.5408
G1 X324.9933 Y-221.9051
G1 X325.1119 Y-222.0867
G1 X325.3463 Y-222.4423
G1 X325.5790 Y-222.7895
G1 X325.7522 Y-223.0445
G1 X325.8696 Y-223.2155
G1 X326.0438 Y-223.4662
G1 X326.2737 Y-223.7918
G1 X326.4454 Y-224.0308
G1 X326.5599 Y-224.1883
G1 X326.6747 Y-224.3442
G1 X326.8459 Y-224.5744
G1 X327.0159 Y-224.7986
G1 X327.1281 Y-224.9444
G1 X327.2429 Y-225.0923
G1 X327.3547 Y-225.2337
G1 X327.4682 Y-225.3757
G1 X327.5802 Y-225.5139
G1 X327.6945 Y-225.6533
G1 X327.8617 Y-225.8535
G1 X327.9729 Y-225.9838
G1 X328.0849 Y-226.1133
G1 X328.1967 Y-226.2403
G1 X328.3082 Y-226.3653
G1 X328.4197 Y-226.4877
G1 X328.5322 Y-226.6091
G1 X328.6422 Y-226.7255
G1 X328.7545 Y-226.8421
G1 X328.8668 Y-226.9564
G1 X328.9778 Y-227.0666
G1 X329.0885 Y-227.1743
G1 X329.1990 Y-227.2795
G1 X329.2564 Y-227.3330
G1 X329.3704 Y-227.4377
G1 X329.4794 Y-227.5345
G1 X329.5371 Y-227.5850
G1 X329.6503 Y-227.6818
G1 X329.7654 Y-227.7775
G1 X329.8756 Y-227.8662
G1 X329.9374 Y-227.9145
G1 X330.0499 Y-228.0001
G1 X330.1665 Y-228.0864
G1 X330.2848 Y-228.1702
G1 X330.3989 Y-228.2474
G1 X330.5165 Y-228.3244
G1 X330.5785 Y-228.3630
G1 X330.6912 Y-228.4316
G1 X330.7532 Y-228.4677
G1 X330.8121 Y-228.5012
G1 X330.8840 Y-228.5406
G1 X331.0006 Y-228.6020
G1 X331.0608 Y-228.6320
G1 X331.1317 Y-228.6663
G1 X331.2536 Y-228.7224
G1 X331.3153 Y-228.7491
G1 X331.3803 Y-228.7763
G1 X331.4428 Y-228.8012
G1 X331.5134 Y-228.8281
G1 X331.5767 Y-228.8510
G1 X331.6486 Y-228.8756
G1 X331.7154 Y-228.8969
G1 X331.7801 Y-228.9165
G1 X331.8449 Y-228.9353
G1 X331.9193 Y-228.9551
G1 X331.9600 Y-228.9653
G1 X332.0037 Y-228.9757
G1 X332.0844 Y-228.9934
G1 X332.1479 Y-229.0061
G1 X332.2279 Y-229.0204
G1 X332.2940 Y-229.0305
G1 X332.3732 Y-229.0412
G1 X332.4220 Y-229.0470
G1 X332.5010 Y-229.0547
G1 X332.5703 Y-229.0597
G1 X332.6503 Y-229.0641
G1 X332.7202 Y-229.0658
G1 X332.7588 Y-229.0663
G1 X332.8114 Y-229.0663
G1 X332.8878 Y-229.0648
G1 X332.9452 Y-229.0625
G1 X333.0219 Y-229.0582
G1 X333.0903 Y-229.0529
G1 X333.1667 Y-229.0453
G1 X333.2190 Y-229.0392
G1 X333.2952 Y-229.0290
G1 X333.3565 Y-229.0196
G1 X333.4327 Y-229.0064
G1 X333.4929 Y-228.9947
G1 X333.5691 Y-228.9785
G1 X333.6242 Y-228.9658
G1 X333.7001 Y-228.9467
G1 X333.7527 Y-228.9325
G1 X333.8286 Y-228.9106
G1 X333.8810 Y-228.8946
G1 X333.9567 Y-228.8700
G1 X334.0064 Y-228.8530
G1 X334.0821 Y-228.8256
G1 X334.1273 Y-228.8083
G1 X334.2028 Y-228.7783
G1 X334.2531 Y-228.7575
G1 X334.3285 Y-228.7245
G1 X334.3707 Y-228.7052
G1 X334.4459 Y-228.6696
G1 X334.4885 Y-228.6485
G1 X334.5637 Y-228.6102
G1 X334.6046 Y-228.5888
G1 X334.7171 Y-228.5263
G1 X334.8281 Y-228.4611
G1 X334.9384 Y-228.3922
G1 X335.0407 Y-228.3244
G1 X335.1500 Y-228.2487
G1 X335.2523 Y-228.1738
G1 X335.3529 Y-228.0968
G1 X335.4550 Y-228.0153
G1 X335.5528 Y-227.9335
G1 X335.6475 Y-227.8512
G1 X335.7476 Y-227.7610
G1 X335.8398 Y-227.6742
G1 X335.9310 Y-227.5853
G1 X336.0275 Y-227.4885
G1 X336.1131 Y-227.3993
G1 X336.2056 Y-227.3003
G1 X336.2930 Y-227.2035
G1 X336.3821 Y-227.1019
G1 X336.4664 Y-227.0031
G1 X336.5556 Y-226.8959
G1 X336.6371 Y-226.7948
G1 X336.7248 Y-226.6841
G1 X336.8063 Y-226.5774
G1 X336.8901 Y-226.4656
G1 X336.9724 Y-226.3536
G1 X337.0529 Y-226.2411
G1 X337.1347 Y-226.1245
G1 X337.2142 Y-226.0084
G1 X337.2950 Y-225.8883
G1 X337.3737 Y-225.7684
G1 X337.4535 Y-225.6447
G1 X337.5320 Y-225.5205
G1 X337.6084 Y-225.3971
G1 X337.6869 Y-225.2683
G1 X337.7636 Y-225.1400
G1 X337.8388 Y-225.0122
G1 X337.9163 Y-224.8786
G1 X337.9925 Y-224.7443
G1 X338.0671 Y-224.6107
G1 X338.1423 Y-224.4743
G1 X338.2183 Y-224.3343
G1 X338.2914 Y-224.1967
G1 X338.3643 Y-224.0577
G1 X338.4395 Y-223.9132
G1 X338.5127 Y-223.7699
G1 X338.5853 Y-223.6254
G1 X338.6585 Y-223.4781
G1 X338.7308 Y-223.3308
G1 X338.8030 Y-223.1814
G1 X338.8749 Y-223.0310
G1 X338.9467 Y-222.8789
G1 X339.0186 Y-222.7245
G1 X339.0892 Y-222.5708
G1 X339.1593 Y-222.4166
G1 X339.2317 Y-222.2563
G1 X339.3011 Y-222.0996
G1 X339.3709 Y-221.9406
G1 X339.4410 Y-221.7798
G1 X339.5121 Y-221.6145
G1 X339.6506 Y-221.2873
G1 X339.7875 Y-220.9576
G1 X339.8571 Y-220.7877
G1 X339.9932 Y-220.4496
G1 X340.1281 Y-220.1093
G1 X340.1964 Y-219.9340
G1 X340.3305 Y-219.5863
G1 X340.4634 Y-219.2355
G1 X340.5304 Y-219.0562
G1 X340.6625 Y-218.6996
G1 X340.7943 Y-218.3384
G1 X340.9251 Y-217.9739
G1 X341.0549 Y-217.6074
G1 X341.1837 Y-217.2386
G1 X341.3125 Y-216.8657
G1 X341.4400 Y-216.4908
G1 X341.5665 Y-216.1144
G1 X341.6927 Y-215.7349
G1 X341.8182 Y-215.3536
G1 X341.9424 Y-214.9716
G1 X342.0666 Y-214.5861
G1 X342.2505 Y-214.0077
G1 X342.3730 Y-213.6186
G1 X342.6137 Y-212.8429
G1 X342.7336 Y-212.4519
G1 X342.9706 Y-211.6722
G1 X343.0875 Y-211.2818
G1 X343.2625 Y-210.6953
G1 X343.5492 Y-209.7227
G1 X343.7755 Y-208.9470
G1 X344.2178 Y-207.4149
G1 X345.4179 Y-203.2229
G1 X345.6135 Y-202.5475
G1 X345.7593 Y-202.0486
G1 X345.9023 Y-201.5625
G1 X346.0907 Y-200.9292
G1 X346.1827 Y-200.6237
G1 X346.1830 Y-200.6237
G1 X346.3679 Y-200.0179
G1 X346.5002 Y-199.5922
G1 X346.5878 Y-199.3143
G1 X346.7191 Y-198.9046
G1 X346.8035 Y-198.6450
G1 X346.9310 Y-198.2612
G1 X346.9335 Y-198.2539
G1 X346.9711 Y-198.1429
G1 X347.0986 Y-197.7725
G1 X347.1746 Y-197.5571
G1 X347.2576 Y-197.3270
G1 X347.3308 Y-197.1286
G1 X347.4121 Y-196.9143
G1 X347.4809 Y-196.7367
G1 X347.5556 Y-196.5508
G1 X347.5558 Y-196.5508
G1 X347.5952 Y-196.4550
G1 X347.6277 Y-196.3771
G1 X347.6666 Y-196.2854
G1 X347.7362 Y-196.1266
G1 X347.7633 Y-196.0662
G1 X347.7941 Y-195.9991
G1 X347.8261 Y-195.9310
G1 X347.8583 Y-195.8642
G1 X347.8957 Y-195.7883
G1 X347.9241 Y-195.7324
G1 X347.9457 Y-195.6905
G1 X347.9823 Y-195.6219
G1 X347.9996 Y-195.5907
G1 X348.0318 Y-195.5338
G1 X348.0577 Y-195.4898
G1 X348.0625 Y-195.4820
G1 X348.2129 Y-195.4525
G1 X348.5490 Y-195.3900
G1 X349.0300 Y-195.3047
G1 X349.6798 Y-195.1939
G1 X350.8202 Y-195.0062
G1 X351.7971 Y-194.8495
G1 X353.3709 Y-194.6021
G1 X355.0300 Y-194.3456
G1 X357.7897 Y-193.9252
G1 X360.8354 Y-193.4675
G1 X360.8354 Y-193.4672
G1 X366.2233 Y-192.6676
G1 X366.2233 Y-192.6679
G1 X370.4577 Y-192.0458
G1 X377.7310 Y-190.9862
G1 X383.8931 Y-190.0949
G1 X396.8996 Y-188.2308
G1 X396.2824 Y-189.8284
G1 X395.8280 Y-190.9750
G1 X395.4219 Y-191.9775
G1 X395.0447 Y-192.8899
G1 X394.5809 Y-193.9884
G1 X394.2926 Y-194.6582
G1 X393.9365 Y-195.4736
G1 X393.6007 Y-196.2295
G1 X393.1994 Y-197.1180
G1 X392.8806 Y-197.8129
G1 X392.5697 Y-198.4812
G1 X392.2227 Y-199.2163
G1 X391.9156 Y-199.8584
G1 X391.5174 Y-200.6793
G1 X391.2169 Y-201.2899
G1 X390.7300 Y-202.2650
G1 X390.7302 Y-202.2650
G1 X390.5893 Y-202.5434
G1 X390.2027 Y-203.3011
G1 X389.8039 Y-204.0715
; Rapid to initial position
G1 X389.8039 Y-204.0715 F2540
G1 Z-3.1750
; plunge
G1 Z-6.3500 F127
; cut
G1 X389.6797 Y-204.3090 F1016
G1 X389.3627 Y-204.9112
G1 X389.0709 Y-205.4591
G1 X388.7028 Y-206.1431
G1 X388.1966 Y-207.0702
G1 X387.7038 Y-207.9577
G1 X387.3807 Y-208.5320
G1 X386.8644 Y-209.4380
G1 X386.4097 Y-210.2239
G1 X386.0239 Y-210.8825
G1 X385.4676 Y-211.8187
G1 X385.1849 Y-212.2886
G1 X384.8565 Y-212.8299
G1 X384.5197 Y-213.3798
G1 X384.2695 Y-213.7849
G1 X384.0569 Y-214.1266
G1 X383.6241 Y-214.8167
G1 X383.2235 Y-215.4481
G1 X382.8245 Y-216.0707
G1 X382.8242 Y-216.0707
G1 X382.5029 Y-216.5670
G1 X382.5032 Y-216.5673
G1 X382.1382 Y-217.1256
G1 X381.7605 Y-217.6981
G1 X381.2898 Y-218.4042
G1 X380.9037 Y-218.9767
G1 X380.5126 Y-219.5515
G1 X380.1158 Y-220.1288
G1 X379.7651 Y-220.6343
G1 X379.2029 Y-221.4357
G1 X378.8367 Y-221.9521
G1 X378.3162 Y-222.6782
G1 X377.7275 Y-223.4890
G1 X377.2926 Y-224.0806
G1 X376.9639 Y-224.5238
G1 X376.4069 Y-225.2675
G1 X376.0114 Y-225.7900
G1 X375.7267 Y-226.1631
G1 X375.3823 Y-226.6117
G1 X375.0348 Y-227.0605
G1 X374.5652 Y-227.6617
G1 X374.1504 Y-228.1880
G1 X373.7303 Y-228.7158
G1 X373.2441 Y-229.3211
G1 X372.9383 Y-229.6988
G1 X372.5677 Y-230.1530
G1 X372.1316 Y-230.6831
G1 X371.5629 Y-231.3668
G1 X370.9866 Y-232.0516
G1 X370.4026 Y-232.7374
G1 X369.8098 Y-233.4255
G1 X369.3437 Y-233.9609
G1 X369.0084 Y-234.3427
G1 X368.6020 Y-234.8022
G1 X368.2576 Y-235.1888
G1 X367.8494 Y-235.6437
G1 X367.3635 Y-236.1804
G1 X366.9391 Y-236.6449
G1 X366.4488 Y-237.1771
G1 X365.9441 Y-237.7196
G1 X365.2987 Y-238.4057
G1 X365.0071 Y-238.7128
G1 X364.7112 Y-239.0229
G1 X364.1976 Y-239.5571
G1 X363.9005 Y-239.8639
G1 X363.6015 Y-240.1707
G1 X363.2269 Y-240.5527
G1 X362.6134 Y-241.1725
G1 X362.6137 Y-241.1725
G1 X362.0818 Y-241.7044
G1 X362.0818 Y-241.7041
G1 X361.6180 Y-242.1639
G1 X361.1453 Y-242.6282
G1 X360.7575 Y-243.0064
G1 X360.2825 Y-243.4659
G1 X359.8045 Y-243.9243
G1 X359.2355 Y-244.4648
G1 X358.6726 Y-244.9944
G1 X358.1811 Y-245.4526
G1 X358.1809 Y-245.4524
G1 X357.7674 Y-245.8347
G1 X357.6000 Y-245.9886
G1 X357.6000 Y-245.9888
G1 X357.1827 Y-246.3706
G1 X356.8520 Y-246.6711
G1 X356.4313 Y-247.0508
G1 X356.0034 Y-247.4344
G1 X356.0036 Y-247.4346
G1 X355.6660 Y-247.7348
G1 X355.4095 Y-247.9619
G1 X354.9807 Y-248.3394
G1 X354.3729 Y-248.8697
G1 X353.9373 Y-249.2464
G1 X353.2322 Y-249.8504
G1 X352.6993 Y-250.3018
G1 X352.0661 Y-250.8331
G1 X351.5302 Y-251.2781
G1 X350.9790 Y-251.7320
G1 X350.6186 Y-252.0264
G1 X350.0605 Y-252.4788
G1 X349.5096 Y-252.9210
G1 X348.9490 Y-253.3668
G1 X348.3785 Y-253.8164
G1 X348.0062 Y-254.1074
G1 X347.3384 Y-254.6251
G1 X346.7613 Y-255.0678
G1 X346.2782 Y-255.4351
G1 X345.8886 Y-255.7290
G1 X345.4941 Y-256.0249
G1 X344.8045 Y-256.5377
G1 X344.3155 Y-256.8976
G1 X343.7176 Y-257.3340
G1 X343.3166 Y-257.6238
G1 X342.7057 Y-258.0625
G1 X342.3016 Y-258.3503
G1 X341.8982 Y-258.6355
G1 X341.8982 Y-258.6352
G1 X341.3811 Y-258.9982
G1 X340.8718 Y-259.3525
G1 X340.2493 Y-259.7818
G1 X339.7225 Y-260.1417
G1 X339.1979 Y-260.4971
G1 X338.5696 Y-260.9187
G1 X338.1444 Y-261.2014
G1 X337.6110 Y-261.5537
G1 X337.1776 Y-261.8374
G1 X336.6430 Y-262.1852
G1 X336.6430 Y-262.1849
G1 X336.2051 Y-262.4671
G1 X336.2051 Y-262.4673
G1 X335.6658 Y-262.8123
G1 X335.0080 Y-263.2291
G1 X334.4512 Y-263.5783
G1 X333.6788 Y-264.0579
G1 X333.6788 Y-264.0576
G1 X333.2330 Y-264.3317
G1 X332.6717 Y-264.6738
G1 X332.1020 Y-265.0180
G1 X332.1022 Y-265.0183
G1 X331.5401 Y-265.3546
G1 X330.9699 Y-265.6929
G1 X330.3968 Y-266.0297
G1 X329.6978 Y-266.4363
G1 X329.2394 Y-266.7005
G1 X328.7735 Y-266.9670
G1 X328.1878 Y-267.2992
G1 X327.7174 Y-267.5636
G1 X327.1271 Y-267.8928
G1 X326.4065 Y-268.2903
G1 X326.0537 Y-268.4833
G1 X325.5744 Y-268.7437
G1 X324.9661 Y-269.0713
G1 X324.3603 Y-269.3944
G1 X323.8787 Y-269.6492
G1 X323.8787 Y-269.6489
G1 X323.3849 Y-269.9078
G1 X323.3849 Y-269.9080
G1 X322.6524 Y-270.2885
G1 X322.1584 Y-270.5423
G1 X321.5376 Y-270.8585
G1 X320.9079 Y-271.1760
G1 X320.2849 Y-271.4871
G1 X320.0347 Y-271.6111
G1 X319.3971 Y-271.9248
G1 X319.0225 Y-272.1077
G1 X319.0225 Y-272.1074
G1 X318.2508 Y-272.4805
G1 X317.8729 Y-272.6616
G1 X317.3590 Y-272.9057
G1 X316.7075 Y-273.2126
G1 X316.0654 Y-273.5118
G1 X315.2816 Y-273.8725
G1 X314.6252 Y-274.1709
G1 X313.9597 Y-274.4704
G1 X313.9597 Y-274.4706
G1 X313.5673 Y-274.6456
G1 X313.5673 Y-274.6454
G1 X313.1652 Y-274.8234
G1 X313.1652 Y-274.8237
G1 X312.7705 Y-274.9974
G1 X312.7705 Y-274.9972
G1 X311.9603 Y-275.3502
G1 X311.4281 Y-275.5796
G1 X310.8881 Y-275.8100
G1 X310.2038 Y-276.0993
G1 X309.9341 Y-276.2123
G1 X309.2547 Y-276.4947
G1 X308.5620 Y-276.7795
G1 X307.7400 Y-277.1132
G1 X307.7400 Y-277.1130
G1 X306.9059 Y-277.4467
G1 X306.3428 Y-277.6692
G1 X305.5059 Y-277.9961
G1 X304.9430 Y-278.2133
G1 X304.2290 Y-278.4856
G1 X303.6654 Y-278.6985
G1 X303.0936 Y-278.9121
G1 X302.6603 Y-279.0726
G1 X302.2331 Y-279.2296
G1 X301.7972 Y-279.3886
G1 X301.3674 Y-279.5443
G1 X300.9290 Y-279.7018
G1 X300.4980 Y-279.8554
G1 X299.7675 Y-280.1132
G1 X299.7675 Y-280.1130
G1 X299.1767 Y-280.3190
G1 X298.5882 Y-280.5222
G1 X298.0030 Y-280.7218
G1 X297.2554 Y-280.9740
G1 X296.5153 Y-281.2204
G1 X296.2168 Y-281.3187
G1 X295.7673 Y-281.4658
G1 X295.1673 Y-281.6603
G1 X294.2610 Y-281.9502
G1 X294.2610 Y-281.9499
G1 X293.3421 Y-282.2387
G1 X292.7327 Y-282.4277
G1 X292.1246 Y-282.6139
G1 X291.5097 Y-282.8000
G1 X290.8917 Y-282.9850
G1 X290.4266 Y-283.1226
G1 X289.9611 Y-283.2593
G1 X289.4901 Y-283.3962
G1 X289.4901 Y-283.3964
G1 X289.0261 Y-283.5300
G1 X288.3997 Y-283.7086
G1 X287.6067 Y-283.9316
G1 X287.6067 Y-283.9319
G1 X287.1389 Y-284.0617
G1 X286.3466 Y-284.2791
G1 X285.5506 Y-284.4940
G1 X284.7444 Y-284.7081
G1 X283.7851 Y-284.9585
G1 X283.1341 Y-285.1257
G1 X283.1341 Y-285.1259
G1 X282.6525 Y-285.2478
G1 X282.0012 Y-285.4112
G1 X281.6758 Y-285.4919
G1 X281.3467 Y-285.5730
G1 X280.8592 Y-285.6923
G1 X280.8592 Y-285.6921
G1 X280.2026 Y-285.8506
G1 X279.3723 Y-286.0479
G1 X278.7109 Y-286.2026
G1 X277.7185 Y-286.4307
G1 X276.8831 Y-286.6187
G1 X276.0378 Y-286.8054
G1 X276.0378 Y-286.8056
G1 X275.3683 Y-286.9509
G1 X274.8575 Y-287.0604
G1 X274.3543 Y-287.1671
G1 X274.3543 Y-287.1668
G1 X273.3258 Y-287.3809
G1 X272.9903 Y-287.4498
G1 X272.9903 Y-287.4495
G1 X272.3053 Y-287.5882
G1 X271.6129 Y-287.7261
G1 X271.6129 Y-287.7264
G1 X270.5824 Y-287.9273
G1 X269.8887 Y-288.0596
G1 X269.1930 Y-288.1902
G1 X268.3190 Y-288.3512
G1 X267.6182 Y-288.4777
G1 X266.7317 Y-288.6344
G1 X266.0305 Y-288.7561
G1 X265.1427 Y-288.9067
G1 X264.4297 Y-289.0251
G1 X263.7099 Y-289.1424
G1 X262.8120 Y-289.2857
G1 X262.0968 Y-289.3972
G1 X261.3736 Y-289.5077
G1 X260.6477 Y-289.6161
G1 X259.9195 Y-289.7228
G1 X259.1892 Y-289.8275
G1 X258.2664 Y-289.9565
G1 X258.2664 Y-289.9567
G1 X257.7186 Y-290.0314
G1 X257.3475 Y-290.0815
G1 X256.9809 Y-290.1305
G1 X256.9809 Y-290.1302
G1 X256.4219 Y-290.2036
G1 X255.6792 Y-290.2991
G1 X254.9383 Y-290.3924
G1 X254.9383 Y-290.3921
G1 X254.1857 Y-290.4843
G1 X254.1857 Y-290.4846
G1 X253.2522 Y-290.5956
G1 X253.2522 Y-290.5953
G1 X252.4940 Y-290.6829
G1 X252.4940 Y-290.6832
G1 X251.9317 Y-290.7467
G1 X251.3640 Y-290.8094
G1 X250.6043 Y-290.8915
G1 X249.8415 Y-290.9715
G1 X249.0719 Y-291.0500
G1 X249.0719 Y-291.0502
G1 X248.5012 Y-291.1069
G1 X248.5012 Y-291.1066
G1 X247.7323 Y-291.1810
G1 X246.7610 Y-291.2717
G1 X246.7610 Y-291.2720
G1 X246.3785 Y-291.3065
G1 X245.7968 Y-291.3583
G1 X245.7968 Y-291.3581
G1 X245.0137 Y-291.4256
G1 X244.4288 Y-291.4747
G1 X243.8458 Y-291.5222
G1 X243.8458 Y-291.5219
G1 X243.0562 Y-291.5841
G1 X242.2682 Y-291.6441
G1 X241.8778 Y-291.6728
G1 X241.2845 Y-291.7154
G1 X240.6863 Y-291.7571
G1 X239.8903 Y-291.8104
G1 X239.0920 Y-291.8617
G1 X238.2957 Y-291.9105
G1 X237.6942 Y-291.9458
G1 X236.8890 Y-291.9910
G1 X236.0808 Y-292.0340
G1 X235.2703 Y-292.0749
G1 X234.4567 Y-292.1135
G1 X233.8418 Y-292.1411
G1 X233.8418 Y-292.1414
G1 X233.2327 Y-292.1673
G1 X232.4130 Y-292.2003
G1 X231.5860 Y-292.2313
G1 X231.5860 Y-292.2316
G1 X230.7648 Y-292.2598
G1 X230.1410 Y-292.2798
G1 X230.1410 Y-292.2801
G1 X229.3148 Y-292.3045
G1 X229.3148 Y-292.3042
G1 X228.6874 Y-292.3212
G1 X227.6505 Y-292.3466
G1 X226.6081 Y-292.3687
G1 X225.9889 Y-292.3802
G1 X225.1634 Y-292.3936
G1 X224.3455 Y-292.4048
G1 X224.3455 Y-292.4045
G1 X223.5215 Y-292.4134
G1 X222.7044 Y-292.4200
G1 X221.8896 Y-292.4246
G1 X221.0778 Y-292.4269
G1 X220.4743 Y-292.4272
G1 X219.6676 Y-292.4256
G1 X218.8627 Y-292.4218
G1 X218.0600 Y-292.4160
G1 X217.4601 Y-292.4101
G1 X216.8583 Y-292.4030
G1 X216.8583 Y-292.4033
G1 X215.8677 Y-292.3888
G1 X215.0745 Y-292.3748
G1 X214.4786 Y-292.3629
G1 X214.4786 Y-292.3631
G1 X213.6943 Y-292.3454
G1 X212.9081 Y-292.3256
G1 X212.3173 Y-292.3093
G1 X211.3453 Y-292.2801
G1 X211.3453 Y-292.2798
G1 X210.5627 Y-292.2537
G1 X210.1789 Y-292.2400
G1 X209.4004 Y-292.2107
G1 X208.8223 Y-292.1876
G1 X207.8591 Y-292.1465
G1 X207.2891 Y-292.1206
G1 X207.2891 Y-292.1203
G1 X206.5200 Y-292.0832
G1 X205.5668 Y-292.0345
G1 X205.1891 Y-292.0141
G1 X204.6196 Y-291.9827
G1 X203.8683 Y-291.9390
G1 X202.9259 Y-291.8813
G1 X202.3595 Y-291.8450
G1 X201.6158 Y-291.7955
G1 X200.6821 Y-291.7302
G1 X200.1253 Y-291.6898
G1 X199.5658 Y-291.6479
G1 X199.0113 Y-291.6052
G1 X199.0113 Y-291.6055
G1 X198.4621 Y-291.5618
G1 X197.5424 Y-291.4866
G1 X197.5424 Y-291.4863
G1 X196.9897 Y-291.4393
G1 X196.0761 Y-291.3591
G1 X196.0761 Y-291.3593
G1 X195.5361 Y-291.3103
G1 X195.5361 Y-291.3101
G1 X194.6237 Y-291.2245
G1 X193.7258 Y-291.1371
G1 X193.0019 Y-291.0642
G1 X192.4672 Y-291.0091
G1 X192.1096 Y-290.9715
G1 X191.7525 Y-290.9334
G1 X191.3936 Y-290.8945
G1 X191.3936 Y-290.8948
G1 X190.6803 Y-290.8160
G1 X189.9765 Y-290.7363
G1 X189.2699 Y-290.6540
G1 X188.3842 Y-290.5481
G1 X187.6887 Y-290.4625
G1 X186.8099 Y-290.3515
G1 X186.1195 Y-290.2618
G1 X185.4215 Y-290.1691
G1 X185.4215 Y-290.1693
G1 X184.3898 Y-290.0284
G1 X184.3898 Y-290.0281
G1 X183.8706 Y-289.9555
G1 X183.0189 Y-289.8336
G1 X182.1602 Y-289.7073
G1 X181.4810 Y-289.6052
G1 X180.8038 Y-289.5013
G1 X180.1343 Y-289.3964
G1 X179.2879 Y-289.2610
G1 X178.6247 Y-289.1526
G1 X177.7853 Y-289.0124
G1 X177.7853 Y-289.0126
G1 X177.1264 Y-288.9001
G1 X176.4596 Y-288.7843
G1 X175.9687 Y-288.6977
G1 X175.6372 Y-288.6385
G1 X175.6372 Y-288.6387
G1 X174.9842 Y-288.5206
G1 X174.9842 Y-288.5204
G1 X174.1607 Y-288.3687
G1 X173.3474 Y-288.2156
G1 X172.6992 Y-288.0914
G1 X171.7368 Y-287.9029
G1 X170.9280 Y-287.7409
G1 X170.2885 Y-287.6105
G1 X169.9710 Y-287.5450
G1 X169.3388 Y-287.4129
G1 X168.5468 Y-287.2448
G1 X167.7523 Y-287.0728
G1 X167.7523 Y-287.0731
G1 X167.1244 Y-286.9349
G1 X166.8170 Y-286.8663
G1 X166.0362 Y-286.6903
G1 X165.2532 Y-286.5107
G1 X164.7901 Y-286.4030
G1 X164.1762 Y-286.2585
G1 X164.1762 Y-286.2583
G1 X163.8694 Y-286.1851
G1 X163.2506 Y-286.0363
G1 X162.6433 Y-285.8882
G1 X162.1823 Y-285.7744
G1 X161.4218 Y-285.5841
G1 X160.6662 Y-285.3919
G1 X159.7635 Y-285.1582
G1 X159.0162 Y-284.9611
G1 X158.2773 Y-284.7632
G1 X157.6845 Y-284.6019
G1 X156.9458 Y-284.3985
G1 X156.3530 Y-284.2329
G1 X156.3530 Y-284.2331
G1 X155.6273 Y-284.0274
G1 X154.7533 Y-283.7757
G1 X153.8773 Y-283.5189
G1 X153.4521 Y-283.3926
G1 X152.5834 Y-283.1313
G1 X152.0182 Y-282.9585
G1 X151.4439 Y-282.7812
G1 X150.8770 Y-282.6042
G1 X150.0292 Y-282.3357
G1 X149.1938 Y-282.0667
G1 X148.6355 Y-281.8844
G1 X148.0784 Y-281.7005
G1 X147.6591 Y-281.5608
G1 X146.9680 Y-281.3281
G1 X146.1437 Y-281.0464
G1 X145.4615 Y-280.8100
G1 X144.9233 Y-280.6210
G1 X144.2405 Y-280.3789
G1 X143.4386 Y-280.0904
G1 X143.4386 Y-280.0901
G1 X142.8981 Y-279.8933
G1 X142.3645 Y-279.6969
G1 X142.3645 Y-279.6972
G1 X141.7061 Y-279.4521
G1 X141.7061 Y-279.4518
G1 X141.0393 Y-279.2006
G1 X140.6462 Y-279.0510
G1 X139.8577 Y-278.7477
G1 X139.2123 Y-278.4960
G1 X138.6888 Y-278.2898
G1 X138.1770 Y-278.0863
G1 X138.1770 Y-278.0861
G1 X137.6578 Y-277.8775
G1 X137.0167 Y-277.6174
G1 X136.3843 Y-277.3578
G1 X136.0000 Y-277.1986
G1 X135.2405 Y-276.8806
G1 X134.8697 Y-276.7239
G1 X134.8697 Y-276.7236
G1 X134.2375 Y-276.4539
G1 X134.2375 Y-276.4541
G1 X133.4955 Y-276.1333
G1 X133.1204 Y-275.9695
G1 X132.5075 Y-275.6997
G1 X132.0162 Y-275.4810
G1 X131.3990 Y-275.2039
G1 X131.0399 Y-275.0411
G1 X130.4277 Y-274.7615
G1 X130.0670 Y-274.5951
G1 X129.5850 Y-274.3713
G1 X129.2309 Y-274.2057
G1 X129.2309 Y-274.2054
G1 X128.6284 Y-273.9212
G1 X127.9223 Y-273.5842
G1 X127.4455 Y-273.3540
G1 X127.4455 Y-273.3543
G1 X126.8573 Y-273.0678
G1 X126.1623 Y-272.7256
G1 X125.5824 Y-272.4368
G1 X124.9995 Y-272.1435
G1 X124.3101 Y-271.7927
G1 X124.3101 Y-271.7930
G1 X123.8545 Y-271.5588
G1 X123.2924 Y-271.2672
G1 X122.6081 Y-270.9085
G1 X122.2776 Y-270.7338
G1 X121.7127 Y-270.4325
G1 X121.2728 Y-270.1961
G1 X120.7132 Y-269.8925
G1 X120.3838 Y-269.7124
G1 X119.9436 Y-269.4701
G1 X119.5118 Y-269.2306
G1 X118.8524 Y-268.8615
G1 X118.4272 Y-268.6210
G1 X117.6670 Y-268.1869
G1 X117.2416 Y-267.9416
G1 X116.6028 Y-267.5694
G1 X115.9701 Y-267.1968
G1 X115.4463 Y-266.8852
G1 X115.0351 Y-266.6383
G1 X114.4062 Y-266.2575
G1 X114.4062 Y-266.2578
G1 X113.9995 Y-266.0094
G1 X113.4811 Y-265.6901
G1 X112.8690 Y-265.3093
G1 X112.3632 Y-264.9916
G1 X111.8644 Y-264.6754
G1 X111.4593 Y-264.4165
G1 X110.8603 Y-264.0307
G1 X110.4659 Y-263.7742
G1 X109.9723 Y-263.4508
G1 X109.3912 Y-263.0663
G1 X108.8019 Y-262.6723
G1 X108.8019 Y-262.6726
G1 X108.2289 Y-262.2855
G1 X107.6477 Y-261.8890
G1 X107.0775 Y-261.4958
G1 X106.6114 Y-261.1717
G1 X106.6117 Y-261.1714
G1 X105.9477 Y-260.7048
G1 X105.2970 Y-260.2421
G1 X104.6571 Y-259.7818
G1 X104.1944 Y-259.4455
G1 X103.7450 Y-259.1161
G1 X103.2022 Y-258.7147
G1 X102.7483 Y-258.3762
G1 X102.4819 Y-258.1760
G1 X101.9470 Y-257.7714
G1 X101.3300 Y-257.2997
G1 X100.8065 Y-256.8951
G1 X100.2858 Y-256.4889
G1 X99.8611 Y-256.1549
G1 X99.3422 Y-255.7429
G1 X99.0036 Y-255.4719
G1 X98.4110 Y-254.9936
G1 X97.9983 Y-254.6574
G1 X97.5777 Y-254.3119
G1 X97.5777 Y-254.3122
G1 X96.9231 Y-253.7694
G1 X96.9234 Y-253.7691
G1 X96.3452 Y-253.2837
G1 X95.8649 Y-252.8766
G1 X95.3773 Y-252.4592
G1 X95.3770 Y-252.4595
G1 X94.8246 Y-251.9820
G1 X94.8248 Y-251.9817
G1 X94.3453 Y-251.5634
G1 X94.1118 Y-251.3581
G1 X93.5685 Y-250.8771
G1 X93.2553 Y-250.5974
G1 X92.7933 Y-250.1816
G1 X92.3412 Y-249.7712
G1 X91.8060 Y-249.2804
G1 X91.2873 Y-248.7999
G1 X90.8431 Y-248.3843
G1 X90.2485 Y-247.8222
G1 X89.7395 Y-247.3358
G1 X89.3801 Y-246.9891
G1 X89.0262 Y-246.6452
G1 X88.5949 Y-246.2230
G1 X88.0316 Y-245.6658
G1 X87.5452 Y-245.1791
G1 X87.1317 Y-244.7615
G1 X86.6529 Y-244.2736
G1 X86.2475 Y-243.8565
G1 X85.7778 Y-243.3688
G1 X85.3199 Y-242.8885
G1 X84.7293 Y-242.2616
G1 X84.2053 Y-241.6990
G1 X83.6938 Y-241.1435
G1 X83.1306 Y-240.5248
G1 X83.1309 Y-240.5245
G1 X82.7519 Y-240.1034
G1 X82.2571 Y-239.5482
G1 X81.7692 Y-238.9947
G1 X81.5289 Y-238.7196
G1 X81.2886 Y-238.4433
G1 X80.9310 Y-238.0285
G1 X80.5767 Y-237.6145
G1 X80.2259 Y-237.2012
G1 X79.6473 Y-236.5118
G1 X79.3641 Y-236.1707
G1 X79.0247 Y-235.7590
G1 X78.7448 Y-235.4169
G1 X78.3562 Y-234.9378
G1 X77.8083 Y-234.2545
G1 X77.5401 Y-233.9165
G1 X77.1116 Y-233.3719
G1 X76.7425 Y-232.8979
G1 X76.3781 Y-232.4250
G1 X75.9717 Y-231.8923
G1 X75.4586 Y-231.2121
G1 X75.4583 Y-231.2124
G1 X75.2140 Y-230.8845
G1 X74.8632 Y-230.4108
G1 X74.5754 Y-230.0181
G1 X74.0387 Y-229.2784
G1 X73.6610 Y-228.7511
G1 X73.2455 Y-228.1641
G1 X72.9661 Y-227.7654
G1 X72.6930 Y-227.3724
G1 X72.3783 Y-226.9157
G1 X72.0682 Y-226.4611
G1 X72.0679 Y-226.4613
G1 X71.6351 Y-225.8197
G1 X71.3740 Y-225.4286
G1 X71.1622 Y-225.1085
G1 X70.7415 Y-224.4674
G1 X70.2546 Y-223.7138
G1 X69.8886 Y-223.1395
G1 X69.5734 Y-222.6389
G1 X69.5731 Y-222.6389
G1 X69.3402 Y-222.2655
G1 X68.9623 Y-221.6531
G1 X68.5452 Y-220.9676
G1 X68.2155 Y-220.4187
G1 X67.9282 Y-219.9345
G1 X67.5747 Y-219.3315
G1 X67.3334 Y-218.9150
G1 X67.0606 Y-218.4395
G1 X66.6933 Y-217.7910
G1 X66.3359 Y-217.1502
G1 X66.0872 Y-216.6983
G1 X65.6476 Y-215.8878
G1 X65.3478 Y-215.3257
G1 X65.0306 Y-214.7222
G1 X64.5988 Y-213.8858
G1 X64.3250 Y-213.3460
G1 X64.0309 Y-212.7575
G1 X63.6681 Y-212.0189
G1 X63.3692 Y-211.3986
G1 X63.1566 Y-210.9503
G1 X62.7766 Y-210.1352
G1 X62.7764 Y-210.1352
G1 X62.5302 Y-209.5965
G1 X62.2699 Y-209.0166
G1 X62.1022 Y-208.6379
G1 X61.8774 Y-208.1220
G1 X61.6255 Y-207.5335
G1 X61.4710 Y-207.1670
G1 X61.2894 Y-206.7296
G1 X60.9928 Y-205.9998
G1 X60.7893 Y-205.4870
G1 X60.5986 Y-204.9968
G1 X60.4017 Y-204.4799
G1 X60.2722 Y-204.1329
G1 X60.1091 Y-203.6879
G1 X59.9272 Y-203.1797
G1 X59.7271 Y-202.6039
G1 X59.5574 Y-202.1004
G1 X59.4312 Y-201.7154
G1 X59.2839 Y-201.2518
G1 X59.1670 Y-200.8713
G1 X59.0347 Y-200.4248
G1 X58.9755 Y-200.2180
G1 X58.8678 Y-199.8292
G1 X58.7830 Y-199.5081
G1 X58.6981 Y-199.1698
G1 X58.6532 Y-198.9813
G1 X58.5927 Y-198.7131
G1 X58.5440 Y-198.4786
G1 X58.5249 Y-198.3796
G1 X58.5650 Y-198.3722
G1 X58.6821 Y-198.3527
G1 X58.8185 Y-198.3331
G1 X58.9638 Y-198.3151
G1 X59.0459 Y-198.3062
G1 X59.1657 Y-198.2945
G1 X59.1657 Y-198.2942
G1 X59.2559 Y-198.2864
G1 X59.3819 Y-198.2767
G1 X59.4843 Y-198.2696
G1 X59.6105 Y-198.2620
G1 X59.7228 Y-198.2564
G1 X59.9277 Y-198.2478
G1 X60.0578 Y-198.2437
G1 X60.1815 Y-198.2406
G1 X60.3181 Y-198.2381
G1 X60.4688 Y-198.2363
G1 X60.6811 Y-198.2353
G1 X60.8995 Y-198.2363
G1 X61.1375 Y-198.2391
G1 X61.4609 Y-198.2457
G1 X61.4609 Y-198.2455
G1 X61.6928 Y-198.2523
G1 X62.0433 Y-198.2650
G1 X62.2059 Y-198.2719
G1 X62.4718 Y-198.2843
G1 X62.8297 Y-198.3034
G1 X63.2023 Y-198.3257
G1 X63.3964 Y-198.3384
G1 X63.3964 Y-198.3382
G1 X63.7761 Y-198.3643
G1 X63.7761 Y-198.3646
G1 X64.1792 Y-198.3948
G1 X64.6857 Y-198.4357
G1 X64.6857 Y-198.4355
G1 X65.1972 Y-198.4802
G1 X65.5130 Y-198.5091
G1 X66.0601 Y-198.5615
G1 X66.4934 Y-198.6049
G1 X66.7189 Y-198.6283
G1 X67.4009 Y-198.7009
G1 X67.7380 Y-198.7382
G1 X68.4461 Y-198.8190
G1 X69.0402 Y-198.8891
G1 X69.6392 Y-198.9620
G1 X70.2564 Y-199.0390
G1 X71.1228 Y-199.1500
G1 X71.1228 Y-199.1502
G1 X71.6303 Y-199.2170
G1 X71.6303 Y-199.2168
G1 X72.7771 Y-199.3712
G1 X73.8221 Y-199.5160
G1 X75.1411 Y-199.7034
G1 X76.2030 Y-199.8579
G1 X77.6900 Y-200.0781
G1 X79.0473 Y-200.2828
G1 X80.1350 Y-200.4489
G1 X80.1350 Y-200.4492
G1 X81.9137 Y-200.7243
G1 X88.8962 Y-201.8223
G1 X91.4519 Y-202.2211
G1 X92.3211 Y-202.3549
G1 X93.7725 Y-202.5754
G1 X94.9416 Y-202.7494
G1 X95.9599 Y-202.8975
G1 X96.9414 Y-203.0367
G1 X97.6790 Y-203.1383
G1 X98.1921 Y-203.2069
G1 X98.7908 Y-203.2851
G1 X99.4649 Y-203.3699
G1 X100.1111 Y-203.4471
G1 X100.6417 Y-203.5073
G1 X100.9851 Y-203.5444
G1 X101.3991 Y-203.5866
G1 X101.7212 Y-203.6176
G1 X102.0315 Y-203.6453
G1 X102.3330 Y-203.6704
G1 X102.6239 Y-203.6925
G1 X102.9033 Y-203.7113
G1 X103.1093 Y-203.7235
G1 X103.3048 Y-203.7334
G1 X103.5017 Y-203.7420
G1 X103.7501 Y-203.7499
G1 X103.9904 Y-203.7542
G1 X104.2126 Y-203.7547
G1 X104.2728 Y-203.7540
G1 X104.4385 Y-203.7507
G1 X104.5459 Y-203.7469
G1 X104.7079 Y-203.7392
G1 X104.8588 Y-203.7286
G1 X104.9683 Y-203.7187
G1 X105.1176 Y-203.7017
G1 X105.2147 Y-203.6879
G1 X105.3191 Y-203.6709
G1 X105.3782 Y-203.6600
G1 X105.3927 Y-203.6572
G1 X105.4405 Y-203.7057
G1 X105.4669 Y-203.7334
G1 X105.5134 Y-203.7834
G1 X105.5533 Y-203.8276
G1 X105.6122 Y-203.8947
G1 X105.6452 Y-203.9336
G1 X105.7054 Y-204.0057
G1 X105.7448 Y-204.0537
G1 X105.7981 Y-204.1205
G1 X105.8603 Y-204.1997
G1 X105.9050 Y-204.2579
G1 X105.9599 Y-204.3306
G1 X106.0239 Y-204.4169
G1 X106.0745 Y-204.4860
G1 X106.1352 Y-204.5706
G1 X106.1941 Y-204.6534
G1 X106.2538 Y-204.7387
G1 X106.3158 Y-204.8289
G1 X106.3795 Y-204.9226
G1 X106.4395 Y-205.0118
G1 X106.5721 Y-205.2130
G1 X106.6368 Y-205.3125
G1 X106.7026 Y-205.4151
G1 X106.8456 Y-205.6412
G1 X106.9089 Y-205.7425
G1 X106.9086 Y-205.7425
G1 X106.9815 Y-205.8606
G1 X107.1245 Y-206.0948
G1 X107.2629 Y-206.3252
G1 X107.4105 Y-206.5752
G1 X107.4844 Y-206.7016
G1 X107.6394 Y-206.9686
G1 X107.7874 Y-207.2272
G1 X107.9424 Y-207.5012
G1 X108.1001 Y-207.7829
G1 X108.2599 Y-208.0707
G1 X108.4242 Y-208.3694
G1 X108.4245 Y-208.3694
G1 X108.5030 Y-208.5132
G1 X108.5027 Y-208.5132
G1 X108.6673 Y-208.8162
G1 X108.8339 Y-209.1256
G1 X109.0044 Y-209.4438
G1 X109.2576 Y-209.9201
G1 X109.6048 Y-210.5800
G1 X110.0483 Y-211.4316
G1 X110.5032 Y-212.3128
G1 X110.5035 Y-212.3128
G1 X111.1499 Y-213.5746
G1 X112.1997 Y-215.6338
G1 X113.1796 Y-217.5523
G1 X113.5776 Y-218.3272
G1 X114.0788 Y-219.2978
G1 X114.4826 Y-220.0742
G1 X114.8880 Y-220.8479
G1 X115.0922 Y-221.2353
G1 X115.5004 Y-222.0036
G1 X115.7059 Y-222.3872
G1 X116.1156 Y-223.1459
G1 X116.3216 Y-223.5238
G1 X116.6297 Y-224.0839
G1 X116.8354 Y-224.4555
G1 X116.9396 Y-224.6417
G1 X117.2487 Y-225.1911
G1 X117.4547 Y-225.5533
G1 X117.6609 Y-225.9134
G1 X117.8664 Y-226.2683
G1 X117.9703 Y-226.4461
G1 X118.1755 Y-226.7958
G1 X118.2789 Y-226.9701
G1 X118.3830 Y-227.1448
G1 X118.5890 Y-227.4877
G1 X118.7945 Y-227.8261
G1 X119.0005 Y-228.1608
G1 X119.2055 Y-228.4900
G1 X119.3091 Y-228.6544
G1 X119.5128 Y-228.9746
G1 X119.6162 Y-229.1357
G1 X119.7193 Y-229.2942
G1 X119.9231 Y-229.6053
G1 X120.0269 Y-229.7620
G1 X120.2299 Y-230.0643
G1 X120.3320 Y-230.2139
G1 X120.4336 Y-230.3623
G1 X120.5360 Y-230.5101
G1 X120.6391 Y-230.6579
G1 X120.7399 Y-230.7999
G1 X120.8428 Y-230.9444
G1 X120.9439 Y-231.0846
G1 X121.0457 Y-231.2246
G1 X121.1476 Y-231.3630
G1 X121.2492 Y-231.4994
G1 X121.3518 Y-231.6361
G1 X121.4521 Y-231.7676
G1 X121.5547 Y-231.9010
G1 X121.6558 Y-232.0305
G1 X121.7572 Y-232.1585
G1 X121.8606 Y-232.2878
G1 X121.9614 Y-232.4120
G1 X122.0625 Y-232.5345
G1 X122.1656 Y-232.6582
G1 X122.2665 Y-232.7770
G1 X122.3683 Y-232.8954
G1 X122.4717 Y-233.0135
G1 X122.5723 Y-233.1265
G1 X122.6744 Y-233.2393
G1 X122.7762 Y-233.3501
G1 X122.8811 Y-233.4621
G1 X122.9835 Y-233.5687
G1 X123.0841 Y-233.6719
G1 X123.1895 Y-233.7780
G1 X123.2903 Y-233.8771
G1 X123.3942 Y-233.9774
G1 X123.5004 Y-234.0773
G1 X123.6050 Y-234.1733
G1 X123.7084 Y-234.2655
G1 X123.8138 Y-234.3577
G1 X123.9192 Y-234.4471
G1 X124.0272 Y-234.5362
G1 X124.1318 Y-234.6198
G1 X124.2408 Y-234.7044
G1 X124.3510 Y-234.7872
G1 X124.4570 Y-234.8636
G1 X124.5674 Y-234.9411
G1 X124.6817 Y-235.0178
G1 X124.7907 Y-235.0879
G1 X124.9037 Y-235.1575
G1 X125.0208 Y-235.2266
G1 X125.1341 Y-235.2896
G1 X125.2517 Y-235.3521
G1 X125.3703 Y-235.4115
G1 X125.4902 Y-235.4677
G1 X125.6091 Y-235.5200
G1 X125.6914 Y-235.5540
G1 X125.7358 Y-235.5715
G1 X125.8598 Y-235.6178
G1 X125.9411 Y-235.6460
G1 X125.9863 Y-235.6609
G1 X126.0673 Y-235.6863
G1 X126.1163 Y-235.7008
G1 X126.1966 Y-235.7232
G1 X126.2456 Y-235.7359
G1 X126.3256 Y-235.7554
G1 X126.3797 Y-235.7676
G1 X126.4592 Y-235.7841
G1 X126.5105 Y-235.7940
G1 X126.5895 Y-235.8078
G1 X126.6472 Y-235.8166
G1 X126.7257 Y-235.8273
G1 X126.7851 Y-235.8342
G1 X126.8631 Y-235.8418
G1 X126.9241 Y-235.8466
G1 X127.0015 Y-235.8512
G1 X127.0635 Y-235.8537
G1 X127.1405 Y-235.8553
G1 X127.1930 Y-235.8553
G1 X127.2624 Y-235.8542
G1 X127.3426 Y-235.8509
G1 X127.4110 Y-235.8466
G1 X127.4917 Y-235.8398
G1 X127.5585 Y-235.8327
G1 X127.6378 Y-235.8222
G1 X127.7069 Y-235.8118
G1 X127.7833 Y-235.7986
G1 X127.8499 Y-235.7854
G1 X127.9180 Y-235.7709
G1 X127.9926 Y-235.7534
G1 X128.0599 Y-235.7361
G1 X128.1333 Y-235.7158
G1 X128.1971 Y-235.6965
G1 X128.2634 Y-235.6757
G1 X128.3294 Y-235.6536
G1 X128.3970 Y-235.6297
G1 X128.4778 Y-235.5992
G1 X128.5954 Y-235.5515
G1 X128.6594 Y-235.5238
G1 X128.7193 Y-235.4969
G1 X128.7894 Y-235.4638
G1 X128.8486 Y-235.4349
G1 X128.9073 Y-235.4052
G1 X128.9693 Y-235.3729
G1 X129.0310 Y-235.3399
G1 X129.0991 Y-235.3018
G1 X129.2126 Y-235.2355
G1 X129.2690 Y-235.2012
G1 X129.3292 Y-235.1636
G1 X129.3886 Y-235.1255
G1 X129.4531 Y-235.0828
G1 X129.5585 Y-235.0110
G1 X129.6251 Y-234.9640
G1 X129.7356 Y-234.8832
G1 X129.8489 Y-234.7968
G1 X129.9596 Y-234.7092
G1 X130.0635 Y-234.6239
G1 X130.1196 Y-234.5764
G1 X130.1768 Y-234.5276
G1 X130.2855 Y-234.4321
G1 X130.3901 Y-234.3374
G1 X130.4475 Y-234.2840
G1 X130.5550 Y-234.1819
G1 X130.6604 Y-234.0788
G1 X130.7640 Y-233.9751
G1 X130.8189 Y-233.9190
G1 X130.9238 Y-233.8098
G1 X131.0302 Y-233.6968
G1 X131.1346 Y-233.5827
G1 X131.2405 Y-233.4646
G1 X131.3424 Y-233.3483
G1 X131.4493 Y-233.2243
G1 X131.5504 Y-233.1039
G1 X131.6037 Y-233.0399
G1 X131.7081 Y-232.9124
G1 X131.8110 Y-232.7846
G1 X131.8641 Y-232.7176
G1 X131.9700 Y-232.5822
G1 X132.1244 Y-232.3810
G1 X132.2281 Y-232.2431
G1 X132.3315 Y-232.1034
G1 X132.4353 Y-231.9612
G1 X132.5423 Y-231.8123
G1 X132.7480 Y-231.5202
G1 X132.8514 Y-231.3701
G1 X132.9581 Y-231.2134
G1 X133.1653 Y-230.9035
G1 X133.3218 Y-230.6643
G1 X133.4785 Y-230.4204
G1 X133.6340 Y-230.1743
G1 X133.7394 Y-230.0054
G1 X133.8440 Y-229.8357
G1 X134.0025 Y-229.5759
G1 X134.2128 Y-229.2248
G1 X134.4219 Y-228.8690
G1 X134.5796 Y-228.5962
G1 X134.7376 Y-228.3198
G1 X134.8966 Y-228.0374
G1 X135.1067 Y-227.6597
G1 X135.2659 Y-227.3689
G1 X135.4770 Y-226.9787
G1 X135.6357 Y-226.6813
G1 X135.8473 Y-226.2800
G1 X136.0589 Y-225.8733
G1 X136.2187 Y-225.5624
G1 X136.4828 Y-225.0415
G1 X136.6947 Y-224.6178
G1 X136.9593 Y-224.0818
G1 X137.2235 Y-223.5388
G1 X137.4351 Y-223.0981
G1 X137.7516 Y-222.4308
G1 X138.0145 Y-221.8680
G1 X138.2763 Y-221.3003
G1 X138.4338 Y-220.9556
G1 X138.6431 Y-220.4941
G1 X138.8516 Y-220.0298
G1 X139.0081 Y-219.6788
G1 X139.2677 Y-219.0913
G1 X139.5260 Y-218.5005
G1 X139.7323 Y-218.0239
G1 X140.0904 Y-217.1880
G1 X140.3441 Y-216.5886
G1 X140.4960 Y-216.2266
G1 X140.6982 Y-215.7428
G1 X140.9489 Y-215.1372
G1 X141.2476 Y-214.4088
G1 X141.6408 Y-213.4380
G1 X141.9324 Y-212.7095
G1 X142.1737 Y-212.1019
G1 X142.5064 Y-211.2551
G1 X142.6954 Y-210.7700
G1 X143.0670 Y-209.8078
G1 X143.3416 Y-209.0890
G1 X143.6571 Y-208.2559
G1 X144.0531 Y-207.1972
G1 X144.2263 Y-206.7296
G1 X144.5242 Y-205.9193
G1 X144.8562 Y-205.0070
G1 X145.1399 Y-204.2190
G1 X145.5318 Y-203.1180
G1 X145.8344 Y-202.2569
G1 X146.1973 Y-201.2102
G1 X146.4754 Y-200.3979
G1 X146.7096 Y-199.7060
G1 X146.9662 Y-198.9389
G1 X147.2400 Y-198.1096
G1 X147.4696 Y-197.4030
G1 X147.6601 Y-196.8096
G1 X147.8407 Y-196.2386
G1 X148.0790 Y-195.4713
G1 X148.2537 Y-194.8960
G1 X148.3949 Y-194.4215
G1 X148.5417 Y-193.9163
G1 X148.6571 Y-193.5074
G1 X148.7178 Y-193.2871
G1 X148.7752 Y-193.0738
G1 X148.8412 Y-192.8226
G1 X148.9111 Y-192.5452
G1 X148.9423 Y-192.4157
G1 X149.0812 Y-192.3847
G1 X149.2402 Y-192.3517
G1 X149.3647 Y-192.3275
G1 X149.5049 Y-192.3016
G1 X149.7683 Y-192.2564
G1 X149.9786 Y-192.2229
G1 X150.2192 Y-192.1866
G1 X150.5321 Y-192.1424
G1 X150.8661 Y-192.0979
G1 X151.2049 Y-192.0557
G1 X151.5869 Y-192.0110
G1 X151.5869 Y-192.0108
G1 X152.0495 Y-191.9600
G1 X152.3784 Y-191.9257
G1 X152.8077 Y-191.8830
G1 X153.0728 Y-191.8579
G1 X153.6324 Y-191.8066
G1 X154.0083 Y-191.7736
G1 X154.0083 Y-191.7738
G1 X154.3058 Y-191.7487
G1 X155.1130 Y-191.6836
G1 X156.2014 Y-191.6024
G1 X156.9946 Y-191.5470
G1 X157.4615 Y-191.5157
G1 X158.5491 Y-191.4461
G1 X158.5491 Y-191.4464
G1 X159.1765 Y-191.4086
G1 X160.6189 Y-191.3255
G1 X161.5638 Y-191.2744
G1 X162.9768 Y-191.2021
G1 X165.1942 Y-191.0966
G1 X167.6850 Y-190.9884
G1 X170.4797 Y-190.8777
G1 X173.7662 Y-190.7591
G1 X176.4774 Y-190.6692
G1 X179.2783 Y-190.5825
G1 X182.9473 Y-190.4776
G1 X182.9473 Y-190.4779
G1 X186.9557 Y-190.3730
G1 X190.0431 Y-190.2981
G1 X194.4746 Y-190.1982
G1 X194.4746 Y-190.1985
G1 X198.3682 Y-190.1177
G1 X203.2229 Y-190.0248
G1 X207.0367 Y-189.9572
G1 X211.8106 Y-189.8787
G1 X216.6379 Y-189.8056
G1 X222.1995 Y-189.7283
G1 X227.5505 Y-189.6605
G1 X227.5505 Y-189.6608
G1 X233.1390 Y-189.5963
G1 X237.7780 Y-189.5472
G1 X243.9914 Y-189.4876
G1 X249.4407 Y-189.4406
G1 X256.3365 Y-189.3880
G1 X261.7478 Y-189.3519
G1 X268.4320 Y-189.3136
G1 X275.5605 Y-189.2803
G1 X281.3075 Y-189.2595
G1 X288.2590 Y-189.2422
G1 X294.2206 Y-189.2356
G1 X300.7848 Y-189.2409
G1 X305.5264 Y-189.2612
G1 X306.4022 Y-189.2689
G1 X307.4876 Y-189.2846
G1 X307.5170 Y-189.3225
G1 X307.5353 Y-189.3466
G1 X307.5948 Y-189.4263
G1 X307.6669 Y-189.5264
G1 X307.7020 Y-189.5765
G1 X307.7487 Y-189.6443
G1 X307.8046 Y-189.7268
G1 X307.8048 Y-189.7268
G1 X307.8724 Y-189.8284
G1 X307.9816 Y-189.9971
G1 X308.0367 Y-190.0842
G1 X308.1292 Y-190.2323
G1 X308.1294 Y-190.2323
G1 X308.2420 Y-190.4159
G1 X308.3342 Y-190.5693
G1 X308.4337 Y-190.7375
G1 X308.5582 Y-190.9503
G1 X308.7629 Y-191.3080
G1 X308.7627 Y-191.3080
G1 X308.9402 Y-191.6240
G1 X309.0857 Y-191.8866
G1 X309.2724 Y-192.2280
G1 X309.5899 Y-192.8175
G1 X309.7466 Y-193.1119
G1 X309.9946 Y-193.5828
G1 X310.2963 Y-194.1619
G1 X310.6463 Y-194.8404
G1 X310.6461 Y-194.8404
G1 X311.0598 Y-195.6509
G1 X311.5810 Y-196.6811
G1 X312.2701 Y-198.0547
G1 X315.0679 Y-203.6750
G1 X315.9851 Y-205.5078
G1 X316.8035 Y-207.1307
G1 X317.3959 Y-208.2955
G1 X317.8139 Y-209.1124
G1 X318.3545 Y-210.1611
G1 X318.9582 Y-211.3209
G1 X319.4426 Y-212.2416
G1 X319.7464 Y-212.8149
G1 X319.9900 Y-213.2714
G1 X320.3555 Y-213.9513
G1 X320.7200 Y-214.6239
G1 X320.9036 Y-214.9599
G1 X321.2079 Y-215.5134
G1 X321.5122 Y-216.0623
G1 X321.8165 Y-216.6054
G1 X322.0593 Y-217.0349
G1 X322.3623 Y-217.5667
G1 X322.6049 Y-217.9879
G1 X322.9064 Y-218.5063
G1 X323.1482 Y-218.9173
G1 X323.4479 Y-219.4212
G1 X323.5681 Y-219.6208
G1 X323.8071 Y-220.0161
G1 X323.9874 Y-220.3110
G1 X324.2848 Y-220.7915
G1 X324.5221 Y-221.1692
G1 X324.7586 Y-221.5408
G1 X324.9933 Y-221.9051
G1 X325.1119 Y-222.0867
G1 X325.3463 Y-222.4423
G1 X325.5790 Y-222.7895
G1 X325.7522 Y-223.0445
G1 X325.8696 Y-223.2155
G1 X326.0438 Y-223.4662
G1 X326.2737 Y-223.7918
G1 X326.4454 Y-224.0308
G1 X326.5599 Y-224.1883
G1 X326.6747 Y-224.3442
G1 X326.8459 Y-224.5744
G1 X327.0159 Y-224.7986
G1 X327.1281 Y-224.9444
G1 X327.2429 Y-225.0923
G1 X327.3547 Y-225.2337
G1 X327.4682 Y-225.3757
G1 X327.5802 Y-225.5139
G1 X327.6945 Y-225.6533
G1 X327.8617 Y-225.8535
G1 X327.9729 Y-225.9838
G1 X328.0849 Y-226.1133
G1 X328.1967 Y-226.2403
G1 X328.3082 Y-226.3653
G1 X328.4197 Y-226.4877
G1 X328.5322 Y-226.6091
G1 X328.6422 Y-226.7255
G1 X328.7545 Y-226.8421
G1 X328.8668 Y-226.9564
G1 X328.9778 Y-227.0666
G1 X329.0885 Y-227.1743
G1 X329.1990 Y-227.2795
G1 X329.2564 Y-227.3330
G1 X329.3704 Y-227.4377
G1 X329.4794 Y-227.5345
G1 X329.5371 Y-227.5850
G1 X329.6503 Y-227.6818
G1 X329.7654 Y-227.7775
G1 X329.8756 Y-227.8662
G1 X329.9374 Y-227.9145
G1 X330.0499 Y-228.0001
G1 X330.1665 Y-228.0864
G1 X330.2848 Y-228.1702
G1 X330.3989 Y-228.2474
G1 X330.5165 Y-228.3244
G1 X330.5785 Y-228.3630
G1 X330.6912 Y-228.4316
G1 X330.7532 Y-228.4677
G1 X330.8121 Y-228.5012
G1 X330.8840 Y-228.5406
G1 X331.0006 Y-228.6020
G1 X331.0608 Y-228.6320
G1 X331.1317 Y-228.6663
G1 X331.2536 Y-228.7224
G1 X331.3153 Y-228.7491
G1 X331.3803 Y-228.7763
G1 X331.4428 Y-228.8012
G1 X331.5134 Y-228.8281
G1 X331.5767 Y-228.8510
G1 X331.6486 Y-228.8756
G1 X331.7154 Y-228.8969
G1 X331.7801 Y-228.9165
G1 X331.8449 Y-228.9353
G1 X331.9193 Y-228.9551
G1 X331.9600 Y-228.9653
G1 X332.0037 Y-228.9757
G1 X332.0844 Y-228.9934
G1 X332.1479 Y-229.0061
G1 X332.2279 Y-229.0204
G1 X332.2940 Y-229.0305
G1 X332.3732 Y-229.0412
G1 X332.4220 Y-229.0470
G1 X332.5010 Y-229.0547
G1 X332.5703 Y-229.0597
G1 X332.6503 Y-229.0641
G1 X332.7202 Y-229.0658
G1 X332.7588 Y-229.0663
G1 X332.8114 Y-229.0663
G1 X332.8878 Y-229.0648
G1 X332.9452 Y-229.0625
G1 X333.0219 Y-229.0582
G1 X333.0903 Y-229.0529
G1 X333.1667 Y-229.0453
G1 X333.2190 Y-229.0392
G1 X333.2952 Y-229.0290
G1 X333.3565 Y-229.0196
G1 X333.4327 Y-229.0064
G1 X333.4929 Y-228.9947
G1 X333.5691 Y-228.9785
G1 X333.6242 Y-228.9658
G1 X333.7001 Y-228.9467
G1 X333.7527 Y-228.9325
G1 X333.8286 Y-228.9106
G1 X333.8810 Y-228.8946
G1 X333.9567 Y-228.8700
G1 X334.0064 Y-228.8530
G1 X334.0821 Y-228.8256
G1 X334.1273 Y-228.8083
G1 X334.2028 Y-228.7783
G1 X334.2531 Y-228.7575
G1 X334.3285 Y-228.7245
G1 X334.3707 Y-228.7052
G1 X334.4459 Y-228.6696
G1 X334.4885 Y-228.6485
G1 X334.5637 Y-228.6102
G1 X334.6046 Y-228.5888
G1 X334.7171 Y-228.5263
G1 X334.8281 Y-228.4611
G1 X334.9384 Y-228.3922
G1 X335.0407 Y-228.3244
G1 X335.1500 Y-228.2487
G1 X335.2523 Y-228.1738
G1 X335.3529 Y-228.0968
G1 X335.4550 Y-228.0153
G1 X335.5528 Y-227.9335
G1 X335.6475 Y-227.8512
G1 X335.7476 Y-227.7610
G1 X335.8398 Y-227.6742
G1 X335.9310 Y-227.5853
G1 X336.0275 Y-227.4885
G1 X336.1131 Y-227.3993
G1 X336.2056 Y-227.3003
G1 X336.2930 Y-227.2035
G1 X336.3821 Y-227.1019
G1 X336.4664 Y-227.0031
G1 X336.5556 Y-226.8959
G1 X336.6371 Y-226.7948
G1 X336.7248 Y-226.6841
G1 X336.8063 Y-226.5774
G1 X336.8901 Y-226.4656
G1 X336.9724 Y-226.3536
G1 X337.0529 Y-226.2411
G1 X337.1347 Y-226.1245
G1 X337.2142 Y-226.0084
G1 X337.2950 Y-225.8883
G1 X337.3737 Y-225.7684
G1 X337.4535 Y-225.6447
G1 X337.5320 Y-225.5205
G1 X337.6084 Y-225.3971
G1 X337.6869 Y-225.2683
G1 X337.7636 Y-225.1400
G1 X337.8388 Y-225.0122
G1 X337.9163 Y-224.8786
G1 X337.9925 Y-224.7443
G1 X338.0671 Y-224.6107
G1 X338.1423 Y-224.4743
G1 X338.2183 Y-224.3343
G1 X338.2914 Y-224.1967
G1 X338.3643 Y-224.0577
G1 X338.4395 Y-223.9132
G1 X338.5127 Y-223.7699
G1 X338.5853 Y-223.6254
G1 X338.6585 Y-223.4781
G1 X338.7308 Y-223.3308
G1 X338.8030 Y-223.1814
G1 X338.8749 Y-223.0310
G1 X338.9467 Y-222.8789
G1 X339.0186 Y-222.7245
G1 X339.0892 Y-222.5708
G1 X339.1593 Y-222.4166
G1 X339.2317 Y-222.2563
G1 X339.3011 Y-222.0996
G1 X339.3709 Y-221.9406
G1 X339.4410 Y-221.7798
G1 X339.5121 Y-221.6145
G1 X339.6506 Y-221.2873
G1 X339.7875 Y-220.9576
G1 X339.8571 Y-220.7877
G1 X339.9932 Y-220.4496
G1 X340.1281 Y-220.1093
G1 X340.1964 Y-219.9340
G1 X340.3305 Y-219.5863
G1 X340.4634 Y-219.2355
G1 X340.5304 Y-219.0562
G1 X340.6625 Y-218.6996
G1 X340.7943 Y-218.3384
G1 X340.9251 Y-217.9739
G1 X341.0549 Y-217.6074
G1 X341.1837 Y-217.2386
G1 X341.3125 Y-216.8657
G1 X341.4400 Y-216.4908
G1 X341.5665 Y-216.1144
G1 X341.6927 Y-215.7349
G1 X341.8182 Y-215.3536
G1 X341.9424 Y-214.9716
G1 X342.0666 Y-214.5861
G1 X342.2505 Y-214.0077
G1 X342.3730 Y-213.6186
G1 X342.6137 Y-212.8429
G1 X342.7336 Y-212.4519
G1 X342.9706 Y-211.6722
G1 X343.0875 Y-211.2818
G1 X343.2625 Y-210.6953
G1 X343.5492 Y-209.7227
G1 X343.7755 Y-208.9470
G1 X344.2178 Y-207.4149
G1 X345.4179 Y-203.2229
G1 X345.6135 Y-202.5475
G1 X345.7593 Y-202.0486
G1 X345.9023 Y-201.5625
G1 X346.0907 Y-200.9292
G1 X346.1827 Y-200.6237
G1 X346.1830 Y-200.6237
G1 X346.3679 Y-200.0179
G1 X346.5002 Y-199.5922
G1 X346.5878 Y-199.3143
G1 X346.7191 Y-198.9046
G1 X346.8035 Y-198.6450
G1 X346.9310 Y-198.2612
G1 X346.9335 Y-198.2539
G1 X346.9711 Y-198.1429
G1 X347.0986 Y-197.7725
G1 X347.1746 Y-197.5571
G1 X347.2576 Y-197.3270
G1 X347.3308 Y-197.1286
G1 X347.4121 Y-196.9143
G1 X347.4809 Y-196.7367
G1 X347.5556 Y-196.5508
G1 X347.5558 Y-196.5508
G1 X347.5952 Y-196.4550
G1 X347.6277 Y-196.3771
G1 X347.6666 Y-196.2854
G1 X347.7362 Y-196.1266
G1 X347.7633 Y-196.0662
G1 X347.7941 Y-195.9991
G1 X347.8261 Y-195.9310
G1 X347.8583 Y-195.8642
G1 X347.8957 Y-195.7883
G1 X347.9241 Y-195.7324
G1 X347.9457 Y-195.6905
G1 X347.9823 Y-195.6219
G1 X347.9996 Y-195.5907
G1 X348.0318 Y-195.5338
G1 X348.0577 Y-195.4898
G1 X348.0625 Y-195.4820
G1 X348.2129 Y-195.4525
G1 X348.5490 Y-195.3900
G1 X349.0300 Y-195.3047
G1 X349.6798 Y-195.1939
G1 X350.8202 Y-195.0062
G1 X351.7971 Y-194.8495
G1 X353.3709 Y-194.6021
G1 X355.0300 Y-194.3456
G1 X357.7897 Y-193.9252
G1 X360.8354 Y-193.4675
G1 X360.8354 Y-193.4672
G1 X366.2233 Y-192.6676
G1 X366.2233 Y-192.6679
G1 X370.4577 Y-192.0458
G1 X377.7310 Y-190.9862
G1 X383.8931 Y-190.0949
G1 X396.8996 Y-188.2308
G1 X396.2824 Y-189.8284
G1 X395.8280 Y-190.9750
G1 X395.4219 Y-191.9775
G1 X395.0447 Y-192.8899
G1 X394.5809 Y-193.9884
G1 X394.2926 Y-194.6582
G1 X393.9365 Y-195.4736
G1 X393.6007 Y-196.2295
G1 X393.1994 Y-197.1180
G1 X392.8806 Y-197.8129
G1 X392.5697 Y-198.4812
G1 X392.2227 Y-199.2163
G1 X391.9156 Y-199.8584
G1 X391.5174 Y-200.6793
G1 X391.2169 Y-201.2899
G1 X390.7300 Y-202.2650
G1 X390.7302 Y-202.2650
G1 X390.5893 Y-202.5434
G1 X390.2027 Y-203.3011
G1 X389.8039 Y-204.0715
; Rapid to initial position
G1 X389.8039 Y-204.0715 F2540
G1 Z-6.3500
; plunge
G1 Z-9.5250 F127
; cut
G1 X389.6797 Y-204.3090 F1016
G1 X389.3627 Y-204.9112
G1 X389.0709 Y-205.4591
G1 X388.7028 Y-206.1431
G1 X388.1966 Y-207.0702
G1 X387.7038 Y-207.9577
G1 X387.3807 Y-208.5320
G1 X386.8644 Y-209.4380
G1 X386.4097 Y-210.2239
G1 X386.0239 Y-210.8825
G1 X385.4676 Y-211.8187
G1 X385.1849 Y-212.2886
G1 X384.8565 Y-212.8299
G1 X384.5197 Y-213.3798
G1 X384.2695 Y-213.7849
G1 X384.0569 Y-214.1266
G1 X383.6241 Y-214.8167
G1 X383.2235 Y-215.4481
G1 X382.8245 Y-216.0707
G1 X382.8242 Y-216.0707
G1 X382.5029 Y-216.5670
G1 X382.5032 Y-216.5673
G1 X382.1382 Y-217.1256
G1 X381.7605 Y-217.6981
G1 X381.2898 Y-218.4042
G1 X380.9037 Y-218.9767
G1 X380.5126 Y-219.5515
G1 X380.1158 Y-220.1288
G1 X379.7651 Y-220.6343
G1 X379.2029 Y-221.4357
G1 X378.8367 Y-221.9521
G1 X378.3162 Y-222.6782
G1 X377.7275 Y-223.4890
G1 X377.2926 Y-224.0806
G1 X376.9639 Y-224.5238
G1 X376.4069 Y-225.2675
G1 X376.0114 Y-225.7900
G1 X375.7267 Y-226.1631
G1 X375.3823 Y-226.6117
G1 X375.0348 Y-227.0605
G1 X374.5652 Y-227.6617
G1 X374.1504 Y-228.1880
G1 X373.7303 Y-228.7158
G1 X373.2441 Y-229.3211
G1 X372.9383 Y-229.6988
G1 X372.5677 Y-230.1530
G1 X372.1316 Y-230.6831
G1 X371.5629 Y-231.3668
G1 X370.9866 Y-232.0516
G1 X370.4026 Y-232.7374
G1 X369.8098 Y-233.4255
G1 X369.3437 Y-233.9609
G1 X369.0084 Y-234.3427
G1 X368.6020 Y-234.8022
G1 X368.2576 Y-235.1888
G1 X367.8494 Y-235.6437
G1 X367.3635 Y-236.1804
G1 X366.9391 Y-236.6449
G1 X366.4488 Y-237.1771
G1 X365.9441 Y-237.7196
G1 X365.2987 Y-238.4057
G1 X365.0071 Y-238.7128
G1 X364.7112 Y-239.0229
G1 X364.1976 Y-239.5571
G1 X363.9005 Y-239.8639
G1 X363.6015 Y-240.1707
G1 X363.2269 Y-240.5527
G1 X362.6134 Y-241.1725
G1 X362.6137 Y-241.1725
G1 X362.0818 Y-241.7044
G1 X362.0818 Y-241.7041
G1 X361.6180 Y-242.1639
G1 X361.1453 Y-242.6282
G1 X360.7575 Y-243.0064
G1 X360.2825 Y-243.4659
G1 X359.8045 Y-243.9243
G1 X359.2355 Y-244.4648
G1 X358.6726 Y-244.9944
G1 X358.1811 Y-245.4526
G1 X358.1809 Y-245.4524
G1 X357.7674 Y-245.8347
G1 X357.6000 Y-245.9886
G1 X357.6000 Y-245.9888
G1 X357.1827 Y-246.3706
G1 X356.8520 Y-246.6711
G1 X356.4313 Y-247.0508
G1 X356.0034 Y-247.4344
G1 X356.0036 Y-247.4346
G1 X355.6660 Y-247.7348
G1 X355.4095 Y-247.9619
G1 X354.9807 Y-248.3394
G1 X354.3729 Y-248.8697
G1 X353.9373 Y-249.2464
G1 X353.2322 Y-249.8504
G1 X352.6993 Y-250.3018
G1 X352.0661 Y-250.8331
G1 X351.5302 Y-251.2781
G1 X350.9790 Y-251.7320
G1 X350.6186 Y-252.0264
G1 X350.0605 Y-252.4788
G1 X349.5096 Y-252.9210
G1 X348.9490 Y-253.3668
G1 X348.3785 Y-253.8164
G1 X348.0062 Y-254.1074
G1 X347.3384 Y-254.6251
G1 X346.7613 Y-255.0678
G1 X346.2782 Y-255.4351
G1 X345.8886 Y-255.7290
G1 X345.4941 Y-256.0249
G1 X344.8045 Y-256.5377
G1 X344.3155 Y-256.8976
G1 X343.7176 Y-257.3340
G1 X343.3166 Y-257.6238
G1 X342.7057 Y-258.0625
G1 X342.3016 Y-258.3503
G1 X341.8982 Y-258.6355
G1 X341.8982 Y-258.6352
G1 X341.3811 Y-258.9982
G1 X340.8718 Y-259.3525
G1 X340.2493 Y-259.7818
G1 X339.7225 Y-260.1417
G1 X339.1979 Y-260.4971
G1 X338.5696 Y-260.9187
G1 X338.1444 Y-261.2014
G1 X337.6110 Y-261.5537
G1 X337.1776 Y-261.8374
G1 X336.6430 Y-262.1852
G1 X336.6430 Y-262.1849
G1 X336.2051 Y-262.4671
G1 X336.2051 Y-262.4673
G1 X335.6658 Y-262.8123
G1 X335.0080 Y-263.2291
G1 X334.4512 Y-263.5783
G1 X333.6788 Y-264.0579
G1 X333.6788 Y-264.0576
G1 X333.2330 Y-264.3317
G1 X332.6717 Y-264.6738
G1 X332.1020 Y-265.0180
G1 X332.1022 Y-265.0183
G1 X331.5401 Y-265.3546
G1 X330.9699 Y-265.6929
G1 X330.3968 Y-266.0297
G1 X329.6978 Y-266.4363
G1 X329.2394 Y-266.7005
G1 X328.7735 Y-266.9670
G1 X328.1878 Y-267.2992
G1 X327.7174 Y-267.5636
G1 X327.1271 Y-267.8928
G1 X326.4065 Y-268.2903
G1 X326.0537 Y-268.4833
G1 X325.5744 Y-268.7437
G1 X324.9661 Y-269.0713
G1 X324.3603 Y-269.3944
G1 X323.8787 Y-269.6492
G1 X323.8787 Y-269.6489
G1 X323.3849 Y-269.9078
G1 X323.3849 Y-269.9080
G1 X322.6524 Y-270.2885
G1 X322.1584 Y-270.5423
G1 X321.5376 Y-270.8585
G1 X320.9079 Y-271.1760
G1 X320.2849 Y-271.4871
G1 X320.0347 Y-271.6111
G1 X319.3971 Y-271.9248
G1 X319.0225 Y-272.1077
G1 X319.0225 Y-272.1074
G1 X318.2508 Y-272.4805
G1 X317.8729 Y-272.6616
G1 X317.3590 Y-272.9057
G1 X316.7075 Y-273.2126
G1 X316.0654 Y-273.5118
G1 X315.2816 Y-273.8725
G1 X314.6252 Y-274.1709
G1 X313.9597 Y-274.4704
G1 X313.9597 Y-274.4706
G1 X313.5673 Y-274.6456
G1 X313.5673 Y-274.6454
G1 X313.1652 Y-274.8234
G1 X313.1652 Y-274.8237
G1 X312.7705 Y-274.9974
G1 X312.7705 Y-274.9972
G1 X311.9603 Y-275.3502
G1 X311.4281 Y-275.5796
G1 X310.8881 Y-275.8100
G1 X310.2038 Y-276.0993
G1 X309.9341 Y-276.2123
G1 X309.2547 Y-276.4947
G1 X308.5620 Y-276.7795
G1 X307.7400 Y-277.1132
G1 X307.7400 Y-277.1130
G1 X306.9059 Y-277.4467
G1 X306.3428 Y-277.6692
G1 X305.5059 Y-277.9961
G1 X304.9430 Y-278.2133
G1 X304.2290 Y-278.4856
G1 X303.6654 Y-278.6985
G1 X303.0936 Y-278.9121
G1 X302.6603 Y-279.0726
G1 X302.2331 Y-279.2296
G1 X301.7972 Y-279.3886
G1 X301.3674 Y-279.5443
G1 X300.9290 Y-279.7018
G1 X300.4980 Y-279.8554
G1 X299.7675 Y-280.1132
G1 X299.7675 Y-280.1130
G1 X299.1767 Y-280.3190
G1 X298.5882 Y-280.5222
G1 X298.0030 Y-280.7218
G1 X297.2554 Y-280.9740
G1 X296.5153 Y-281.2204
G1 X296.2168 Y-281.3187
G1 X295.7673 Y-281.4658
G1 X295.1673 Y-281.6603
G1 X294.2610 Y-281.9502
G1 X294.2610 Y-281.9499
G1 X293.3421 Y-282.2387
G1 X292.7327 Y-282.4277
G1 X292.1246 Y-282.6139
G1 X291.5097 Y-282.8000
G1 X290.8917 Y-282.9850
G1 X290.4266 Y-283.1226
G1 X289.9611 Y-283.2593
G1 X289.4901 Y-283.3962
G1 X289.4901 Y-283.3964
G1 X289.0261 Y-283.5300
G1 X288.3997 Y-283.7086
G1 X287.6067 Y-283.9316
G1 X287.6067 Y-283.9319
G1 X287.1389 Y-284.0617
G1 X286.3466 Y-284.2791
G1 X285.5506 Y-284.4940
G1 X284.7444 Y-284.7081
G1 X283.7851 Y-284.9585
G1 X283.1341 Y-285.1257
G1 X283.1341 Y-285.1259
G1 X282.6525 Y-285.2478
G1 X282.0012 Y-285.4112
G1 X281.6758 Y-285.4919
G1 X281.3467 Y-285.5730
G1 X280.8592 Y-285.6923
G1 X280.8592 Y-285.6921
G1 X280.2026 Y-285.8506
G1 X279.3723 Y-286.0479
G1 X278.7109 Y-286.2026
G1 X277.7185 Y-286.4307
G1 X276.8831 Y-286.6187
G1 X276.0378 Y-286.8054
G1 X276.0378 Y-286.8056
G1 X275.3683 Y-286.9509
G1 X274.8575 Y-287.0604
G1 X274.3543 Y-287.1671
G1 X274.3543 Y-287.1668
G1 X273.3258 Y-287.3809
G1 X272.9903 Y-287.4498
G1 X272.9903 Y-287.4495
G1 X272.3053 Y-287.5882
G1 X271.6129 Y-287.7261
G1 X271.6129 Y-287.7264
G1 X270.5824 Y-287.9273
G1 X269.8887 Y-288.0596
G1 X269.1930 Y-288.1902
G1 X268.3190 Y-288.3512
G1 X267.6182 Y-288.4777
G1 X266.7317 Y-288.6344
G1 X266.0305 Y-288.7561
G1 X265.1427 Y-288.9067
G1 X264.4297 Y-289.0251
G1 X263.7099 Y-289.1424
G1 X262.8120 Y-289.2857
G1 X262.0968 Y-289.3972
G1 X261.3736 Y-289.5077
G1 X260.6477 Y-289.6161
G1 X259.9195 Y-289.7228
G1 X259.1892 Y-289.8275
G1 X258.2664 Y-289.9565
G1 X258.2664 Y-289.9567
G1 X257.7186 Y-290.0314
G1 X257.3475 Y-290.0815
G1 X256.9809 Y-290.1305
G1 X256.9809 Y-290.1302
G1 X256.4219 Y-290.2036
G1 X255.6792 Y-290.2991
G1 X254.9383 Y-290.3924
G1 X254.9383 Y-290.3921
G1 X254.1857 Y-290.4843
G1 X254.1857 Y-290.4846
G1 X253.2522 Y-290.5956
G1 X253.2522 Y-290.5953
G1 X252.4940 Y-290.6829
G1 X252.4940 Y-290.6832
G1 X251.9317 Y-290.7467
G1 X251.3640 Y-290.8094
G1 X250.6043 Y-290.8915
G1 X249.8415 Y-290.9715
G1 X249.0719 Y-291.0500
G1 X249.0719 Y-291.0502
G1 X248.5012 Y-291.1069
G1 X248.5012 Y-291.1066
G1 X247.7323 Y-291.1810
G1 X246.7610 Y-291.2717
G1 X246.7610 Y-291.2720
G1 X246.3785 Y-291.3065
G1 X245.7968 Y-291.3583
G1 X245.7968 Y-291.3581
G1 X245.0137 Y-291.4256
G1 X244.4288 Y-291.4747
G1 X243.8458 Y-291.5222
G1 X243.8458 Y-291.5219
G1 X243.0562 Y-291.5841
G1 X242.2682 Y-291.6441
G1 X241.8778 Y-291.6728
G1 X241.2845 Y-291.7154
G1 X240.6863 Y-291.7571
G1 X239.8903 Y-291.8104
G1 X239.0920 Y-291.8617
G1 X238.2957 Y-291.9105
G1 X237.6942 Y-291.9458
G1 X236.8890 Y-291.9910
G1 X236.0808 Y-292.0340
G1 X235.2703 Y-292.0749
G1 X234.4567 Y-292.1135
G1 X233.8418 Y-292.1411
G1 X233.8418 Y-292.1414
G1 X233.2327 Y-292.1673
G1 X232.4130 Y-292.2003
G1 X231.5860 Y-292.2313
G1 X231.5860 Y-292.2316
G1 X230.7648 Y-292.2598
G1 X230.1410 Y-292.2798
G1 X230.1410 Y-292.2801
G1 X229.3148 Y-292.3045
G1 X229.3148 Y-292.3042
G1 X228.6874 Y-292.3212
G1 X227.6505 Y-292.3466
G1 X226.6081 Y-292.3687
G1 X225.9889 Y-292.3802
G1 X225.1634 Y-292.3936
G1 X224.3455 Y-292.4048
G1 X224.3455 Y-292.4045
G1 X223.5215 Y-292.4134
G1 X222.7044 Y-292.4200
G1 X221.8896 Y-292.4246
G1 X221.0778 Y-292.4269
G1 X220.4743 Y-292.4272
G1 X219.6676 Y-292.4256
G1 X218.8627 Y-292.4218
G1 X218.0600 Y-292.4160
G1 X217.4601 Y-292.4101
G1 X216.8583 Y-292.4030
G1 X216.8583 Y-292.4033
G1 X215.8677 Y-292.3888
G1 X215.0745 Y-292.3748
G1 X214.4786 Y-292.3629
G1 X214.4786 Y-292.3631
G1 X213.6943 Y-292.3454
G1 X212.9081 Y-292.3256
G1 X212.3173 Y-292.3093
G1 X211.3453 Y-292.2801
G1 X211.3453 Y-292.2798
G1 X210.5627 Y-292.2537
G1 X210.1789 Y-292.2400
G1 X209.4004 Y-292.2107
G1 X208.8223 Y-292.1876
G1 X207.8591 Y-292.1465
G1 X207.2891 Y-292.1206
G1 X207.2891 Y-292.1203
G1 X206.5200 Y-292.0832
G1 X205.5668 Y-292.0345
G1 X205.1891 Y-292.0141
G1 X204.6196 Y-291.9827
G1 X203.8683 Y-291.9390
G1 X202.9259 Y-291.8813
G1 X202.3595 Y-291.8450
G1 X201.6158 Y-291.7955
G1 X200.6821 Y-291.7302
G1 X200.1253 Y-291.6898
G1 X199.5658 Y-291.6479
G1 X199.0113 Y-291.6052
G1 X199.0113 Y-291.6055
G1 X198.4621 Y-291.5618
G1 X197.5424 Y-291.4866
G1 X197.5424 Y-291.4863
G1 X196.9897 Y-291.4393
G1 X196.0761 Y-291.3591
G1 X196.0761 Y-291.3593
G1 X195.5361 Y-291.3103
G1 X195.5361 Y-291.3101
G1 X194.6237 Y-291.2245
G1 X193.7258 Y-291.1371
G1 X193.0019 Y-291.0642
G1 X192.4672 Y-291.0091
G1 X192.1096 Y-290.9715
G1 X191.7525 Y-290.9334
G1 X191.3936 Y-290.8945
G1 X191.3936 Y-290.8948
G1 X190.6803 Y-290.8160
G1 X189.9765 Y-290.7363
G1 X189.2699 Y-290.6540
G1 X188.3842 Y-290.5481
G1 X187.6887 Y-290.4625
G1 X186.8099 Y-290.3515
G1 X186.1195 Y-290.2618
G1 X185.4215 Y-290.1691
G1 X185.4215 Y-290.1693
G1 X184.3898 Y-290.0284
G1 X184.3898 Y-290.0281
G1 X183.8706 Y-289.9555
G1 X183.0189 Y-289.8336
G1 X182.1602 Y-289.7073
G1 X181.4810 Y-289.6052
G1 X180.8038 Y-289.5013
G1 X180.1343 Y-289.3964
G1 X179.2879 Y-289.2610
G1 X178.6247 Y-289.1526
G1 X177.7853 Y-289.0124
G1 X177.7853 Y-289.0126
G1 X177.1264 Y-288.9001
G1 X176.4596 Y-288.7843
G1 X175.9687 Y-288.6977
G1 X175.6372 Y-288.6385
G1 X175.6372 Y-288.6387
G1 X174.9842 Y-288.5206
G1 X174.9842 Y-288.5204
G1 X174.1607 Y-288.3687
G1 X173.3474 Y-288.2156
G1 X172.6992 Y-288.0914
G1 X171.7368 Y-287.9029
G1 X170.9280 Y-287.7409
G1 X170.2885 Y-287.6105
G1 X169.9710 Y-287.5450
G1 X169.3388 Y-287.4129
G1 X168.5468 Y-287.2448
G1 X167.7523 Y-287.0728
G1 X167.7523 Y-287.0731
G1 X167.1244 Y-286.9349
G1 X166.8170 Y-286.8663
G1 X166.0362 Y-286.6903
G1 X165.2532 Y-286.5107
G1 X164.7901 Y-286.4030
G1 X164.1762 Y-286.2585
G1 X164.1762 Y-286.2583
G1 X163.8694 Y-286.1851
G1 X163.2506 Y-286.0363
G1 X162.6433 Y-285.8882
G1 X162.1823 Y-285.7744
G1 X161.4218 Y-285.5841
G1 X160.6662 Y-285.3919
G1 X159.7635 Y-285.1582
G1 X159.0162 Y-284.9611
G1 X158.2773 Y-284.7632
G1 X157.6845 Y-284.6019
G1 X156.9458 Y-284.3985
G1 X156.3530 Y-284.2329
G1 X156.3530 Y-284.2331
G1 X155.6273 Y-284.0274
G1 X154.7533 Y-283.7757
G1 X153.8773 Y-283.5189
G1 X153.4521 Y-283.3926
G1 X152.5834 Y-283.1313
G1 X152.0182 Y-282.9585
G1 X151.4439 Y-282.7812
G1 X150.8770 Y-282.6042
G1 X150.0292 Y-282.3357
G1 X149.1938 Y-282.0667
G1 X148.6355 Y-281.8844
G1 X148.0784 Y-281.7005
G1 X147.6591 Y-281.5608
G1 X146.9680 Y-281.3281
G1 X146.1437 Y-281.0464
G1 X145.4615 Y-280.8100
G1 X144.9233 Y-280.6210
G1 X144.2405 Y-280.3789
G1 X143.4386 Y-280.0904
G1 X143.4386 Y-280.0901
G1 X142.8981 Y-279.8933
G1 X142.3645 Y-279.6969
G1 X142.3645 Y-279.6972
G1 X141.7061 Y-279.4521
G1 X141.7061 Y-279.4518
G1 X141.0393 Y-279.2006
G1 X140.6462 Y-279.0510
G1 X139.8577 Y-278.7477
G1 X139.2123 Y-278.4960
G1 X138.6888 Y-278.2898
G1 X138.1770 Y-278.0863
G1 X138.1770 Y-278.0861
G1 X137.6578 Y-277.8775
G1 X137.0167 Y-277.6174
G1 X136.3843 Y-277.3578
G1 X136.0000 Y-277.1986
G1 X135.2405 Y-276.8806
G1 X134.8697 Y-276.7239
G1 X134.8697 Y-276.7236
G1 X134.2375 Y-276.4539
G1 X134.2375 Y-276.4541
G1 X133.4955 Y-276.1333
G1 X133.1204 Y-275.9695
G1 X132.5075 Y-275.6997
G1 X132.0162 Y-275.4810
G1 X131.3990 Y-275.2039
G1 X131.0399 Y-275.0411
G1 X130.4277 Y-274.7615
G1 X130.0670 Y-274.5951
G1 X129.5850 Y-274.3713
G1 X129.2309 Y-274.2057
G1 X129.2309 Y-274.2054
G1 X128.6284 Y-273.9212
G1 X127.9223 Y-273.5842
G1 X127.4455 Y-273.3540
G1 X127.4455 Y-273.3543
G1 X126.8573 Y-273.0678
G1 X126.1623 Y-272.7256
G1 X125.5824 Y-272.4368
G1 X124.9995 Y-272.1435
G1 X124.3101 Y-271.7927
G1 X124.3101 Y-271.7930
G1 X123.8545 Y-271.5588
G1 X123.2924 Y-271.2672
G1 X122.6081 Y-270.9085
G1 X122.2776 Y-270.7338
G1 X121.7127 Y-270.4325
G1 X121.2728 Y-270.1961
G1 X120.7132 Y-269.8925
G1 X120.3838 Y-269.7124
G1 X119.9436 Y-269.4701
G1 X119.5118 Y-269.2306
G1 X118.8524 Y-268.8615
G1 X118.4272 Y-268.6210
G1 X117.6670 Y-268.1869
G1 X117.2416 Y-267.9416
G1 X116.6028 Y-267.5694
G1 X115.9701 Y-267.1968
G1 X115.4463 Y-266.8852
G1 X115.0351 Y-266.6383
G1 X114.4062 Y-266.2575
G1 X114.4062 Y-266.2578
G1 X113.9995 Y-266.0094
G1 X113.4811 Y-265.6901
G1 X112.8690 Y-265.3093
G1 X112.3632 Y-264.9916
G1 X111.8644 Y-264.6754
G1 X111.4593 Y-264.4165
G1 X110.8603 Y-264.0307
G1 X110.4659 Y-263.7742
G1 X109.9723 Y-263.4508
G1 X109.3912 Y-263.0663
G1 X108.8019 Y-262.6723
G1 X108.8019 Y-262.6726
G1 X108.2289 Y-262.2855
G1 X107.6477 Y-261.8890
G1 X107.0775 Y-261.4958
G1 X106.6114 Y-261.1717
G1 X106.6117 Y-261.1714
G1 X105.9477 Y-260.7048
G1 X105.2970 Y-260.2421
G1 X104.6571 Y-259.7818
G1 X104.1944 Y-259.4455
G1 X103.7450 Y-259.1161
G1 X103.2022 Y-258.7147
G1 X102.7483 Y-258.3762
G1 X102.4819 Y-258.1760
G1 X101.9470 Y-257.7714
G1 X101.3300 Y-257.2997
G1 X100.8065 Y-256.8951
G1 X100.2858 Y-256.4889
G1 X99.8611 Y-256.1549
G1 X99.3422 Y-255.7429
G1 X99.0036 Y-255.4719
G1 X98.4110 Y-254.9936
G1 X97.9983 Y-254.6574
G1 X97.5777 Y-254.3119
G1 X97.5777 Y-254.3122
G1 X96.9231 Y-253.7694
G1 X96.9234 Y-253.7691
G1 X96.3452 Y-253.2837
G1 X95.8649 Y-252.8766
G1 X95.3773 Y-252.4592
G1 X95.3770 Y-252.4595
G1 X94.8246 Y-251.9820
G1 X94.8248 Y-251.9817
G1 X94.3453 Y-251.5634
G1 X94.1118 Y-251.3581
G1 X93.5685 Y-250.8771
G1 X93.2553 Y-250.5974
G1 X92.7933 Y-250.1816
G1 X92.3412 Y-249.7712
G1 X91.8060 Y-249.2804
G1 X91.2873 Y-248.7999
G1 X90.8431 Y-248.3843
G1 X90.2485 Y-247.8222
G1 X89.7395 Y-247.3358
G1 X89.3801 Y-246.9891
G1 X89.0262 Y-246.6452
G1 X88.5949 Y-246.2230
G1 X88.0316 Y-245.6658
G1 X87.5452 Y-245.1791
G1 X87.1317 Y-244.7615
G1 X86.6529 Y-244.2736
G1 X86.2475 Y-243.8565
G1 X85.7778 Y-243.3688
G1 X85.3199 Y-242.8885
G1 X84.7293 Y-242.2616
G1 X84.2053 Y-241.6990
G1 X83.6938 Y-241.1435
G1 X83.1306 Y-240.5248
G1 X83.1309 Y-240.5245
G1 X82.7519 Y-240.1034
G1 X82.2571 Y-239.5482
G1 X81.7692 Y-238.9947
G1 X81.5289 Y-238.7196
G1 X81.2886 Y-238.4433
G1 X80.9310 Y-238.0285
G1 X80.5767 Y-237.6145
G1 X80.2259 Y-237.2012
G1 X79.6473 Y-236.5118
G1 X79.3641 Y-236.1707
G1 X79.0247 Y-235.7590
G1 X78.7448 Y-235.4169
G1 X78.3562 Y-234.9378
G1 X77.8083 Y-234.2545
G1 X77.5401 Y-233.9165
G1 X77.1116 Y-233.3719
G1 X76.7425 Y-232.8979
G1 X76.3781 Y-232.4250
G1 X75.9717 Y-231.8923
G1 X75.4586 Y-231.2121
G1 X75.4583 Y-231.2124
G1 X75.2140 Y-230.8845
G1 X74.8632 Y-230.4108
G1 X74.5754 Y-230.0181
G1 X74.0387 Y-229.2784
G1 X73.6610 Y-228.7511
G1 X73.2455 Y-228.1641
G1 X72.9661 Y-227.7654
G1 X72.6930 Y-227.3724
G1 X72.3783 Y-226.9157
G1 X72.0682 Y-226.4611
G1 X72.0679 Y-226.4613
G1 X71.6351 Y-225.8197
G1 X71.3740 Y-225.4286
G1 X71.1622 Y-225.1085
G1 X70.7415 Y-224.4674
G1 X70.2546 Y-223.7138
G1 X69.8886 Y-223.1395
G1 X69.5734 Y-222.6389
G1 X69.5731 Y-222.6389
G1 X69.3402 Y-222.2655
G1 X68.9623 Y-221.6531
G1 X68.5452 Y-220.9676
G1 X68.2155 Y-220.4187
G1 X67.9282 Y-219.9345
G1 X67.5747 Y-219.3315
G1 X67.3334 Y-218.9150
G1 X67.0606 Y-218.4395
G1 X66.6933 Y-217.7910
G1 X66.3359 Y-217.1502
G1 X66.0872 Y-216.6983
G1 X65.6476 Y-215.8878
G1 X65.3478 Y-215.3257
G1 X65.0306 Y-214.7222
G1 X64.5988 Y-213.8858
G1 X64.3250 Y-213.3460
G1 X64.0309 Y-212.7575
G1 X63.6681 Y-212.0189
G1 X63.3692 Y-211.3986
G1 X63.1566 Y-210.9503
G1 X62.7766 Y-210.1352
G1 X62.7764 Y-210.1352
G1 X62.5302 Y-209.5965
G1 X62.2699 Y-209.0166
G1 X62.1022 Y-208.6379
G1 X61.8774 Y-208.1220
G1 X61.6255 Y-207.5335
G1 X61.4710 Y-207.1670
G1 X61.2894 Y-206.7296
G1 X60.9928 Y-205.9998
G1 X60.7893 Y-205.4870
G1 X60.5986 Y-204.9968
G1 X60.4017 Y-204.4799
G1 X60.2722 Y-204.1329
G1 X60.1091 Y-203.6879
G1 X59.9272 Y-203.1797
G1 X59.7271 Y-202.6039
G1 X59.5574 Y-202.1004
G1 X59.4312 Y-201.7154
G1 X59.2839 Y-201.2518
G1 X59.1670 Y-200.8713
G1 X59.0347 Y-200.4248
G1 X58.9755 Y-200.2180
G1 X58.8678 Y-199.8292
G1 X58.7830 Y-199.5081
G1 X58.6981 Y-199.1698
G1 X58.6532 Y-198.9813
G1 X58.5927 Y-198.7131
G1 X58.5440 Y-198.4786
G1 X58.5249 Y-198.3796
G1 X58.5650 Y-198.3722
G1 X58.6821 Y-198.3527
G1 X58.8185 Y-198.3331
G1 X58.9638 Y-198.3151
G1 X59.0459 Y-198.3062
G1 X59.1657 Y-198.2945
G1 X59.1657 Y-198.2942
G1 X59.2559 Y-198.2864
G1 X59.3819 Y-198.2767
G1 X59.4843 Y-198.2696
G1 X59.6105 Y-198.2620
G1 X59.7228 Y-198.2564
G1 X59.9277 Y-198.2478
G1 X60.0578 Y-198.2437
G1 X60.1815 Y-198.2406
G1 X60.3181 Y-198.2381
G1 X60.4688 Y-198.2363
G1 X60.6811 Y-198.2353
G1 X60.8995 Y-198.2363
G1 X61.1375 Y-198.2391
G1 X61.4609 Y-198.2457
G1 X61.4609 Y-198.2455
G1 X61.6928 Y-198.2523
G1 X62.0433 Y-198.2650
G1 X62.2059 Y-198.2719
G1 X62.4718 Y-198.2843
G1 X62.8297 Y-198.3034
G1 X63.2023 Y-198.3257
G1 X63.3964 Y-198.3384
G1 X63.3964 Y-198.3382
G1 X63.7761 Y-198.3643
G1 X63.7761 Y-198.3646
G1 X64.1792 Y-198.3948
G1 X64.6857 Y-198.4357
G1 X64.6857 Y-198.4355
G1 X65.1972 Y-198.4802
G1 X65.5130 Y-198.5091
G1 X66.0601 Y-198.5615
G1 X66.4934 Y-198.6049
G1 X66.7189 Y-198.6283
G1 X67.4009 Y-198.7009
G1 X67.7380 Y-198.7382
G1 X68.4461 Y-198.8190
G1 X69.0402 Y-198.8891
G1 X69.6392 Y-198.9620
G1 X70.2564 Y-199.0390
G1 X71.1228 Y-199.1500
G1 X71.1228 Y-199.1502
G1 X71.6303 Y-199.2170
G1 X71.6303 Y-199.2168
G1 X72.7771 Y-199.3712
G1 X73.8221 Y-199.5160
G1 X75.1411 Y-199.7034
G1 X76.2030 Y-199.8579
G1 X77.6900 Y-200.0781
G1 X79.0473 Y-200.2828
G1 X80.1350 Y-200.4489
G1 X80.1350 Y-200.4492
G1 X81.9137 Y-200.7243
G1 X88.8962 Y-201.8223
G1 X91.4519 Y-202.2211
G1 X92.3211 Y-202.3549
G1 X93.7725 Y-202.5754
G1 X94.9416 Y-202.7494
G1 X95.9599 Y-202.8975
G1 X96.9414 Y-203.0367
G1 X97.6790 Y-203.1383
G1 X98.1921 Y-203.2069
G1 X98.7908 Y-203.2851
G1 X99.4649 Y-203.3699
G1 X100.1111 Y-203.4471
G1 X100.6417 Y-203.5073
G1 X100.9851 Y-203.5444
G1 X101.3991 Y-203.5866
G1 X101.7212 Y-203.6176
G1 X102.0315 Y-203.6453
G1 X102.3330 Y-203.6704
G1 X102.6239 Y-203.6925
G1 X102.9033 Y-203.7113
G1 X103.1093 Y-203.7235
G1 X103.3048 Y-203.7334
G1 X103.5017 Y-203.7420
G1 X103.7501 Y-203.7499
G1 X103.9904 Y-203.7542
G1 X104.2126 Y-203.7547
G1 X104.2728 Y-203.7540
G1 X104.4385 Y-203.7507
G1 X104.5459 Y-203.7469
G1 X104.7079 Y-203.7392
G1 X104.8588 Y-203.7286
G1 X104.9683 Y-203.7187
G1 X105.1176 Y-203.7017
G1 X105.2147 Y-203.6879
G1 X105.3191 Y-203.6709
G1 X105.3782 Y-203.6600
G1 X105.3927 Y-203.6572
G1 X105.4405 Y-203.7057
G1 X105.4669 Y-203.7334
G1 X105.5134 Y-203.7834
G1 X105.5533 Y-203.8276
G1 X105.6122 Y-203.8947
G1 X105.6452 Y-203.9336
G1 X105.7054 Y-204.0057
G1 X105.7448 Y-204.0537
G1 X105.7981 Y-204.1205
G1 X105.8603 Y-204.1997
G1 X105.9050 Y-204.2579
G1 X105.9599 Y-204.3306
G1 X106.0239 Y-204.4169
G1 X106.0745 Y-204.4860
G1 X106.1352 Y-204.5706
G1 X106.1941 Y-204.6534
G1 X106.2538 Y-204.7387
G1 X106.3158 Y-204.8289
G1 X106.3795 Y-204.9226
G1 X106.4395 Y-205.0118
G1 X106.5721 Y-205.2130
G1 X106.6368 Y-205.3125
G1 X106.7026 Y-205.4151
G1 X106.8456 Y-205.6412
G1 X106.9089 Y-205.7425
G1 X106.9086 Y-205.7425
G1 X106.9815 Y-205.8606
G1 X107.1245 Y-206.0948
G1 X107.2629 Y-206.3252
G1 X107.4105 Y-206.5752
G1 X107.4844 Y-206.7016
G1 X107.6394 Y-206.9686
G1 X107.7874 Y-207.2272
G1 X107.9424 Y-207.5012
G1 X108.1001 Y-207.7829
G1 X108.2599 Y-208.0707
G1 X108.4242 Y-208.3694
G1 X108.4245 Y-208.3694
G1 X108.5030 Y-208.5132
G1 X108.5027 Y-208.5132
G1 X108.6673 Y-208.8162
G1 X108.8339 Y-209.1256
G1 X109.0044 Y-209.4438
G1 X109.2576 Y-209.9201
G1 X109.6048 Y-210.5800
G1 X110.0483 Y-211.4316
G1 X110.5032 Y-212.3128
G1 X110.5035 Y-212.3128
G1 X111.1499 Y-213.5746
G1 X112.1997 Y-215.6338
G1 X113.1796 Y-217.5523
G1 X113.5776 Y-218.3272
G1 X114.0788 Y-219.2978
G1 X114.4826 Y-220.0742
G1 X114.8880 Y-220.8479
G1 X115.0922 Y-221.2353
G1 X115.5004 Y-222.0036
G1 X115.7059 Y-222.3872
G1 X116.1156 Y-223.1459
G1 X116.3216 Y-223.5238
G1 X116.6297 Y-224.0839
G1 X116.8354 Y-224.4555
G1 X116.9396 Y-224.6417
G1 X117.2487 Y-225.1911
G1 X117.4547 Y-225.5533
G1 X117.6609 Y-225.9134
G1 X117.8664 Y-226.2683
G1 X117.9703 Y-226.4461
G1 X118.1755 Y-226.7958
G1 X118.2789 Y-226.9701
G1 X118.3830 Y-227.1448
G1 X118.5890 Y-227.4877
G1 X118.7945 Y-227.8261
G1 X119.0005 Y-228.1608
G1 X119.2055 Y-228.4900
G1 X119.3091 Y-228.6544
G1 X119.5128 Y-228.9746
G1 X119.6162 Y-229.1357
G1 X119.7193 Y-229.2942
G1 X119.9231 Y-229.6053
G1 X120.0269 Y-229.7620
G1 X120.2299 Y-230.0643
G1 X120.3320 Y-230.2139
G1 X120.4336 Y-230.3623
G1 X120.5360 Y-230.5101
G1 X120.6391 Y-230.6579
G1 X120.7399 Y-230.7999
G1 X120.8428 Y-230.9444
G1 X120.9439 Y-231.0846
G1 X121.0457 Y-231.2246
G1 X121.1476 Y-231.3630
G1 X121.2492 Y-231.4994
G1 X121.3518 Y-231.6361
G1 X121.4521 Y-231.7676
G1 X121.5547 Y-231.9010
G1 X121.6558 Y-232.0305
G1 X121.7572 Y-232.1585
G1 X121.8606 Y-232.2878
G1 X121.9614 Y-232.4120
G1 X122.0625 Y-232.5345
G1 X122.1656 Y-232.6582
G1 X122.2665 Y-232.7770
G1 X122.3683 Y-232.8954
G1 X122.4717 Y-233.0135
G1 X122.5723 Y-233.1265
G1 X122.6744 Y-233.2393
G1 X122.7762 Y-233.3501
G1 X122.8811 Y-233.4621
G1 X122.9835 Y-233.5687
G1 X123.0841 Y-233.6719
G1 X123.1895 Y-233.7780
G1 X123.2903 Y-233.8771
G1 X123.3942 Y-233.9774
G1 X123.5004 Y-234.0773
G1 X123.6050 Y-234.1733
G1 X123.7084 Y-234.2655
G1 X123.8138 Y-234.3577
G1 X123.9192 Y-234.4471
G1 X124.0272 Y-234.5362
G1 X124.1318 Y-234.6198
G1 X124.2408 Y-234.7044
G1 X124.3510 Y-234.7872
G1 X124.4570 Y-234.8636
G1 X124.5674 Y-234.9411
G1 X124.6817 Y-235.0178
G1 X124.7907 Y-235.0879
G1 X124.9037 Y-235.1575
G1 X125.0208 Y-235.2266
G1 X125.1341 Y-235.2896
G1 X125.2517 Y-235.3521
G1 X125.3703 Y-235.4115
G1 X125.4902 Y-235.4677
G1 X125.6091 Y-235.5200
G1 X125.6914 Y-235.5540
G1 X125.7358 Y-235.5715
G1 X125.8598 Y-235.6178
G1 X125.9411 Y-235.6460
G1 X125.9863 Y-235.6609
G1 X126.0673 Y-235.6863
G1 X126.1163 Y-235.7008
G1 X126.1966 Y-235.7232
G1 X126.2456 Y-235.7359
G1 X126.3256 Y-235.7554
G1 X126.3797 Y-235.7676
G1 X126.4592 Y-235.7841
G1 X126.5105 Y-235.7940
G1 X126.5895 Y-235.8078
G1 X126.6472 Y-235.8166
G1 X126.7257 Y-235.8273
G1 X126.7851 Y-235.8342
G1 X126.8631 Y-235.8418
G1 X126.9241 Y-235.8466
G1 X127.0015 Y-235.8512
G1 X127.0635 Y-235.8537
G1 X127.1405 Y-235.8553
G1 X127.1930 Y-235.8553
G1 X127.2624 Y-235.8542
G1 X127.3426 Y-235.8509
G1 X127.4110 Y-235.8466
G1 X127.4917 Y-235.8398
G1 X127.5585 Y-235.8327
G1 X127.6378 Y-235.8222
G1 X127.7069 Y-235.8118
G1 X127.7833 Y-235.7986
G1 X127.8499 Y-235.7854
G1 X127.9180 Y-235.7709
G1 X127.9926 Y-235.7534
G1 X128.0599 Y-235.7361
G1 X128.1333 Y-235.7158
G1 X128.1971 Y-235.6965
G1 X128.2634 Y-235.6757
G1 X128.3294 Y-235.6536
G1 X128.3970 Y-235.6297
G1 X128.4778 Y-235.5992
G1 X128.5954 Y-235.5515
G1 X128.6594 Y-235.5238
G1 X128.7193 Y-235.4969
G1 X128.7894 Y-235.4638
G1 X128.8486 Y-235.4349
G1 X128.9073 Y-235.4052
G1 X128.9693 Y-235.3729
G1 X129.0310 Y-235.3399
G1 X129.0991 Y-235.3018
G1 X129.2126 Y-235.2355
G1 X129.2690 Y-235.2012
G1 X129.3292 Y-235.1636
G1 X129.3886 Y-235.1255
G1 X129.4531 Y-235.0828
G1 X129.5585 Y-235.0110
G1 X129.6251 Y-234.9640
G1 X129.7356 Y-234.8832
G1 X129.8489 Y-234.7968
G1 X129.9596 Y-234.7092
G1 X130.0635 Y-234.6239
G1 X130.1196 Y-234.5764
G1 X130.1768 Y-234.5276
G1 X130.2855 Y-234.4321
G1 X130.3901 Y-234.3374
G1 X130.4475 Y-234.2840
G1 X130.5550 Y-234.1819
G1 X130.6604 Y-234.0788
G1 X130.7640 Y-233.9751
G1 X130.8189 Y-233.9190
G1 X130.9238 Y-233.8098
G1 X131.0302 Y-233.6968
G1 X131.1346 Y-233.5827
G1 X131.2405 Y-233.4646
G1 X131.3424 Y-233.3483
G1 X131.4493 Y-233.2243
G1 X131.5504 Y-233.1039
G1 X131.6037 Y-233.0399
G1 X131.7081 Y-232.9124
G1 X131.8110 Y-232.7846
G1 X131.8641 Y-232.7176
G1 X131.9700 Y-232.5822
G1 X132.1244 Y-232.3810
G1 X132.2281 Y-232.2431
G1 X132.3315 Y-232.1034
G1 X132.4353 Y-231.9612
G1 X132.5423 Y-231.8123
G1 X132.7480 Y-231.5202
G1 X132.8514 Y-231.3701
G1 X132.9581 Y-231.2134
G1 X133.1653 Y-230.9035
G1 X133.3218 Y-230.6643
G1 X133.4785 Y-230.4204
G1 X133.6340 Y-230.1743
G1 X133.7394 Y-230.0054
G1 X133.8440 Y-229.8357
G1 X134.0025 Y-229.5759
G1 X134.2128 Y-229.2248
G1 X134.4219 Y-228.8690
G1 X134.5796 Y-228.5962
G1 X134.7376 Y-228.3198
G1 X134.8966 Y-228.0374
G1 X135.1067 Y-227.6597
G1 X135.2659 Y-227.3689
G1 X135.4770 Y-226.9787
G1 X135.6357 Y-226.6813
G1 X135.8473 Y-226.2800
G1 X136.0589 Y-225.8733
G1 X136.2187 Y-225.5624
G1 X136.4828 Y-225.0415
G1 X136.6947 Y-224.6178
G1 X136.9593 Y-224.0818
G1 X137.2235 Y-223.5388
G1 X137.4351 Y-223.0981
G1 X137.7516 Y-222.4308
G1 X138.0145 Y-221.8680
G1 X138.2763 Y-221.3003
G1 X138.4338 Y-220.9556
G1 X138.6431 Y-220.4941
G1 X138.8516 Y-220.0298
G1 X139.0081 Y-219.6788
G1 X139.2677 Y-219.0913
G1 X139.5260 Y-218.5005
G1 X139.7323 Y-218.0239
G1 X140.0904 Y-217.1880
G1 X140.3441 Y-216.5886
G1 X140.4960 Y-216.2266
G1 X140.6982 Y-215.7428
G1 X140.9489 Y-215.1372
G1 X141.2476 Y-214.4088
G1 X141.6408 Y-213.4380
G1 X141.9324 Y-212.7095
G1 X142.1737 Y-212.1019
G1 X142.5064 Y-211.2551
G1 X142.6954 Y-210.7700
G1 X143.0670 Y-209.8078
G1 X143.3416 Y-209.0890
G1 X143.6571 Y-208.2559
G1 X144.0531 Y-207.1972
G1 X144.2263 Y-206.7296
G1 X144.5242 Y-205.9193
G1 X144.8562 Y-205.0070
G1 X145.1399 Y-204.2190
G1 X145.5318 Y-203.1180
G1 X145.8344 Y-202.2569
G1 X146.1973 Y-201.2102
G1 X146.4754 Y-200.3979
G1 X146.7096 Y-199.7060
G1 X146.9662 Y-198.9389
G1 X147.2400 Y-198.1096
G1 X147.4696 Y-197.4030
G1 X147.6601 Y-196.8096
G1 X147.8407 Y-196.2386
G1 X148.0790 Y-195.4713
G1 X148.2537 Y-194.8960
G1 X148.3949 Y-194.4215
G1 X148.5417 Y-193.9163
G1 X148.6571 Y-193.5074
G1 X148.7178 Y-193.2871
G1 X148.7752 Y-193.0738
G1 X148.8412 Y-192.8226
G1 X148.9111 Y-192.5452
G1 X148.9423 Y-192.4157
G1 X149.0812 Y-192.3847
G1 X149.2402 Y-192.3517
G1 X149.3647 Y-192.3275
G1 X149.5049 Y-192.3016
G1 X149.7683 Y-192.2564
G1 X149.9786 Y-192.2229
G1 X150.2192 Y-192.1866
G1 X150.5321 Y-192.1424
G1 X150.8661 Y-192.0979
G1 X151.2049 Y-192.0557
G1 X151.5869 Y-192.0110
G1 X151.5869 Y-192.0108
G1 X152.0495 Y-191.9600
G1 X152.3784 Y-191.9257
G1 X152.8077 Y-191.8830
G1 X153.0728 Y-191.8579
G1 X153.6324 Y-191.8066
G1 X154.0083 Y-191.7736
G1 X154.0083 Y-191.7738
G1 X154.3058 Y-191.7487
G1 X155.1130 Y-191.6836
G1 X156.2014 Y-191.6024
G1 X156.9946 Y-191.5470
G1 X157.4615 Y-191.5157
G1 X158.5491 Y-191.4461
G1 X158.5491 Y-191.4464
G1 X159.1765 Y-191.4086
G1 X160.6189 Y-191.3255
G1 X161.5638 Y-191.2744
G1 X162.9768 Y-191.2021
G1 X165.1942 Y-191.0966
G1 X167.6850 Y-190.9884
G1 X170.4797 Y-190.8777
G1 X173.7662 Y-190.7591
G1 X176.4774 Y-190.6692
G1 X179.2783 Y-190.5825
G1 X182.9473 Y-190.4776
G1 X182.9473 Y-190.4779
G1 X186.9557 Y-190.3730
G1 X190.0431 Y-190.2981
G1 X194.4746 Y-190.1982
G1 X194.4746 Y-190.1985
G1 X198.3682 Y-190.1177
G1 X203.2229 Y-190.0248
G1 X207.0367 Y-189.9572
G1 X211.8106 Y-189.8787
G1 X216.6379 Y-189.8056
G1 X222.1995 Y-189.7283
G1 X227.5505 Y-189.6605
G1 X227.5505 Y-189.6608
G1 X233.1390 Y-189.5963
G1 X237.7780 Y-189.5472
G1 X243.9914 Y-189.4876
G1 X249.4407 Y-189.4406
G1 X256.3365 Y-189.3880
G1 X261.7478 Y-189.3519
G1 X268.4320 Y-189.3136
G1 X275.5605 Y-189.2803
G1 X281.3075 Y-189.2595
G1 X288.2590 Y-189.2422
G1 X294.2206 Y-189.2356
G1 X300.7848 Y-189.2409
G1 X305.5264 Y-189.2612
G1 X306.4022 Y-189.2689
G1 X307.4876 Y-189.2846
G1 X307.5170 Y-189.3225
G1 X307.5353 Y-189.3466
G1 X307.5948 Y-189.4263
G1 X307.6669 Y-189.5264
G1 X307.7020 Y-189.5765
G1 X307.7487 Y-189.6443
G1 X307.8046 Y-189.7268
G1 X307.8048 Y-189.7268
G1 X307.8724 Y-189.8284
G1 X307.9816 Y-189.9971
G1 X308.0367 Y-190.0842
G1 X308.1292 Y-190.2323
G1 X308.1294 Y-190.2323
G1 X308.2420 Y-190.4159
G1 X308.3342 Y-190.5693
G1 X308.4337 Y-190.7375
G1 X308.5582 Y-190.9503
G1 X308.7629 Y-191.3080
G1 X308.7627 Y-191.3080
G1 X308.9402 Y-191.6240
G1 X309.0857 Y-191.8866
G1 X309.2724 Y-192.2280
G1 X309.5899 Y-192.8175
G1 X309.7466 Y-193.1119
G1 X309.9946 Y-193.5828
G1 X310.2963 Y-194.1619
G1 X310.6463 Y-194.8404
G1 X310.6461 Y-194.8404
G1 X311.0598 Y-195.6509
G1 X311.5810 Y-196.6811
G1 X312.2701 Y-198.0547
G1 X315.0679 Y-203.6750
G1 X315.9851 Y-205.5078
G1 X316.8035 Y-207.1307
G1 X317.3959 Y-208.2955
G1 X317.8139 Y-209.1124
G1 X318.3545 Y-210.1611
G1 X318.9582 Y-211.3209
G1 X319.4426 Y-212.2416
G1 X319.7464 Y-212.8149
G1 X319.9900 Y-213.2714
G1 X320.3555 Y-213.9513
G1 X320.7200 Y-214.6239
G1 X320.9036 Y-214.9599
G1 X321.2079 Y-215.5134
G1 X321.5122 Y-216.0623
G1 X321.8165 Y-216.6054
G1 X322.0593 Y-217.0349
G1 X322.3623 Y-217.5667
G1 X322.6049 Y-217.9879
G1 X322.9064 Y-218.5063
G1 X323.1482 Y-218.9173
G1 X323.4479 Y-219.4212
G1 X323.5681 Y-219.6208
G1 X323.8071 Y-220.0161
G1 X323.9874 Y-220.3110
G1 X324.2848 Y-220.7915
G1 X324.5221 Y-221.1692
G1 X324.7586 Y-221.5408
G1 X324.9933 Y-221.9051
G1 X325.1119 Y-222.0867
G1 X325.3463 Y-222.4423
G1 X325.5790 Y-222.7895
G1 X325.7522 Y-223.0445
G1 X325.8696 Y-223.2155
G1 X326.0438 Y-223.4662
G1 X326.2737 Y-223.7918
G1 X326.4454 Y-224.0308
G1 X326.5599 Y-224.1883
G1 X326.6747 Y-224.3442
G1 X326.8459 Y-224.5744
G1 X327.0159 Y-224.7986
G1 X327.1281 Y-224.9444
G1 X327.2429 Y-225.0923
G1 X327.3547 Y-225.2337
G1 X327.4682 Y-225.3757
G1 X327.5802 Y-225.5139
G1 X327.6945 Y-225.6533
G1 X327.8617 Y-225.8535
G1 X327.9729 Y-225.9838
G1 X328.0849 Y-226.1133
G1 X328.1967 Y-226.2403
G1 X328.3082 Y-226.3653
G1 X328.4197 Y-226.4877
G1 X328.5322 Y-226.6091
G1 X328.6422 Y-226.7255
G1 X328.7545 Y-226.8421
G1 X328.8668 Y-226.9564
G1 X328.9778 Y-227.0666
G1 X329.0885 Y-227.1743
G1 X329.1990 Y-227.2795
G1 X329.2564 Y-227.3330
G1 X329.3704 Y-227.4377
G1 X329.4794 Y-227.5345
G1 X329.5371 Y-227.5850
G1 X329.6503 Y-227.6818
G1 X329.7654 Y-227.7775
G1 X329.8756 Y-227.8662
G1 X329.9374 Y-227.9145
G1 X330.0499 Y-228.0001
G1 X330.1665 Y-228.0864
G1 X330.2848 Y-228.1702
G1 X330.3989 Y-228.2474
G1 X330.5165 Y-228.3244
G1 X330.5785 Y-228.3630
G1 X330.6912 Y-228.4316
G1 X330.7532 Y-228.4677
G1 X330.8121 Y-228.5012
G1 X330.8840 Y-228.5406
G1 X331.0006 Y-228.6020
G1 X331.0608 Y-228.6320
G1 X331.1317 Y-228.6663
G1 X331.2536 Y-228.7224
G1 X331.3153 Y-228.7491
G1 X331.3803 Y-228.7763
G1 X331.4428 Y-228.8012
G1 X331.5134 Y-228.8281
G1 X331.5767 Y-228.8510
G1 X331.6486 Y-228.8756
G1 X331.7154 Y-228.8969
G1 X331.7801 Y-228.9165
G1 X331.8449 Y-228.9353
G1 X331.9193 Y-228.9551
G1 X331.9600 Y-228.9653
G1 X332.0037 Y-228.9757
G1 X332.0844 Y-228.9934
G1 X332.1479 Y-229.0061
G1 X332.2279 Y-229.0204
G1 X332.2940 Y-229.0305
G1 X332.3732 Y-229.0412
G1 X332.4220 Y-229.0470
G1 X332.5010 Y-229.0547
G1 X332.5703 Y-229.0597
G1 X332.6503 Y-229.0641
G1 X332.7202 Y-229.0658
G1 X332.7588 Y-229.0663
G1 X332.8114 Y-229.0663
G1 X332.8878 Y-229.0648
G1 X332.9452 Y-229.0625
G1 X333.0219 Y-229.0582
G1 X333.0903 Y-229.0529
G1 X333.1667 Y-229.0453
G1 X333.2190 Y-229.0392
G1 X333.2952 Y-229.0290
G1 X333.3565 Y-229.0196
G1 X333.4327 Y-229.0064
G1 X333.4929 Y-228.9947
G1 X333.5691 Y-228.9785
G1 X333.6242 Y-228.9658
G1 X333.7001 Y-228.9467
G1 X333.7527 Y-228.9325
G1 X333.8286 Y-228.9106
G1 X333.8810 Y-228.8946
G1 X333.9567 Y-228.8700
G1 X334.0064 Y-228.8530
G1 X334.0821 Y-228.8256
G1 X334.1273 Y-228.8083
G1 X334.2028 Y-228.7783
G1 X334.2531 Y-228.7575
G1 X334.3285 Y-228.7245
G1 X334.3707 Y-228.7052
G1 X334.4459 Y-228.6696
G1 X334.4885 Y-228.6485
G1 X334.5637 Y-228.6102
G1 X334.6046 Y-228.5888
G1 X334.7171 Y-228.5263
G1 X334.8281 Y-228.4611
G1 X334.9384 Y-228.3922
G1 X335.0407 Y-228.3244
G1 X335.1500 Y-228.2487
G1 X335.2523 Y-228.1738
G1 X335.3529 Y-228.0968
G1 X335.4550 Y-228.0153
G1 X335.5528 Y-227.9335
G1 X335.6475 Y-227.8512
G1 X335.7476 Y-227.7610
G1 X335.8398 Y-227.6742
G1 X335.9310 Y-227.5853
G1 X336.0275 Y-227.4885
G1 X336.1131 Y-227.3993
G1 X336.2056 Y-227.3003
G1 X336.2930 Y-227.2035
G1 X336.3821 Y-227.1019
G1 X336.4664 Y-227.0031
G1 X336.5556 Y-226.8959
G1 X336.6371 Y-226.7948
G1 X336.7248 Y-226.6841
G1 X336.8063 Y-226.5774
G1 X336.8901 Y-226.4656
G1 X336.9724 Y-226.3536
G1 X337.0529 Y-226.2411
G1 X337.1347 Y-226.1245
G1 X337.2142 Y-226.0084
G1 X337.2950 Y-225.8883
G1 X337.3737 Y-225.7684
G1 X337.4535 Y-225.6447
G1 X337.5320 Y-225.5205
G1 X337.6084 Y-225.3971
G1 X337.6869 Y-225.2683
G1 X337.7636 Y-225.1400
G1 X337.8388 Y-225.0122
G1 X337.9163 Y-224.8786
G1 X337.9925 Y-224.7443
G1 X338.0671 Y-224.6107
G1 X338.1423 Y-224.4743
G1 X338.2183 Y-224.3343
G1 X338.2914 Y-224.1967
G1 X338.3643 Y-224.0577
G1 X338.4395 Y-223.9132
G1 X338.5127 Y-223.7699
G1 X338.5853 Y-223.6254
G1 X338.6585 Y-223.4781
G1 X338.7308 Y-223.3308
G1 X338.8030 Y-223.1814
G1 X338.8749 Y-223.0310
G1 X338.9467 Y-222.8789
G1 X339.0186 Y-222.7245
G1 X339.0892 Y-222.5708
G1 X339.1593 Y-222.4166
G1 X339.2317 Y-222.2563
G1 X339.3011 Y-222.0996
G1 X339.3709 Y-221.9406
G1 X339.4410 Y-221.7798
G1 X339.5121 Y-221.6145
G1 X339.6506 Y-221.2873
G1 X339.7875 Y-220.9576
G1 X339.8571 Y-220.7877
G1 X339.9932 Y-220.4496
G1 X340.1281 Y-220.1093
G1 X340.1964 Y-219.9340
G1 X340.3305 Y-219.5863
G1 X340.4634 Y-219.2355
G1 X340.5304 Y-219.0562
G1 X340.6625 Y-218.6996
G1 X340.7943 Y-218.3384
G1 X340.9251 Y-217.9739
G1 X341.0549 Y-217.6074
G1 X341.1837 Y-217.2386
G1 X341.3125 Y-216.8657
G1 X341.4400 Y-216.4908
G1 X341.5665 Y-216.1144
G1 X341.6927 Y-215.7349
G1 X341.8182 Y-215.3536
G1 X341.9424 Y-214.9716
G1 X342.0666 Y-214.5861
G1 X342.2505 Y-214.0077
G1 X342.3730 Y-213.6186
G1 X342.6137 Y-212.8429
G1 X342.7336 Y-212.4519
G1 X342.9706 Y-211.6722
G1 X343.0875 Y-211.2818
G1 X343.2625 Y-210.6953
G1 X343.5492 Y-209.7227
G1 X343.7755 Y-208.9470
G1 X344.2178 Y-207.4149
G1 X345.4179 Y-203.2229
G1 X345.6135 Y-202.5475
G1 X345.7593 Y-202.0486
G1 X345.9023 Y-201.5625
G1 X346.0907 Y-200.9292
G1 X346.1827 Y-200.6237
G1 X346.1830 Y-200.6237
G1 X346.3679 Y-200.0179
G1 X346.5002 Y-199.5922
G1 X346.5878 Y-199.3143
G1 X346.7191 Y-198.9046
G1 X346.8035 Y-198.6450
G1 X346.9310 Y-198.2612
G1 X346.9335 Y-198.2539
G1 X346.9711 Y-198.1429
G1 X347.0986 Y-197.7725
G1 X347.1746 Y-197.5571
G1 X347.2576 Y-197.3270
G1 X347.3308 Y-197.1286
G1 X347.4121 Y-196.9143
G1 X347.4809 Y-196.7367
G1 X347.5556 Y-196.5508
G1 X347.5558 Y-196.5508
G1 X347.5952 Y-196.4550
G1 X347.6277 Y-196.3771
G1 X347.6666 Y-196.2854
G1 X347.7362 Y-196.1266
G1 X347.7633 Y-196.0662
G1 X347.7941 Y-195.9991
G1 X347.8261 Y-195.9310
G1 X347.8583 Y-195.8642
G1 X347.8957 Y-195.7883
G1 X347.9241 Y-195.7324
G1 X347.9457 Y-195.6905
G1 X347.9823 Y-195.6219
G1 X347.9996 Y-195.5907
G1 X348.0318 Y-195.5338
G1 X348.0577 Y-195.4898
G1 X348.0625 Y-195.4820
G1 X348.2129 Y-195.4525
G1 X348.5490 Y-195.3900
G1 X349.0300 Y-195.3047
G1 X349.6798 Y-195.1939
G1 X350.8202 Y-195.0062
G1 X351.7971 Y-194.8495
G1 X353.3709 Y-194.6021
G1 X355.0300 Y-194.3456
G1 X357.7897 Y-193.9252
G1 X360.8354 Y-193.4675
G1 X360.8354 Y-193.4672
G1 X366.2233 Y-192.6676
G1 X366.2233 Y-192.6679
G1 X370.4577 Y-192.0458
G1 X377.7310 Y-190.9862
G1 X383.8931 Y-190.0949
G1 X396.8996 Y-188.2308
G1 X396.2824 Y-189.8284
G1 X395.8280 Y-190.9750
G1 X395.4219 Y-191.9775
G1 X395.0447 Y-192.8899
G1 X394.5809 Y-193.9884
G1 X394.2926 Y-194.6582
G1 X393.9365 Y-195.4736
G1 X393.6007 Y-196.2295
G1 X393.1994 Y-197.1180
G1 X392.8806 Y-197.8129
G1 X392.5697 Y-198.4812
G1 X392.2227 Y-199.2163
G1 X391.9156 Y-199.8584
G1 X391.5174 Y-200.6793
G1 X391.2169 Y-201.2899
G1 X390.7300 Y-202.2650
G1 X390.7302 Y-202.2650
G1 X390.5893 Y-202.5434
G1 X390.2027 Y-203.3011
G1 X389.8039 Y-204.0715
; Rapid to initial position
G1 X389.8039 Y-204.0715 F2540
G1 Z-9.5250
; plunge
G1 Z-12.7000 F127
; cut
G1 X389.6797 Y-204.3090 F1016
G1 X389.3627 Y-204.9112
G1 X389.0709 Y-205.4591
G1 X388.7028 Y-206.1431
G1 X388.1966 Y-207.0702
G1 X387.7038 Y-207.9577
G1 X387.3807 Y-208.5320
G1 X386.8644 Y-209.4380
G1 X386.4097 Y-210.2239
G1 X386.0239 Y-210.8825
G1 X385.4676 Y-211.8187
G1 X385.1849 Y-212.2886
G1 X384.8565 Y-212.8299
G1 X384.5197 Y-213.3798
G1 X384.2695 Y-213.7849
G1 X384.0569 Y-214.1266
G1 X383.6241 Y-214.8167
G1 X383.2235 Y-215.4481
G1 X382.8245 Y-216.0707
G1 X382.8242 Y-216.0707
G1 X382.5029 Y-216.5670
G1 X382.5032 Y-216.5673
G1 X382.1382 Y-217.1256
G1 X381.7605 Y-217.6981
G1 X381.2898 Y-218.4042
G1 X380.9037 Y-218.9767
G1 X380.5126 Y-219.5515
G1 X380.1158 Y-220.1288
G1 X379.7651 Y-220.6343
G1 X379.2029 Y-221.4357
G1 X378.8367 Y-221.9521
G1 X378.3162 Y-222.6782
G1 X377.7275 Y-223.4890
G1 X377.2926 Y-224.0806
G1 X376.9639 Y-224.5238
G1 X376.4069 Y-225.2675
G1 X376.0114 Y-225.7900
G1 X375.7267 Y-226.1631
G1 X375.3823 Y-226.6117
G1 X375.0348 Y-227.0605
G1 X374.5652 Y-227.6617
G1 X374.1504 Y-228.1880
G1 X373.7303 Y-228.7158
G1 X373.2441 Y-229.3211
G1 X372.9383 Y-229.6988
G1 X372.5677 Y-230.1530
G1 X372.1316 Y-230.6831
G1 X371.5629 Y-231.3668
G1 X370.9866 Y-232.0516
G1 X370.4026 Y-232.7374
G1 X369.8098 Y-233.4255
G1 X369.3437 Y-233.9609
G1 X369.0084 Y-234.3427
G1 X368.6020 Y-234.8022
G1 X368.2576 Y-235.1888
G1 X367.8494 Y-235.6437
G1 X367.3635 Y-236.1804
G1 X366.9391 Y-236.6449
G1 X366.4488 Y-237.1771
G1 X365.9441 Y-237.7196
G1 X365.2987 Y-238.4057
G1 X365.0071 Y-238.7128
G1 X364.7112 Y-239.0229
G1 X364.1976 Y-239.5571
G1 X363.9005 Y-239.8639
G1 X363.6015 Y-240.1707
G1 X363.2269 Y-240.5527
G1 X362.6134 Y-241.1725
G1 X362.6137 Y-241.1725
G1 X362.0818 Y-241.7044
G1 X362.0818 Y-241.7041
G1 X361.6180 Y-242.1639
G1 X361.1453 Y-242.6282
G1 X360.7575 Y-243.0064
G1 X360.2825 Y-243.4659
G1 X359.8045 Y-243.9243
G1 X359.2355 Y-244.4648
G1 X358.6726 Y-244.9944
G1 X358.1811 Y-245.4526
G1 X358.1809 Y-245.4524
G1 X357.7674 Y-245.8347
G1 X357.6000 Y-245.9886
G1 X357.6000 Y-245.9888
G1 X357.1827 Y-246.3706
G1 X356.8520 Y-246.6711
G1 X356.4313 Y-247.0508
G1 X356.0034 Y-247.4344
G1 X356.0036 Y-247.4346
G1 X355.6660 Y-247.7348
G1 X355.4095 Y-247.9619
G1 X354.9807 Y-248.3394
G1 X354.3729 Y-248.8697
G1 X353.9373 Y-249.2464
G1 X353.2322 Y-249.8504
G1 X352.6993 Y-250.3018
G1 X352.0661 Y-250.8331
G1 X351.5302 Y-251.2781
G1 X350.9790 Y-251.7320
G1 X350.6186 Y-252.0264
G1 X350.0605 Y-252.4788
G1 X349.5096 Y-252.9210
G1 X348.9490 Y-253.3668
G1 X348.3785 Y-253.8164
G1 X348.0062 Y-254.1074
G1 X347.3384 Y-254.6251
G1 X346.7613 Y-255.0678
G1 X346.2782 Y-255.4351
G1 X345.8886 Y-255.7290
G1 X345.4941 Y-256.0249
G1 X344.8045 Y-256.5377
G1 X344.3155 Y-256.8976
G1 X343.7176 Y-257.3340
G1 X343.3166 Y-257.6238
G1 X342.7057 Y-258.0625
G1 X342.3016 Y-258.3503
G1 X341.8982 Y-258.6355
G1 X341.8982 Y-258.6352
G1 X341.3811 Y-258.9982
G1 X340.8718 Y-259.3525
G1 X340.2493 Y-259.7818
G1 X339.7225 Y-260.1417
G1 X339.1979 Y-260.4971
G1 X338.5696 Y-260.9187
G1 X338.1444 Y-261.2014
G1 X337.6110 Y-261.5537
G1 X337.1776 Y-261.8374
G1 X336.6430 Y-262.1852
G1 X336.6430 Y-262.1849
G1 X336.2051 Y-262.4671
G1 X336.2051 Y-262.4673
G1 X335.6658 Y-262.8123
G1 X335.0080 Y-263.2291
G1 X334.4512 Y-263.5783
G1 X333.6788 Y-264.0579
G1 X333.6788 Y-264.0576
G1 X333.2330 Y-264.3317
G1 X332.6717 Y-264.6738
G1 X332.1020 Y-265.0180
G1 X332.1022 Y-265.0183
G1 X331.5401 Y-265.3546
G1 X330.9699 Y-265.6929
G1 X330.3968 Y-266.0297
G1 X329.6978 Y-266.4363
G1 X329.2394 Y-266.7005
G1 X328.7735 Y-266.9670
G1 X328.1878 Y-267.2992
G1 X327.7174 Y-267.5636
G1 X327.1271 Y-267.8928
G1 X326.4065 Y-268.2903
G1 X326.0537 Y-268.4833
G1 X325.5744 Y-268.7437
G1 X324.9661 Y-269.0713
G1 X324.3603 Y-269.3944
G1 X323.8787 Y-269.6492
G1 X323.8787 Y-269.6489
G1 X323.3849 Y-269.9078
G1 X323.3849 Y-269.9080
G1 X322.6524 Y-270.2885
G1 X322.1584 Y-270.5423
G1 X321.5376 Y-270.8585
G1 X320.9079 Y-271.1760
G1 X320.2849 Y-271.4871
G1 X320.0347 Y-271.6111
G1 X319.3971 Y-271.9248
G1 X319.0225 Y-272.1077
G1 X319.0225 Y-272.1074
G1 X318.2508 Y-272.4805
G1 X317.8729 Y-272.6616
G1 X317.3590 Y-272.9057
G1 X316.7075 Y-273.2126
G1 X316.0654 Y-273.5118
G1 X315.2816 Y-273.8725
G1 X314.6252 Y-274.1709
G1 X313.9597 Y-274.4704
G1 X313.9597 Y-274.4706
G1 X313.5673 Y-274.6456
G1 X313.5673 Y-274.6454
G1 X313.1652 Y-274.8234
G1 X313.1652 Y-274.8237
G1 X312.7705 Y-274.9974
G1 X312.7705 Y-274.9972
G1 X311.9603 Y-275.3502
G1 X311.4281 Y-275.5796
G1 X310.8881 Y-275.8100
G1 X310.2038 Y-276.0993
G1 X309.9341 Y-276.2123
G1 X309.2547 Y-276.4947
G1 X308.5620 Y-276.7795
G1 X307.7400 Y-277.1132
G1 X307.7400 Y-277.1130
G1 X306.9059 Y-277.4467
G1 X306.3428 Y-277.6692
G1 X305.5059 Y-277.9961
G1 X304.9430 Y-278.2133
G1 X304.2290 Y-278.4856
G1 X303.6654 Y-278.6985
G1 X303.0936 Y-278.9121
G1 X302.6603 Y-279.0726
G1 X302.2331 Y-279.2296
G1 X301.7972 Y-279.3886
G1 X301.3674 Y-279.5443
G1 X300.9290 Y-279.7018
G1 X300.4980 Y-279.8554
G1 X299.7675 Y-280.1132
G1 X299.7675 Y-280.1130
G1 X299.1767 Y-280.3190
G1 X298.5882 Y-280.5222
G1 X298.0030 Y-280.7218
G1 X297.2554 Y-280.9740
G1 X296.5153 Y-281.2204
G1 X296.2168 Y-281.3187
G1 X295.7673 Y-281.4658
G1 X295.1673 Y-281.6603
G1 X294.2610 Y-281.9502
G1 X294.2610 Y-281.9499
G1 X293.3421 Y-282.2387
G1 X292.7327 Y-282.4277
G1 X292.1246 Y-282.6139
G1 X291.5097 Y-282.8000
G1 X290.8917 Y-282.9850
G1 X290.4266 Y-283.1226
G1 X289.9611 Y-283.2593
G1 X289.4901 Y-283.3962
G1 X289.4901 Y-283.3964
G1 X289.0261 Y-283.5300
G1 X288.3997 Y-283.7086
G1 X287.6067 Y-283.9316
G1 X287.6067 Y-283.9319
G1 X287.1389 Y-284.0617
G1 X286.3466 Y-284.2791
G1 X285.5506 Y-284.4940
G1 X284.7444 Y-284.7081
G1 X283.7851 Y-284.9585
G1 X283.1341 Y-285.1257
G1 X283.1341 Y-285.1259
G1 X282.6525 Y-285.2478
G1 X282.0012 Y-285.4112
G1 X281.6758 Y-285.4919
G1 X281.3467 Y-285.5730
G1 X280.8592 Y-285.6923
G1 X280.8592 Y-285.6921
G1 X280.2026 Y-285.8506
G1 X279.3723 Y-286.0479
G1 X278.7109 Y-286.2026
G1 X277.7185 Y-286.4307
G1 X276.8831 Y-286.6187
G1 X276.0378 Y-286.8054
G1 X276.0378 Y-286.8056
G1 X275.3683 Y-286.9509
G1 X274.8575 Y-287.0604
G1 X274.3543 Y-287.1671
G1 X274.3543 Y-287.1668
G1 X273.3258 Y-287.3809
G1 X272.9903 Y-287.4498
G1 X272.9903 Y-287.4495
G1 X272.3053 Y-287.5882
G1 X271.6129 Y-287.7261
G1 X271.6129 Y-287.7264
G1 X270.5824 Y-287.9273
G1 X269.8887 Y-288.0596
G1 X269.1930 Y-288.1902
G1 X268.3190 Y-288.3512
G1 X267.6182 Y-288.4777
G1 X266.7317 Y-288.6344
G1 X266.0305 Y-288.7561
G1 X265.1427 Y-288.9067
G1 X264.4297 Y-289.0251
G1 X263.7099 Y-289.1424
G1 X262.8120 Y-289.2857
G1 X262.0968 Y-289.3972
G1 X261.3736 Y-289.5077
G1 X260.6477 Y-289.6161
G1 X259.9195 Y-289.7228
G1 X259.1892 Y-289.8275
G1 X258.2664 Y-289.9565
G1 X258.2664 Y-289.9567
G1 X257.7186 Y-290.0314
G1 X257.3475 Y-290.0815
G1 X256.9809 Y-290.1305
G1 X256.9809 Y-290.1302
G1 X256.4219 Y-290.2036
G1 X255.6792 Y-290.2991
G1 X254.9383 Y-290.3924
G1 X254.9383 Y-290.3921
G1 X254.1857 Y-290.4843
G1 X254.1857 Y-290.4846
G1 X253.2522 Y-290.5956
G1 X253.2522 Y-290.5953
G1 X252.4940 Y-290.6829
G1 X252.4940 Y-290.6832
G1 X251.9317 Y-290.7467
G1 X251.3640 Y-290.8094
G1 X250.6043 Y-290.8915
G1 X249.8415 Y-290.9715
G1 X249.0719 Y-291.0500
G1 X249.0719 Y-291.0502
G1 X248.5012 Y-291.1069
G1 X248.5012 Y-291.1066
G1 X247.7323 Y-291.1810
G1 X246.7610 Y-291.2717
G1 X246.7610 Y-291.2720
G1 X246.3785 Y-291.3065
G1 X245.7968 Y-291.3583
G1 X245.7968 Y-291.3581
G1 X245.0137 Y-291.4256
G1 X244.4288 Y-291.4747
G1 X243.8458 Y-291.5222
G1 X243.8458 Y-291.5219
G1 X243.0562 Y-291.5841
G1 X242.2682 Y-291.6441
G1 X241.8778 Y-291.6728
G1 X241.2845 Y-291.7154
G1 X240.6863 Y-291.7571
G1 X239.8903 Y-291.8104
G1 X239.0920 Y-291.8617
G1 X238.2957 Y-291.9105
G1 X237.6942 Y-291.9458
G1 X236.8890 Y-291.9910
G1 X236.0808 Y-292.0340
G1 X235.2703 Y-292.0749
G1 X234.4567 Y-292.1135
G1 X233.8418 Y-292.1411
G1 X233.8418 Y-292.1414
G1 X233.2327 Y-292.1673
G1 X232.4130 Y-292.2003
G1 X231.5860 Y-292.2313
G1 X231.5860 Y-292.2316
G1 X230.7648 Y-292.2598
G1 X230.1410 Y-292.2798
G1 X230.1410 Y-292.2801
G1 X229.3148 Y-292.3045
G1 X229.3148 Y-292.3042
G1 X228.6874 Y-292.3212
G1 X227.6505 Y-292.3466
G1 X226.6081 Y-292.3687
G1 X225.9889 Y-292.3802
G1 X225.1634 Y-292.3936
G1 X224.3455 Y-292.4048
G1 X224.3455 Y-292.4045
G1 X223.5215 Y-292.4134
G1 X222.7044 Y-292.4200
G1 X221.8896 Y-292.4246
G1 X221.0778 Y-292.4269
G1 X220.4743 Y-292.4272
G1 X219.6676 Y-292.4256
G1 X218.8627 Y-292.4218
G1 X218.0600 Y-292.4160
G1 X217.4601 Y-292.4101
G1 X216.8583 Y-292.4030
G1 X216.8583 Y-292.4033
G1 X215.8677 Y-292.3888
G1 X215.0745 Y-292.3748
G1 X214.4786 Y-292.3629
G1 X214.4786 Y-292.3631
G1 X213.6943 Y-292.3454
G1 X212.9081 Y-292.3256
G1 X212.3173 Y-292.3093
G1 X211.3453 Y-292.2801
G1 X211.3453 Y-292.2798
G1 X210.5627 Y-292.2537
G1 X210.1789 Y-292.2400
G1 X209.4004 Y-292.2107
G1 X208.8223 Y-292.1876
G1 X207.8591 Y-292.1465
G1 X207.2891 Y-292.1206
G1 X207.2891 Y-292.1203
G1 X206.5200 Y-292.0832
G1 X205.5668 Y-292.0345
G1 X205.1891 Y-292.0141
G1 X204.6196 Y-291.9827
G1 X203.8683 Y-291.9390
G1 X202.9259 Y-291.8813
G1 X202.3595 Y-291.8450
G1 X201.6158 Y-291.7955
G1 X200.6821 Y-291.7302
G1 X200.1253 Y-291.6898
G1 X199.5658 Y-291.6479
G1 X199.0113 Y-291.6052
G1 X199.0113 Y-291.6055
G1 X198.4621 Y-291.5618
G1 X197.5424 Y-291.4866
G1 X197.5424 Y-291.4863
G1 X196.9897 Y-291.4393
G1 X196.0761 Y-291.3591
G1 X196.0761 Y-291.3593
G1 X195.5361 Y-291.3103
G1 X195.5361 Y-291.3101
G1 X194.6237 Y-291.2245
G1 X193.7258 Y-291.1371
G1 X193.0019 Y-291.0642
G1 X192.4672 Y-291.0091
G1 X192.1096 Y-290.9715
G1 X191.7525 Y-290.9334
G1 X191.3936 Y-290.8945
G1 X191.3936 Y-290.8948
G1 X190.6803 Y-290.8160
G1 X189.9765 Y-290.7363
G1 X189.2699 Y-290.6540
G1 X188.3842 Y-290.5481
G1 X187.6887 Y-290.4625
G1 X186.8099 Y-290.3515
G1 X186.1195 Y-290.2618
G1 X185.4215 Y-290.1691
G1 X185.4215 Y-290.1693
G1 X184.3898 Y-290.0284
G1 X184.3898 Y-290.0281
G1 X183.8706 Y-289.9555
G1 X183.0189 Y-289.8336
G1 X182.1602 Y-289.7073
G1 X181.4810 Y-289.6052
G1 X180.8038 Y-289.5013
G1 X180.1343 Y-289.3964
G1 X179.2879 Y-289.2610
G1 X178.6247 Y-289.1526
G1 X177.7853 Y-289.0124
G1 X177.7853 Y-289.0126
G1 X177.1264 Y-288.9001
G1 X176.4596 Y-288.7843
G1 X175.9687 Y-288.6977
G1 X175.6372 Y-288.6385
G1 X175.6372 Y-288.6387
G1 X174.9842 Y-288.5206
G1 X174.9842 Y-288.5204
G1 X174.1607 Y-288.3687
G1 X173.3474 Y-288.2156
G1 X172.6992 Y-288.0914
G1 X171.7368 Y-287.9029
G1 X170.9280 Y-287.7409
G1 X170.2885 Y-287.6105
G1 X169.9710 Y-287.5450
G1 X169.3388 Y-287.4129
G1 X168.5468 Y-287.2448
G1 X167.7523 Y-287.0728
G1 X167.7523 Y-287.0731
G1 X167.1244 Y-286.9349
G1 X166.8170 Y-286.8663
G1 X166.0362 Y-286.6903
G1 X165.2532 Y-286.5107
G1 X164.7901 Y-286.4030
G1 X164.1762 Y-286.2585
G1 X164.1762 Y-286.2583
G1 X163.8694 Y-286.1851
G1 X163.2506 Y-286.0363
G1 X162.6433 Y-285.8882
G1 X162.1823 Y-285.7744
G1 X161.4218 Y-285.5841
G1 X160.6662 Y-285.3919
G1 X159.7635 Y-285.1582
G1 X159.0162 Y-284.9611
G1 X158.2773 Y-284.7632
G1 X157.6845 Y-284.6019
G1 X156.9458 Y-284.3985
G1 X156.3530 Y-284.2329
G1 X156.3530 Y-284.2331
G1 X155.6273 Y-284.0274
G1 X154.7533 Y-283.7757
G1 X153.8773 Y-283.5189
G1 X153.4521 Y-283.3926
G1 X152.5834 Y-283.1313
G1 X152.0182 Y-282.9585
G1 X151.4439 Y-282.7812
G1 X150.8770 Y-282.6042
G1 X150.0292 Y-282.3357
G1 X149.1938 Y-282.0667
G1 X148.6355 Y-281.8844
G1 X148.0784 Y-281.7005
G1 X147.6591 Y-281.5608
G1 X146.9680 Y-281.3281
G1 X146.1437 Y-281.0464
G1 X145.4615 Y-280.8100
G1 X144.9233 Y-280.6210
G1 X144.2405 Y-280.3789
G1 X143.4386 Y-280.0904
G1 X143.4386 Y-280.0901
G1 X142.8981 Y-279.8933
G1 X142.3645 Y-279.6969
G1 X142.3645 Y-279.6972
G1 X141.7061 Y-279.4521
G1 X141.7061 Y-279.4518
G1 X141.0393 Y-279.2006
G1 X140.6462 Y-279.0510
G1 X139.8577 Y-278.7477
G1 X139.2123 Y-278.4960
G1 X138.6888 Y-278.2898
G1 X138.1770 Y-278.0863
G1 X138.1770 Y-278.0861
G1 X137.6578 Y-277.8775
G1 X137.0167 Y-277.6174
G1 X136.3843 Y-277.3578
G1 X136.0000 Y-277.1986
G1 X135.2405 Y-276.8806
G1 X134.8697 Y-276.7239
G1 X134.8697 Y-276.7236
G1 X134.2375 Y-276.4539
G1 X134.2375 Y-276.4541
G1 X133.4955 Y-276.1333
G1 X133.1204 Y-275.9695
G1 X132.5075 Y-275.6997
G1 X132.0162 Y-275.4810
G1 X131.3990 Y-275.2039
G1 X131.0399 Y-275.0411
G1 X130.4277 Y-274.7615
G1 X130.0670 Y-274.5951
G1 X129.5850 Y-274.3713
G1 X129.2309 Y-274.2057
G1 X129.2309 Y-274.2054
G1 X128.6284 Y-273.9212
G1 X127.9223 Y-273.5842
G1 X127.4455 Y-273.3540
G1 X127.4455 Y-273.3543
G1 X126.8573 Y-273.0678
G1 X126.1623 Y-272.7256
G1 X125.5824 Y-272.4368
G1 X124.9995 Y-272.1435
G1 X124.3101 Y-271.7927
G1 X124.3101 Y-271.7930
G1 X123.8545 Y-271.5588
G1 X123.2924 Y-271.2672
G1 X122.6081 Y-270.9085
G1 X122.2776 Y-270.7338
G1 X121.7127 Y-270.4325
G1 X121.2728 Y-270.1961
G1 X120.7132 Y-269.8925
G1 X120.3838 Y-269.7124
G1 X119.9436 Y-269.4701
G1 X119.5118 Y-269.2306
G1 X118.8524 Y-268.8615
G1 X118.4272 Y-268.6210
G1 X117.6670 Y-268.1869
G1 X117.2416 Y-267.9416
G1 X116.6028 Y-267.5694
G1 X115.9701 Y-267.1968
G1 X115.4463 Y-266.8852
G1 X115.0351 Y-266.6383
G1 X114.4062 Y-266.2575
G1 X114.4062 Y-266.2578
G1 X113.9995 Y-266.0094
G1 X113.4811 Y-265.6901
G1 X112.8690 Y-265.3093
G1 X112.3632 Y-264.9916
G1 X111.8644 Y-264.6754
G1 X111.4593 Y-264.4165
G1 X110.8603 Y-264.0307
G1 X110.4659 Y-263.7742
G1 X109.9723 Y-263.4508
G1 X109.3912 Y-263.0663
G1 X108.8019 Y-262.6723
G1 X108.8019 Y-262.6726
G1 X108.2289 Y-262.2855
G1 X107.6477 Y-261.8890
G1 X107.0775 Y-261.4958
G1 X106.6114 Y-261.1717
G1 X106.6117 Y-261.1714
G1 X105.9477 Y-260.7048
G1 X105.2970 Y-260.2421
G1 X104.6571 Y-259.7818
G1 X104.1944 Y-259.4455
G1 X103.7450 Y-259.1161
G1 X103.2022 Y-258.7147
G1 X102.7483 Y-258.3762
G1 X102.4819 Y-258.1760
G1 X101.9470 Y-257.7714
G1 X101.3300 Y-257.2997
G1 X100.8065 Y-256.8951
G1 X100.2858 Y-256.4889
G1 X99.8611 Y-256.1549
G1 X99.3422 Y-255.7429
G1 X99.0036 Y-255.4719
G1 X98.4110 Y-254.9936
G1 X97.9983 Y-254.6574
G1 X97.5777 Y-254.3119
G1 X97.5777 Y-254.3122
G1 X96.9231 Y-253.7694
G1 X96.9234 Y-253.7691
G1 X96.3452 Y-253.2837
G1 X95.8649 Y-252.8766
G1 X95.3773 Y-252.4592
G1 X95.3770 Y-252.4595
G1 X94.8246 Y-251.9820
G1 X94.8248 Y-251.9817
G1 X94.3453 Y-251.5634
G1 X94.1118 Y-251.3581
G1 X93.5685 Y-250.8771
G1 X93.2553 Y-250.5974
G1 X92.7933 Y-250.1816
G1 X92.3412 Y-249.7712
G1 X91.8060 Y-249.2804
G1 X91.2873 Y-248.7999
G1 X90.8431 Y-248.3843
G1 X90.2485 Y-247.8222
G1 X89.7395 Y-247.3358
G1 X89.3801 Y-246.9891
G1 X89.0262 Y-246.6452
G1 X88.5949 Y-246.2230
G1 X88.0316 Y-245.6658
G1 X87.5452 Y-245.1791
G1 X87.1317 Y-244.7615
G1 X86.6529 Y-244.2736
G1 X86.2475 Y-243.8565
G1 X85.7778 Y-243.3688
G1 X85.3199 Y-242.8885
G1 X84.7293 Y-242.2616
G1 X84.2053 Y-241.6990
G1 X83.6938 Y-241.1435
G1 X83.1306 Y-240.5248
G1 X83.1309 Y-240.5245
G1 X82.7519 Y-240.1034
G1 X82.2571 Y-239.5482
G1 X81.7692 Y-238.9947
G1 X81.5289 Y-238.7196
G1 X81.2886 Y-238.4433
G1 X80.9310 Y-238.0285
G1 X80.5767 Y-237.6145
G1 X80.2259 Y-237.2012
G1 X79.6473 Y-236.5118
G1 X79.3641 Y-236.1707
G1 X79.0247 Y-235.7590
G1 X78.7448 Y-235.4169
G1 X78.3562 Y-234.9378
G1 X77.8083 Y-234.2545
G1 X77.5401 Y-233.9165
G1 X77.1116 Y-233.3719
G1 X76.7425 Y-232.8979
G1 X76.3781 Y-232.4250
G1 X75.9717 Y-231.8923
G1 X75.4586 Y-231.2121
G1 X75.4583 Y-231.2124
G1 X75.2140 Y-230.8845
G1 X74.8632 Y-230.4108
G1 X74.5754 Y-230.0181
G1 X74.0387 Y-229.2784
G1 X73.6610 Y-228.7511
G1 X73.2455 Y-228.1641
G1 X72.9661 Y-227.7654
G1 X72.6930 Y-227.3724
G1 X72.3783 Y-226.9157
G1 X72.0682 Y-226.4611
G1 X72.0679 Y-226.4613
G1 X71.6351 Y-225.8197
G1 X71.3740 Y-225.4286
G1 X71.1622 Y-225.1085
G1 X70.7415 Y-224.4674
G1 X70.2546 Y-223.7138
G1 X69.8886 Y-223.1395
G1 X69.5734 Y-222.6389
G1 X69.5731 Y-222.6389
G1 X69.3402 Y-222.2655
G1 X68.9623 Y-221.6531
G1 X68.5452 Y-220.9676
G1 X68.2155 Y-220.4187
G1 X67.9282 Y-219.9345
G1 X67.5747 Y-219.3315
G1 X67.3334 Y-218.9150
G1 X67.0606 Y-218.4395
G1 X66.6933 Y-217.7910
G1 X66.3359 Y-217.1502
G1 X66.0872 Y-216.6983
G1 X65.6476 Y-215.8878
G1 X65.3478 Y-215.3257
G1 X65.0306 Y-214.7222
G1 X64.5988 Y-213.8858
G1 X64.3250 Y-213.3460
G1 X64.0309 Y-212.7575
G1 X63.6681 Y-212.0189
G1 X63.3692 Y-211.3986
G1 X63.1566 Y-210.9503
G1 X62.7766 Y-210.1352
G1 X62.7764 Y-210.1352
G1 X62.5302 Y-209.5965
G1 X62.2699 Y-209.0166
G1 X62.1022 Y-208.6379
G1 X61.8774 Y-208.1220
G1 X61.6255 Y-207.5335
G1 X61.4710 Y-207.1670
G1 X61.2894 Y-206.7296
G1 X60.9928 Y-205.9998
G1 X60.7893 Y-205.4870
G1 X60.5986 Y-204.9968
G1 X60.4017 Y-204.4799
G1 X60.2722 Y-204.1329
G1 X60.1091 Y-203.6879
G1 X59.9272 Y-203.1797
G1 X59.7271 Y-202.6039
G1 X59.5574 Y-202.1004
G1 X59.4312 Y-201.7154
G1 X59.2839 Y-201.2518
G1 X59.1670 Y-200.8713
G1 X59.0347 Y-200.4248
G1 X58.9755 Y-200.2180
G1 X58.8678 Y-199.8292
G1 X58.7830 Y-199.5081
G1 X58.6981 Y-199.1698
G1 X58.6532 Y-198.9813
G1 X58.5927 Y-198.7131
G1 X58.5440 Y-198.4786
G1 X58.5249 Y-198.3796
G1 X58.5650 Y-198.3722
G1 X58.6821 Y-198.3527
G1 X58.8185 Y-198.3331
G1 X58.9638 Y-198.3151
G1 X59.0459 Y-198.3062
G1 X59.1657 Y-198.2945
G1 X59.1657 Y-198.2942
G1 X59.2559 Y-198.2864
G1 X59.3819 Y-198.2767
G1 X59.4843 Y-198.2696
G1 X59.6105 Y-198.2620
G1 X59.7228 Y-198.2564
G1 X59.9277 Y-198.2478
G1 X60.0578 Y-198.2437
G1 X60.1815 Y-198.2406
G1 X60.3181 Y-198.2381
G1 X60.4688 Y-198.2363
G1 X60.6811 Y-198.2353
G1 X60.8995 Y-198.2363
G1 X61.1375 Y-198.2391
G1 X61.4609 Y-198.2457
G1 X61.4609 Y-198.2455
G1 X61.6928 Y-198.2523
G1 X62.0433 Y-198.2650
G1 X62.2059 Y-198.2719
G1 X62.4718 Y-198.2843
G1 X62.8297 Y-198.3034
G1 X63.2023 Y-198.3257
G1 X63.3964 Y-198.3384
G1 X63.3964 Y-198.3382
G1 X63.7761 Y-198.3643
G1 X63.7761 Y-198.3646
G1 X64.1792 Y-198.3948
G1 X64.6857 Y-198.4357
G1 X64.6857 Y-198.4355
G1 X65.1972 Y-198.4802
G1 X65.5130 Y-198.5091
G1 X66.0601 Y-198.5615
G1 X66.4934 Y-198.6049
G1 X66.7189 Y-198.6283
G1 X67.4009 Y-198.7009
G1 X67.7380 Y-198.7382
G1 X68.4461 Y-198.8190
G1 X69.0402 Y-198.8891
G1 X69.6392 Y-198.9620
G1 X70.2564 Y-199.0390
G1 X71.1228 Y-199.1500
G1 X71.1228 Y-199.1502
G1 X71.6303 Y-199.2170
G1 X71.6303 Y-199.2168
G1 X72.7771 Y-199.3712
G1 X73.8221 Y-199.5160
G1 X75.1411 Y-199.7034
G1 X76.2030 Y-199.8579
G1 X77.6900 Y-200.0781
G1 X79.0473 Y-200.2828
G1 X80.1350 Y-200.4489
G1 X80.1350 Y-200.4492
G1 X81.9137 Y-200.7243
G1 X88.8962 Y-201.8223
G1 X91.4519 Y-202.2211
G1 X92.3211 Y-202.3549
G1 X93.7725 Y-202.5754
G1 X94.9416 Y-202.7494
G1 X95.9599 Y-202.8975
G1 X96.9414 Y-203.0367
G1 X97.6790 Y-203.1383
G1 X98.1921 Y-203.2069
G1 X98.7908 Y-203.2851
G1 X99.4649 Y-203.3699
G1 X100.1111 Y-203.4471
G1 X100.6417 Y-203.5073
G1 X100.9851 Y-203.5444
G1 X101.3991 Y-203.5866
G1 X101.7212 Y-203.6176
G1 X102.0315 Y-203.6453
G1 X102.3330 Y-203.6704
G1 X102.6239 Y-203.6925
G1 X102.9033 Y-203.7113
G1 X103.1093 Y-203.7235
G1 X103.3048 Y-203.7334
G1 X103.5017 Y-203.7420
G1 X103.7501 Y-203.7499
G1 X103.9904 Y-203.7542
G1 X104.2126 Y-203.7547
G1 X104.2728 Y-203.7540
G1 X104.4385 Y-203.7507
G1 X104.5459 Y-203.7469
G1 X104.7079 Y-203.7392
G1 X104.8588 Y-203.7286
G1 X104.9683 Y-203.7187
G1 X105.1176 Y-203.7017
G1 X105.2147 Y-203.6879
G1 X105.3191 Y-203.6709
G1 X105.3782 Y-203.6600
G1 X105.3927 Y-203.6572
G1 X105.4405 Y-203.7057
G1 X105.4669 Y-203.7334
G1 X105.5134 Y-203.7834
G1 X105.5533 Y-203.8276
G1 X105.6122 Y-203.8947
G1 X105.6452 Y-203.9336
G1 X105.7054 Y-204.0057
G1 X105.7448 Y-204.0537
G1 X105.7981 Y-204.1205
G1 X105.8603 Y-204.1997
G1 X105.9050 Y-204.2579
G1 X105.9599 Y-204.3306
G1 X106.0239 Y-204.4169
G1 X106.0745 Y-204.4860
G1 X106.1352 Y-204.5706
G1 X106.1941 Y-204.6534
G1 X106.2538 Y-204.7387
G1 X106.3158 Y-204.8289
G1 X106.3795 Y-204.9226
G1 X106.4395 Y-205.0118
G1 X106.5721 Y-205.2130
G1 X106.6368 Y-205.3125
G1 X106.7026 Y-205.4151
G1 X106.8456 Y-205.6412
G1 X106.9089 Y-205.7425
G1 X106.9086 Y-205.7425
G1 X106.9815 Y-205.8606
G1 X107.1245 Y-206.0948
G1 X107.2629 Y-206.3252
G1 X107.4105 Y-206.5752
G1 X107.4844 Y-206.7016
G1 X107.6394 Y-206.9686
G1 X107.7874 Y-207.2272
G1 X107.9424 Y-207.5012
G1 X108.1001 Y-207.7829
G1 X108.2599 Y-208.0707
G1 X108.4242 Y-208.3694
G1 X108.4245 Y-208.3694
G1 X108.5030 Y-208.5132
G1 X108.5027 Y-208.5132
G1 X108.6673 Y-208.8162
G1 X108.8339 Y-209.1256
G1 X109.0044 Y-209.4438
G1 X109.2576 Y-209.9201
G1 X109.6048 Y-210.5800
G1 X110.0483 Y-211.4316
G1 X110.5032 Y-212.3128
G1 X110.5035 Y-212.3128
G1 X111.1499 Y-213.5746
G1 X112.1997 Y-215.6338
G1 X113.1796 Y-217.5523
G1 X113.5776 Y-218.3272
G1 X114.0788 Y-219.2978
G1 X114.4826 Y-220.0742
G1 X114.8880 Y-220.8479
G1 X115.0922 Y-221.2353
G1 X115.5004 Y-222.0036
G1 X115.7059 Y-222.3872
G1 X116.1156 Y-223.1459
G1 X116.3216 Y-223.5238
G1 X116.6297 Y-224.0839
G1 X116.8354 Y-224.4555
G1 X116.9396 Y-224.6417
G1 X117.2487 Y-225.1911
G1 X117.4547 Y-225.5533
G1 X117.6609 Y-225.9134
G1 X117.8664 Y-226.2683
G1 X117.9703 Y-226.4461
G1 X118.1755 Y-226.7958
G1 X118.2789 Y-226.9701
G1 X118.3830 Y-227.1448
G1 X118.5890 Y-227.4877
G1 X118.7945 Y-227.8261
G1 X119.0005 Y-228.1608
G1 X119.2055 Y-228.4900
G1 X119.3091 Y-228.6544
G1 X119.5128 Y-228.9746
G1 X119.6162 Y-229.1357
G1 X119.7193 Y-229.2942
G1 X119.9231 Y-229.6053
G1 X120.0269 Y-229.7620
G1 X120.2299 Y-230.0643
G1 X120.3320 Y-230.2139
G1 X120.4336 Y-230.3623
G1 X120.5360 Y-230.5101
G1 X120.6391 Y-230.6579
G1 X120.7399 Y-230.7999
G1 X120.8428 Y-230.9444
G1 X120.9439 Y-231.0846
G1 X121.0457 Y-231.2246
G1 X121.1476 Y-231.3630
G1 X121.2492 Y-231.4994
G1 X121.3518 Y-231.6361
G1 X121.4521 Y-231.7676
G1 X121.5547 Y-231.9010
G1 X121.6558 Y-232.0305
G1 X121.7572 Y-232.1585
G1 X121.8606 Y-232.2878
G1 X121.9614 Y-232.4120
G1 X122.0625 Y-232.5345
G1 X122.1656 Y-232.6582
G1 X122.2665 Y-232.7770
G1 X122.3683 Y-232.8954
G1 X122.4717 Y-233.0135
G1 X122.5723 Y-233.1265
G1 X122.6744 Y-233.2393
G1 X122.7762 Y-233.3501
G1 X122.8811 Y-233.4621
G1 X122.9835 Y-233.5687
G1 X123.0841 Y-233.6719
G1 X123.1895 Y-233.7780
G1 X123.2903 Y-233.8771
G1 X123.3942 Y-233.9774
G1 X123.5004 Y-234.0773
G1 X123.6050 Y-234.1733
G1 X123.7084 Y-234.2655
G1 X123.8138 Y-234.3577
G1 X123.9192 Y-234.4471
G1 X124.0272 Y-234.5362
G1 X124.1318 Y-234.6198
G1 X124.2408 Y-234.7044
G1 X124.3510 Y-234.7872
G1 X124.4570 Y-234.8636
G1 X124.5674 Y-234.9411
G1 X124.6817 Y-235.0178
G1 X124.7907 Y-235.0879
G1 X124.9037 Y-235.1575
G1 X125.0208 Y-235.2266
G1 X125.1341 Y-235.2896
G1 X125.2517 Y-235.3521
G1 X125.3703 Y-235.4115
G1 X125.4902 Y-235.4677
G1 X125.6091 Y-235.5200
G1 X125.6914 Y-235.5540
G1 X125.7358 Y-235.5715
G1 X125.8598 Y-235.6178
G1 X125.9411 Y-235.6460
G1 X125.9863 Y-235.6609
G1 X126.0673 Y-235.6863
G1 X126.1163 Y-235.7008
G1 X126.1966 Y-235.7232
G1 X126.2456 Y-235.7359
G1 X126.3256 Y-235.7554
G1 X126.3797 Y-235.7676
G1 X126.4592 Y-235.7841
G1 X126.5105 Y-235.7940
G1 X126.5895 Y-235.8078
G1 X126.6472 Y-235.8166
G1 X126.7257 Y-235.8273
G1 X126.7851 Y-235.8342
G1 X126.8631 Y-235.8418
G1 X126.9241 Y-235.8466
G1 X127.0015 Y-235.8512
G1 X127.0635 Y-235.8537
G1 X127.1405 Y-235.8553
G1 X127.1930 Y-235.8553
G1 X127.2624 Y-235.8542
G1 X127.3426 Y-235.8509
G1 X127.4110 Y-235.8466
G1 X127.4917 Y-235.8398
G1 X127.5585 Y-235.8327
G1 X127.6378 Y-235.8222
G1 X127.7069 Y-235.8118
G1 X127.7833 Y-235.7986
G1 X127.8499 Y-235.7854
G1 X127.9180 Y-235.7709
G1 X127.9926 Y-235.7534
G1 X128.0599 Y-235.7361
G1 X128.1333 Y-235.7158
G1 X128.1971 Y-235.6965
G1 X128.2634 Y-235.6757
G1 X128.3294 Y-235.6536
G1 X128.3970 Y-235.6297
G1 X128.4778 Y-235.5992
G1 X128.5954 Y-235.5515
G1 X128.6594 Y-235.5238
G1 X128.7193 Y-235.4969
G1 X128.7894 Y-235.4638
G1 X128.8486 Y-235.4349
G1 X128.9073 Y-235.4052
G1 X128.9693 Y-235.3729
G1 X129.0310 Y-235.3399
G1 X129.0991 Y-235.3018
G1 X129.2126 Y-235.2355
G1 X129.2690 Y-235.2012
G1 X129.3292 Y-235.1636
G1 X129.3886 Y-235.1255
G1 X129.4531 Y-235.0828
G1 X129.5585 Y-235.0110
G1 X129.6251 Y-234.9640
G1 X129.7356 Y-234.8832
G1 X129.8489 Y-234.7968
G1 X129.9596 Y-234.7092
G1 X130.0635 Y-234.6239
G1 X130.1196 Y-234.5764
G1 X130.1768 Y-234.5276
G1 X130.2855 Y-234.4321
G1 X130.3901 Y-234.3374
G1 X130.4475 Y-234.2840
G1 X130.5550 Y-234.1819
G1 X130.6604 Y-234.0788
G1 X130.7640 Y-233.9751
G1 X130.8189 Y-233.9190
G1 X130.9238 Y-233.8098
G1 X131.0302 Y-233.6968
G1 X131.1346 Y-233.5827
G1 X131.2405 Y-233.4646
G1 X131.3424 Y-233.3483
G1 X131.4493 Y-233.2243
G1 X131.5504 Y-233.1039
G1 X131.6037 Y-233.0399
G1 X131.7081 Y-232.9124
G1 X131.8110 Y-232.7846
G1 X131.8641 Y-232.7176
G1 X131.9700 Y-232.5822
G1 X132.1244 Y-232.3810
G1 X132.2281 Y-232.2431
G1 X132.3315 Y-232.1034
G1 X132.4353 Y-231.9612
G1 X132.5423 Y-231.8123
G1 X132.7480 Y-231.5202
G1 X132.8514 Y-231.3701
G1 X132.9581 Y-231.2134
G1 X133.1653 Y-230.9035
G1 X133.3218 Y-230.6643
G1 X133.4785 Y-230.4204
G1 X133.6340 Y-230.1743
G1 X133.7394 Y-230.0054
G1 X133.8440 Y-229.8357
G1 X134.0025 Y-229.5759
G1 X134.2128 Y-229.2248
G1 X134.4219 Y-228.8690
G1 X134.5796 Y-228.5962
G1 X134.7376 Y-228.3198
G1 X134.8966 Y-228.0374
G1 X135.1067 Y-227.6597
G1 X135.2659 Y-227.3689
G1 X135.4770 Y-226.9787
G1 X135.6357 Y-226.6813
G1 X135.8473 Y-226.2800
G1 X136.0589 Y-225.8733
G1 X136.2187 Y-225.5624
G1 X136.4828 Y-225.0415
G1 X136.6947 Y-224.6178
G1 X136.9593 Y-224.0818
G1 X137.2235 Y-223.5388
G1 X137.4351 Y-223.0981
G1 X137.7516 Y-222.4308
G1 X138.0145 Y-221.8680
G1 X138.2763 Y-221.3003
G1 X138.4338 Y-220.9556
G1 X138.6431 Y-220.4941
G1 X138.8516 Y-220.0298
G1 X139.0081 Y-219.6788
G1 X139.2677 Y-219.0913
G1 X139.5260 Y-218.5005
G1 X139.7323 Y-218.0239
G1 X140.0904 Y-217.1880
G1 X140.3441 Y-216.5886
G1 X140.4960 Y-216.2266
G1 X140.6982 Y-215.7428
G1 X140.9489 Y-215.1372
G1 X141.2476 Y-214.4088
G1 X141.6408 Y-213.4380
G1 X141.9324 Y-212.7095
G1 X142.1737 Y-212.1019
G1 X142.5064 Y-211.2551
G1 X142.6954 Y-210.7700
G1 X143.0670 Y-209.8078
G1 X143.3416 Y-209.0890
G1 X143.6571 Y-208.2559
G1 X144.0531 Y-207.1972
G1 X144.2263 Y-206.7296
G1 X144.5242 Y-205.9193
G1 X144.8562 Y-205.0070
G1 X145.1399 Y-204.2190
G1 X145.5318 Y-203.1180
G1 X145.8344 Y-202.2569
G1 X146.1973 Y-201.2102
G1 X146.4754 Y-200.3979
G1 X146.7096 Y-199.7060
G1 X146.9662 Y-198.9389
G1 X147.2400 Y-198.1096
G1 X147.4696 Y-197.4030
G1 X147.6601 Y-196.8096
G1 X147.8407 Y-196.2386
G1 X148.0790 Y-195.4713
G1 X148.2537 Y-194.8960
G1 X148.3949 Y-194.4215
G1 X148.5417 Y-193.9163
G1 X148.6571 Y-193.5074
G1 X148.7178 Y-193.2871
G1 X148.7752 Y-193.0738
G1 X148.8412 Y-192.8226
G1 X148.9111 Y-192.5452
G1 X148.9423 Y-192.4157
G1 X149.0812 Y-192.3847
G1 X149.2402 Y-192.3517
G1 X149.3647 Y-192.3275
G1 X149.5049 Y-192.3016
G1 X149.7683 Y-192.2564
G1 X149.9786 Y-192.2229
G1 X150.2192 Y-192.1866
G1 X150.5321 Y-192.1424
G1 X150.8661 Y-192.0979
G1 X151.2049 Y-192.0557
G1 X151.5869 Y-192.0110
G1 X151.5869 Y-192.0108
G1 X152.0495 Y-191.9600
G1 X152.3784 Y-191.9257
G1 X152.8077 Y-191.8830
G1 X153.0728 Y-191.8579
G1 X153.6324 Y-191.8066
G1 X154.0083 Y-191.7736
G1 X154.0083 Y-191.7738
G1 X154.3058 Y-191.7487
G1 X155.1130 Y-191.6836
G1 X156.2014 Y-191.6024
G1 X156.9946 Y-191.5470
G1 X157.4615 Y-191.5157
G1 X158.5491 Y-191.4461
G1 X158.5491 Y-191.4464
G1 X159.1765 Y-191.4086
G1 X160.6189 Y-191.3255
G1 X161.5638 Y-191.2744
G1 X162.9768 Y-191.2021
G1 X165.1942 Y-191.0966
G1 X167.6850 Y-190.9884
G1 X170.4797 Y-190.8777
G1 X173.7662 Y-190.7591
G1 X176.4774 Y-190.6692
G1 X179.2783 Y-190.5825
G1 X182.9473 Y-190.4776
G1 X182.9473 Y-190.4779
G1 X186.9557 Y-190.3730
G1 X190.0431 Y-190.2981
G1 X194.4746 Y-190.1982
G1 X194.4746 Y-190.1985
G1 X198.3682 Y-190.1177
G1 X203.2229 Y-190.0248
G1 X207.0367 Y-189.9572
G1 X211.8106 Y-189.8787
G1 X216.6379 Y-189.8056
G1 X222.1995 Y-189.7283
G1 X227.5505 Y-189.6605
G1 X227.5505 Y-189.6608
G1 X233.1390 Y-189.5963
G1 X237.7780 Y-189.5472
G1 X243.9914 Y-189.4876
G1 X249.4407 Y-189.4406
G1 X256.3365 Y-189.3880
G1 X261.7478 Y-189.3519
G1 X268.4320 Y-189.3136
G1 X275.5605 Y-189.2803
G1 X281.3075 Y-189.2595
G1 X288.2590 Y-189.2422
G1 X294.2206 Y-189.2356
G1 X300.7848 Y-189.2409
G1 X305.5264 Y-189.2612
G1 X306.4022 Y-189.2689
G1 X307.4876 Y-189.2846
G1 X307.5170 Y-189.3225
G1 X307.5353 Y-189.3466
G1 X307.5948 Y-189.4263
G1 X307.6669 Y-189.5264
G1 X307.7020 Y-189.5765
G1 X307.7487 Y-189.6443
G1 X307.8046 Y-189.7268
G1 X307.8048 Y-189.7268
G1 X307.8724 Y-189.8284
G1 X307.9816 Y-189.9971
G1 X308.0367 Y-190.0842
G1 X308.1292 Y-190.2323
G1 X308.1294 Y-190.2323
G1 X308.2420 Y-190.4159
G1 X308.3342 Y-190.5693
G1 X308.4337 Y-190.7375
G1 X308.5582 Y-190.9503
G1 X308.7629 Y-191.3080
G1 X308.7627 Y-191.3080
G1 X308.9402 Y-191.6240
G1 X309.0857 Y-191.8866
G1 X309.2724 Y-192.2280
G1 X309.5899 Y-192.8175
G1 X309.7466 Y-193.1119
G1 X309.9946 Y-193.5828
G1 X310.2963 Y-194.1619
G1 X310.6463 Y-194.8404
G1 X310.6461 Y-194.8404
G1 X311.0598 Y-195.6509
G1 X311.5810 Y-196.6811
G1 X312.2701 Y-198.0547
G1 X315.0679 Y-203.6750
G1 X315.9851 Y-205.5078
G1 X316.8035 Y-207.1307
G1 X317.3959 Y-208.2955
G1 X317.8139 Y-209.1124
G1 X318.3545 Y-210.1611
G1 X318.9582 Y-211.3209
G1 X319.4426 Y-212.2416
G1 X319.7464 Y-212.8149
G1 X319.9900 Y-213.2714
G1 X320.3555 Y-213.9513
G1 X320.7200 Y-214.6239
G1 X320.9036 Y-214.9599
G1 X321.2079 Y-215.5134
G1 X321.5122 Y-216.0623
G1 X321.8165 Y-216.6054
G1 X322.0593 Y-217.0349
G1 X322.3623 Y-217.5667
G1 X322.6049 Y-217.9879
G1 X322.9064 Y-218.5063
G1 X323.1482 Y-218.9173
G1 X323.4479 Y-219.4212
G1 X323.5681 Y-219.6208
G1 X323.8071 Y-220.0161
G1 X323.9874 Y-220.3110
G1 X324.2848 Y-220.7915
G1 X324.5221 Y-221.1692
G1 X324.7586 Y-221.5408
G1 X324.9933 Y-221.9051
G1 X325.1119 Y-222.0867
G1 X325.3463 Y-222.4423
G1 X325.5790 Y-222.7895
G1 X325.7522 Y-223.0445
G1 X325.8696 Y-223.2155
G1 X326.0438 Y-223.4662
G1 X326.2737 Y-223.7918
G1 X326.4454 Y-224.0308
G1 X326.5599 Y-224.1883
G1 X326.6747 Y-224.3442
G1 X326.8459 Y-224.5744
G1 X327.0159 Y-224.7986
G1 X327.1281 Y-224.9444
G1 X327.2429 Y-225.0923
G1 X327.3547 Y-225.2337
G1 X327.4682 Y-225.3757
G1 X327.5802 Y-225.5139
G1 X327.6945 Y-225.6533
G1 X327.8617 Y-225.8535
G1 X327.9729 Y-225.9838
G1 X328.0849 Y-226.1133
G1 X328.1967 Y-226.2403
G1 X328.3082 Y-226.3653
G1 X328.4197 Y-226.4877
G1 X328.5322 Y-226.6091
G1 X328.6422 Y-226.7255
G1 X328.7545 Y-226.8421
G1 X328.8668 Y-226.9564
G1 X328.9778 Y-227.0666
G1 X329.0885 Y-227.1743
G1 X329.1990 Y-227.2795
G1 X329.2564 Y-227.3330
G1 X329.3704 Y-227.4377
G1 X329.4794 Y-227.5345
G1 X329.5371 Y-227.5850
G1 X329.6503 Y-227.6818
G1 X329.7654 Y-227.7775
G1 X329.8756 Y-227.8662
G1 X329.9374 Y-227.9145
G1 X330.0499 Y-228.0001
G1 X330.1665 Y-228.0864
G1 X330.2848 Y-228.1702
G1 X330.3989 Y-228.2474
G1 X330.5165 Y-228.3244
G1 X330.5785 Y-228.3630
G1 X330.6912 Y-228.4316
G1 X330.7532 Y-228.4677
G1 X330.8121 Y-228.5012
G1 X330.8840 Y-228.5406
G1 X331.0006 Y-228.6020
G1 X331.0608 Y-228.6320
G1 X331.1317 Y-228.6663
G1 X331.2536 Y-228.7224
G1 X331.3153 Y-228.7491
G1 X331.3803 Y-228.7763
G1 X331.4428 Y-228.8012
G1 X331.5134 Y-228.8281
G1 X331.5767 Y-228.8510
G1 X331.6486 Y-228.8756
G1 X331.7154 Y-228.8969
G1 X331.7801 Y-228.9165
G1 X331.8449 Y-228.9353
G1 X331.9193 Y-228.9551
G1 X331.9600 Y-228.9653
G1 X332.0037 Y-228.9757
G1 X332.0844 Y-228.9934
G1 X332.1479 Y-229.0061
G1 X332.2279 Y-229.0204
G1 X332.2940 Y-229.0305
G1 X332.3732 Y-229.0412
G1 X332.4220 Y-229.0470
G1 X332.5010 Y-229.0547
G1 X332.5703 Y-229.0597
G1 X332.6503 Y-229.0641
G1 X332.7202 Y-229.0658
G1 X332.7588 Y-229.0663
G1 X332.8114 Y-229.0663
G1 X332.8878 Y-229.0648
G1 X332.9452 Y-229.0625
G1 X333.0219 Y-229.0582
G1 X333.0903 Y-229.0529
G1 X333.1667 Y-229.0453
G1 X333.2190 Y-229.0392
G1 X333.2952 Y-229.0290
G1 X333.3565 Y-229.0196
G1 X333.4327 Y-229.0064
G1 X333.4929 Y-228.9947
G1 X333.5691 Y-228.9785
G1 X333.6242 Y-228.9658
G1 X333.7001 Y-228.9467
G1 X333.7527 Y-228.9325
G1 X333.8286 Y-228.9106
G1 X333.8810 Y-228.8946
G1 X333.9567 Y-228.8700
G1 X334.0064 Y-228.8530
G1 X334.0821 Y-228.8256
G1 X334.1273 Y-228.8083
G1 X334.2028 Y-228.7783
G1 X334.2531 Y-228.7575
G1 X334.3285 Y-228.7245
G1 X334.3707 Y-228.7052
G1 X334.4459 Y-228.6696
G1 X334.4885 Y-228.6485
G1 X334.5637 Y-228.6102
G1 X334.6046 Y-228.5888
G1 X334.7171 Y-228.5263
G1 X334.8281 Y-228.4611
G1 X334.9384 Y-228.3922
G1 X335.0407 Y-228.3244
G1 X335.1500 Y-228.2487
G1 X335.2523 Y-228.1738
G1 X335.3529 Y-228.0968
G1 X335.4550 Y-228.0153
G1 X335.5528 Y-227.9335
G1 X335.6475 Y-227.8512
G1 X335.7476 Y-227.7610
G1 X335.8398 Y-227.6742
G1 X335.9310 Y-227.5853
G1 X336.0275 Y-227.4885
G1 X336.1131 Y-227.3993
G1 X336.2056 Y-227.3003
G1 X336.2930 Y-227.2035
G1 X336.3821 Y-227.1019
G1 X336.4664 Y-227.0031
G1 X336.5556 Y-226.8959
G1 X336.6371 Y-226.7948
G1 X336.7248 Y-226.6841
G1 X336.8063 Y-226.5774
G1 X336.8901 Y-226.4656
G1 X336.9724 Y-226.3536
G1 X337.0529 Y-226.2411
G1 X337.1347 Y-226.1245
G1 X337.2142 Y-226.0084
G1 X337.2950 Y-225.8883
G1 X337.3737 Y-225.7684
G1 X337.4535 Y-225.6447
G1 X337.5320 Y-225.5205
G1 X337.6084 Y-225.3971
G1 X337.6869 Y-225.2683
G1 X337.7636 Y-225.1400
G1 X337.8388 Y-225.0122
G1 X337.9163 Y-224.8786
G1 X337.9925 Y-224.7443
G1 X338.0671 Y-224.6107
G1 X338.1423 Y-224.4743
G1 X338.2183 Y-224.3343
G1 X338.2914 Y-224.1967
G1 X338.3643 Y-224.0577
G1 X338.4395 Y-223.9132
G1 X338.5127 Y-223.7699
G1 X338.5853 Y-223.6254
G1 X338.6585 Y-223.4781
G1 X338.7308 Y-223.3308
G1 X338.8030 Y-223.1814
G1 X338.8749 Y-223.0310
G1 X338.9467 Y-222.8789
G1 X339.0186 Y-222.7245
G1 X339.0892 Y-222.5708
G1 X339.1593 Y-222.4166
G1 X339.2317 Y-222.2563
G1 X339.3011 Y-222.0996
G1 X339.3709 Y-221.9406
G1 X339.4410 Y-221.7798
G1 X339.5121 Y-221.6145
G1 X339.6506 Y-221.2873
G1 X339.7875 Y-220.9576
G1 X339.8571 Y-220.7877
G1 X339.9932 Y-220.4496
G1 X340.1281 Y-220.1093
G1 X340.1964 Y-219.9340
G1 X340.3305 Y-219.5863
G1 X340.4634 Y-219.2355
G1 X340.5304 Y-219.0562
G1 X340.6625 Y-218.6996
G1 X340.7943 Y-218.3384
G1 X340.9251 Y-217.9739
G1 X341.0549 Y-217.6074
G1 X341.1837 Y-217.2386
G1 X341.3125 Y-216.8657
G1 X341.4400 Y-216.4908
G1 X341.5665 Y-216.1144
G1 X341.6927 Y-215.7349
G1 X341.8182 Y-215.3536
G1 X341.9424 Y-214.9716
G1 X342.0666 Y-214.5861
G1 X342.2505 Y-214.0077
G1 X342.3730 Y-213.6186
G1 X342.6137 Y-212.8429
G1 X342.7336 Y-212.4519
G1 X342.9706 Y-211.6722
G1 X343.0875 Y-211.2818
G1 X343.2625 Y-210.6953
G1 X343.5492 Y-209.7227
G1 X343.7755 Y-208.9470
G1 X344.2178 Y-207.4149
G1 X345.4179 Y-203.2229
G1 X345.6135 Y-202.5475
G1 X345.7593 Y-202.0486
G1 X345.9023 Y-201.5625
G1 X346.0907 Y-200.9292
G1 X346.1827 Y-200.6237
G1 X346.1830 Y-200.6237
G1 X346.3679 Y-200.0179
G1 X346.5002 Y-199.5922
G1 X346.5878 Y-199.3143
G1 X346.7191 Y-198.9046
G1 X346.8035 Y-198.6450
G1 X346.9310 Y-198.2612
G1 X346.9335 Y-198.2539
G1 X346.9711 Y-198.1429
G1 X347.0986 Y-197.7725
G1 X347.1746 Y-197.5571
G1 X347.2576 Y-197.3270
G1 X347.3308 Y-197.1286
G1 X347.4121 Y-196.9143
G1 X347.4809 Y-196.7367
G1 X347.5556 Y-196.5508
G1 X347.5558 Y-196.5508
G1 X347.5952 Y-196.4550
G1 X347.6277 Y-196.3771
G1 X347.6666 Y-196.2854
G1 X347.7362 Y-196.1266
G1 X347.7633 Y-196.0662
G1 X347.7941 Y-195.9991
G1 X347.8261 Y-195.9310
G1 X347.8583 Y-195.8642
G1 X347.8957 Y-195.7883
G1 X347.9241 Y-195.7324
G1 X347.9457 Y-195.6905
G1 X347.9823 Y-195.6219
G1 X347.9996 Y-195.5907
G1 X348.0318 Y-195.5338
G1 X348.0577 Y-195.4898
G1 X348.0625 Y-195.4820
G1 X348.2129 Y-195.4525
G1 X348.5490 Y-195.3900
G1 X349.0300 Y-195.3047
G1 X349.6798 Y-195.1939
G1 X350.8202 Y-195.0062
G1 X351.7971 Y-194.8495
G1 X353.3709 Y-194.6021
G1 X355.0300 Y-194.3456
G1 X357.7897 Y-193.9252
G1 X360.8354 Y-193.4675
G1 X360.8354 Y-193.4672
G1 X366.2233 Y-192.6676
G1 X366.2233 Y-192.6679
G1 X370.4577 Y-192.0458
G1 X377.7310 Y-190.9862
G1 X383.8931 Y-190.0949
G1 X396.8996 Y-188.2308
G1 X396.2824 Y-189.8284
G1 X395.8280 Y-190.9750
G1 X395.4219 Y-191.9775
G1 X395.0447 Y-192.8899
G1 X394.5809 Y-193.9884
G1 X394.2926 Y-194.6582
G1 X393.9365 Y-195.4736
G1 X393.6007 Y-196.2295
G1 X393.1994 Y-197.1180
G1 X392.8806 Y-197.8129
G1 X392.5697 Y-198.4812
G1 X392.2227 Y-199.2163
G1 X391.9156 Y-199.8584
G1 X391.5174 Y-200.6793
G1 X391.2169 Y-201.2899
G1 X390.7300 Y-202.2650
G1 X390.7302 Y-202.2650
G1 X390.5893 Y-202.5434
G1 X390.2027 Y-203.3011
G1 X389.8039 Y-204.0715
; Rapid to initial position
G1 X389.8039 Y-204.0715 F2540
G1 Z-12.7000
; plunge
G1 Z-15.2400 F127
; cut
G1 X389.6797 Y-204.3090 F1016
G1 X389.3627 Y-204.9112
G1 X389.0709 Y-205.4591
G1 X388.7028 Y-206.1431
G1 X388.1966 Y-207.0702
G1 X387.7038 Y-207.9577
G1 X387.3807 Y-208.5320
G1 X386.8644 Y-209.4380
G1 X386.4097 Y-210.2239
G1 X386.0239 Y-210.8825
G1 X385.4676 Y-211.8187
G1 X385.1849 Y-212.2886
G1 X384.8565 Y-212.8299
G1 X384.5197 Y-213.3798
G1 X384.2695 Y-213.7849
G1 X384.0569 Y-214.1266
G1 X383.6241 Y-214.8167
G1 X383.2235 Y-215.4481
G1 X382.8245 Y-216.0707
G1 X382.8242 Y-216.0707
G1 X382.5029 Y-216.5670
G1 X382.5032 Y-216.5673
G1 X382.1382 Y-217.1256
G1 X381.7605 Y-217.6981
G1 X381.2898 Y-218.4042
G1 X380.9037 Y-218.9767
G1 X380.5126 Y-219.5515
G1 X380.1158 Y-220.1288
G1 X379.7651 Y-220.6343
G1 X379.2029 Y-221.4357
G1 X378.8367 Y-221.9521
G1 X378.3162 Y-222.6782
G1 X377.7275 Y-223.4890
G1 X377.2926 Y-224.0806
G1 X376.9639 Y-224.5238
G1 X376.4069 Y-225.2675
G1 X376.0114 Y-225.7900
G1 X375.7267 Y-226.1631
G1 X375.3823 Y-226.6117
G1 X375.0348 Y-227.0605
G1 X374.5652 Y-227.6617
G1 X374.1504 Y-228.1880
G1 X373.7303 Y-228.7158
G1 X373.2441 Y-229.3211
G1 X372.9383 Y-229.6988
G1 X372.5677 Y-230.1530
G1 X372.1316 Y-230.6831
G1 X371.5629 Y-231.3668
G1 X370.9866 Y-232.0516
G1 X370.4026 Y-232.7374
G1 X369.8098 Y-233.4255
G1 X369.3437 Y-233.9609
G1 X369.0084 Y-234.3427
G1 X368.6020 Y-234.8022
G1 X368.2576 Y-235.1888
G1 X367.8494 Y-235.6437
G1 X367.3635 Y-236.1804
G1 X366.9391 Y-236.6449
G1 X366.4488 Y-237.1771
G1 X365.9441 Y-237.7196
G1 X365.2987 Y-238.4057
G1 X365.0071 Y-238.7128
G1 X364.7112 Y-239.0229
G1 X364.1976 Y-239.5571
G1 X363.9005 Y-239.8639
G1 X363.6015 Y-240.1707
G1 X363.2269 Y-240.5527
G1 X362.6134 Y-241.1725
G1 X362.6137 Y-241.1725
G1 X362.0818 Y-241.7044
G1 X362.0818 Y-241.7041
G1 X361.6180 Y-242.1639
G1 X361.1453 Y-242.6282
G1 X360.7575 Y-243.0064
G1 X360.2825 Y-243.4659
G1 X359.8045 Y-243.9243
G1 X359.2355 Y-244.4648
G1 X358.6726 Y-244.9944
G1 X358.1811 Y-245.4526
G1 X358.1809 Y-245.4524
G1 X357.7674 Y-245.8347
G1 X357.6000 Y-245.9886
G1 X357.6000 Y-245.9888
G1 X357.1827 Y-246.3706
G1 X356.8520 Y-246.6711
G1 X356.4313 Y-247.0508
G1 X356.0034 Y-247.4344
G1 X356.0036 Y-247.4346
G1 X355.6660 Y-247.7348
G1 X355.4095 Y-247.9619
G1 X354.9807 Y-248.3394
G1 X354.3729 Y-248.8697
G1 X353.9373 Y-249.2464
G1 X353.2322 Y-249.8504
G1 X352.6993 Y-250.3018
G1 X352.0661 Y-250.8331
G1 X351.5302 Y-251.2781
G1 X350.9790 Y-251.7320
G1 X350.6186 Y-252.0264
G1 X350.0605 Y-252.4788
G1 X349.5096 Y-252.9210
G1 X348.9490 Y-253.3668
G1 X348.3785 Y-253.8164
G1 X348.0062 Y-254.1074
G1 X347.3384 Y-254.6251
G1 X346.7613 Y-255.0678
G1 X346.2782 Y-255.4351
G1 X345.8886 Y-255.7290
G1 X345.4941 Y-256.0249
G1 X344.8045 Y-256.5377
G1 X344.3155 Y-256.8976
G1 X343.7176 Y-257.3340
G1 X343.3166 Y-257.6238
G1 X342.7057 Y-258.0625
G1 X342.3016 Y-258.3503
G1 X341.8982 Y-258.6355
G1 X341.8982 Y-258.6352
G1 X341.3811 Y-258.9982
G1 X340.8718 Y-259.3525
G1 X340.2493 Y-259.7818
G1 X339.7225 Y-260.1417
G1 X339.1979 Y-260.4971
G1 X338.5696 Y-260.9187
G1 X338.1444 Y-261.2014
G1 X337.6110 Y-261.5537
G1 X337.1776 Y-261.8374
G1 X336.6430 Y-262.1852
G1 X336.6430 Y-262.1849
G1 X336.2051 Y-262.4671
G1 X336.2051 Y-262.4673
G1 X335.6658 Y-262.8123
G1 X335.0080 Y-263.2291
G1 X334.4512 Y-263.5783
G1 X333.6788 Y-264.0579
G1 X333.6788 Y-264.0576
G1 X333.2330 Y-264.3317
G1 X332.6717 Y-264.6738
G1 X332.1020 Y-265.0180
G1 X332.1022 Y-265.0183
G1 X331.5401 Y-265.3546
G1 X330.9699 Y-265.6929
G1 X330.3968 Y-266.0297
G1 X329.6978 Y-266.4363
G1 X329.2394 Y-266.7005
G1 X328.7735 Y-266.9670
G1 X328.1878 Y-267.2992
G1 X327.7174 Y-267.5636
G1 X327.1271 Y-267.8928
G1 X326.4065 Y-268.2903
G1 X326.0537 Y-268.4833
G1 X325.5744 Y-268.7437
G1 X324.9661 Y-269.0713
G1 X324.3603 Y-269.3944
G1 X323.8787 Y-269.6492
G1 X323.8787 Y-269.6489
G1 X323.3849 Y-269.9078
G1 X323.3849 Y-269.9080
G1 X322.6524 Y-270.2885
G1 X322.1584 Y-270.5423
G1 X321.5376 Y-270.8585
G1 X320.9079 Y-271.1760
G1 X320.2849 Y-271.4871
G1 X320.0347 Y-271.6111
G1 X319.3971 Y-271.9248
G1 X319.0225 Y-272.1077
G1 X319.0225 Y-272.1074
G1 X318.2508 Y-272.4805
G1 X317.8729 Y-272.6616
G1 X317.3590 Y-272.9057
G1 X316.7075 Y-273.2126
G1 X316.0654 Y-273.5118
G1 X315.2816 Y-273.8725
G1 X314.6252 Y-274.1709
G1 X313.9597 Y-274.4704
G1 X313.9597 Y-274.4706
G1 X313.5673 Y-274.6456
G1 X313.5673 Y-274.6454
G1 X313.1652 Y-274.8234
G1 X313.1652 Y-274.8237
G1 X312.7705 Y-274.9974
G1 X312.7705 Y-274.9972
G1 X311.9603 Y-275.3502
G1 X311.4281 Y-275.5796
G1 X310.8881 Y-275.8100
G1 X310.2038 Y-276.0993
G1 X309.9341 Y-276.2123
G1 X309.2547 Y-276.4947
G1 X308.5620 Y-276.7795
G1 X307.7400 Y-277.1132
G1 X307.7400 Y-277.1130
G1 X306.9059 Y-277.4467
G1 X306.3428 Y-277.6692
G1 X305.5059 Y-277.9961
G1 X304.9430 Y-278.2133
G1 X304.2290 Y-278.4856
G1 X303.6654 Y-278.6985
G1 X303.0936 Y-278.9121
G1 X302.6603 Y-279.0726
G1 X302.2331 Y-279.2296
G1 X301.7972 Y-279.3886
G1 X301.3674 Y-279.5443
G1 X300.9290 Y-279.7018
G1 X300.4980 Y-279.8554
G1 X299.7675 Y-280.1132
G1 X299.7675 Y-280.1130
G1 X299.1767 Y-280.3190
G1 X298.5882 Y-280.5222
G1 X298.0030 Y-280.7218
G1 X297.2554 Y-280.9740
G1 X296.5153 Y-281.2204
G1 X296.2168 Y-281.3187
G1 X295.7673 Y-281.4658
G1 X295.1673 Y-281.6603
G1 X294.2610 Y-281.9502
G1 X294.2610 Y-281.9499
G1 X293.3421 Y-282.2387
G1 X292.7327 Y-282.4277
G1 X292.1246 Y-282.6139
G1 X291.5097 Y-282.8000
G1 X290.8917 Y-282.9850
G1 X290.4266 Y-283.1226
G1 X289.9611 Y-283.2593
G1 X289.4901 Y-283.3962
G1 X289.4901 Y-283.3964
G1 X289.0261 Y-283.5300
G1 X288.3997 Y-283.7086
G1 X287.6067 Y-283.9316
G1 X287.6067 Y-283.9319
G1 X287.1389 Y-284.0617
G1 X286.3466 Y-284.2791
G1 X285.5506 Y-284.4940
G1 X284.7444 Y-284.7081
G1 X283.7851 Y-284.9585
G1 X283.1341 Y-285.1257
G1 X283.1341 Y-285.1259
G1 X282.6525 Y-285.2478
G1 X282.0012 Y-285.4112
G1 X281.6758 Y-285.4919
G1 X281.3467 Y-285.5730
G1 X280.8592 Y-285.6923
G1 X280.8592 Y-285.6921
G1 X280.2026 Y-285.8506
G1 X279.3723 Y-286.0479
G1 X278.7109 Y-286.2026
G1 X277.7185 Y-286.4307
G1 X276.8831 Y-286.6187
G1 X276.0378 Y-286.8054
G1 X276.0378 Y-286.8056
G1 X275.3683 Y-286.9509
G1 X274.8575 Y-287.0604
G1 X274.3543 Y-287.1671
G1 X274.3543 Y-287.1668
G1 X273.3258 Y-287.3809
G1 X272.9903 Y-287.4498
G1 X272.9903 Y-287.4495
G1 X272.3053 Y-287.5882
G1 X271.6129 Y-287.7261
G1 X271.6129 Y-287.7264
G1 X270.5824 Y-287.9273
G1 X269.8887 Y-288.0596
G1 X269.1930 Y-288.1902
G1 X268.3190 Y-288.3512
G1 X267.6182 Y-288.4777
G1 X266.7317 Y-288.6344
G1 X266.0305 Y-288.7561
G1 X265.1427 Y-288.9067
G1 X264.4297 Y-289.0251
G1 X263.7099 Y-289.1424
G1 X262.8120 Y-289.2857
G1 X262.0968 Y-289.3972
G1 X261.3736 Y-289.5077
G1 X260.6477 Y-289.6161
G1 X259.9195 Y-289.7228
G1 X259.1892 Y-289.8275
G1 X258.2664 Y-289.9565
G1 X258.2664 Y-289.9567
G1 X257.7186 Y-290.0314
G1 X257.3475 Y-290.0815
G1 X256.9809 Y-290.1305
G1 X256.9809 Y-290.1302
G1 X256.4219 Y-290.2036
G1 X255.6792 Y-290.2991
G1 X254.9383 Y-290.3924
G1 X254.9383 Y-290.3921
G1 X254.1857 Y-290.4843
G1 X254.1857 Y-290.4846
G1 X253.2522 Y-290.5956
G1 X253.2522 Y-290.5953
G1 X252.4940 Y-290.6829
G1 X252.4940 Y-290.6832
G1 X251.9317 Y-290.7467
G1 X251.3640 Y-290.8094
G1 X250.6043 Y-290.8915
G1 X249.8415 Y-290.9715
G1 X249.0719 Y-291.0500
G1 X249.0719 Y-291.0502
G1 X248.5012 Y-291.1069
G1 X248.5012 Y-291.1066
G1 X247.7323 Y-291.1810
G1 X246.7610 Y-291.2717
G1 X246.7610 Y-291.2720
G1 X246.3785 Y-291.3065
G1 X245.7968 Y-291.3583
G1 X245.7968 Y-291.3581
G1 X245.0137 Y-291.4256
G1 X244.4288 Y-291.4747
G1 X243.8458 Y-291.5222
G1 X243.8458 Y-291.5219
G1 X243.0562 Y-291.5841
G1 X242.2682 Y-291.6441
G1 X241.8778 Y-291.6728
G1 X241.2845 Y-291.7154
G1 X240.6863 Y-291.7571
G1 X239.8903 Y-291.8104
G1 X239.0920 Y-291.8617
G1 X238.2957 Y-291.9105
G1 X237.6942 Y-291.9458
G1 X236.8890 Y-291.9910
G1 X236.0808 Y-292.0340
G1 X235.2703 Y-292.0749
G1 X234.4567 Y-292.1135
G1 X233.8418 Y-292.1411
G1 X233.8418 Y-292.1414
G1 X233.2327 Y-292.1673
G1 X232.4130 Y-292.2003
G1 X231.5860 Y-292.2313
G1 X231.5860 Y-292.2316
G1 X230.7648 Y-292.2598
G1 X230.1410 Y-292.2798
G1 X230.1410 Y-292.2801
G1 X229.3148 Y-292.3045
G1 X229.3148 Y-292.3042
G1 X228.6874 Y-292.3212
G1 X227.6505 Y-292.3466
G1 X226.6081 Y-292.3687
G1 X225.9889 Y-292.3802
G1 X225.1634 Y-292.3936
G1 X224.3455 Y-292.4048
G1 X224.3455 Y-292.4045
G1 X223.5215 Y-292.4134
G1 X222.7044 Y-292.4200
G1 X221.8896 Y-292.4246
G1 X221.0778 Y-292.4269
G1 X220.4743 Y-292.4272
G1 X219.6676 Y-292.4256
G1 X218.8627 Y-292.4218
G1 X218.0600 Y-292.4160
G1 X217.4601 Y-292.4101
G1 X216.8583 Y-292.4030
G1 X216.8583 Y-292.4033
G1 X215.8677 Y-292.3888
G1 X215.0745 Y-292.3748
G1 X214.4786 Y-292.3629
G1 X214.4786 Y-292.3631
G1 X213.6943 Y-292.3454
G1 X212.9081 Y-292.3256
G1 X212.3173 Y-292.3093
G1 X211.3453 Y-292.2801
G1 X211.3453 Y-292.2798
G1 X210.5627 Y-292.2537
G1 X210.1789 Y-292.2400
G1 X209.4004 Y-292.2107
G1 X208.8223 Y-292.1876
G1 X207.8591 Y-292.1465
G1 X207.2891 Y-292.1206
G1 X207.2891 Y-292.1203
G1 X206.5200 Y-292.0832
G1 X205.5668 Y-292.0345
G1 X205.1891 Y-292.0141
G1 X204.6196 Y-291.9827
G1 X203.8683 Y-291.9390
G1 X202.9259 Y-291.8813
G1 X202.3595 Y-291.8450
G1 X201.6158 Y-291.7955
G1 X200.6821 Y-291.7302
G1 X200.1253 Y-291.6898
G1 X199.5658 Y-291.6479
G1 X199.0113 Y-291.6052
G1 X199.0113 Y-291.6055
G1 X198.4621 Y-291.5618
G1 X197.5424 Y-291.4866
G1 X197.5424 Y-291.4863
G1 X196.9897 Y-291.4393
G1 X196.0761 Y-291.3591
G1 X196.0761 Y-291.3593
G1 X195.5361 Y-291.3103
G1 X195.5361 Y-291.3101
G1 X194.6237 Y-291.2245
G1 X193.7258 Y-291.1371
G1 X193.0019 Y-291.0642
G1 X192.4672 Y-291.0091
G1 X192.1096 Y-290.9715
G1 X191.7525 Y-290.9334
G1 X191.3936 Y-290.8945
G1 X191.3936 Y-290.8948
G1 X190.6803 Y-290.8160
G1 X189.9765 Y-290.7363
G1 X189.2699 Y-290.6540
G1 X188.3842 Y-290.5481
G1 X187.6887 Y-290.4625
G1 X186.8099 Y-290.3515
G1 X186.1195 Y-290.2618
G1 X185.4215 Y-290.1691
G1 X185.4215 Y-290.1693
G1 X184.3898 Y-290.0284
G1 X184.3898 Y-290.0281
G1 X183.8706 Y-289.9555
G1 X183.0189 Y-289.8336
G1 X182.1602 Y-289.7073
G1 X181.4810 Y-289.6052
G1 X180.8038 Y-289.5013
G1 X180.1343 Y-289.3964
G1 X179.2879 Y-289.2610
G1 X178.6247 Y-289.1526
G1 X177.7853 Y-289.0124
G1 X177.7853 Y-289.0126
G1 X177.1264 Y-288.9001
G1 X176.4596 Y-288.7843
G1 X175.9687 Y-288.6977
G1 X175.6372 Y-288.6385
G1 X175.6372 Y-288.6387
G1 X174.9842 Y-288.5206
G1 X174.9842 Y-288.5204
G1 X174.1607 Y-288.3687
G1 X173.3474 Y-288.2156
G1 X172.6992 Y-288.0914
G1 X171.7368 Y-287.9029
G1 X170.9280 Y-287.7409
G1 X170.2885 Y-287.6105
G1 X169.9710 Y-287.5450
G1 X169.3388 Y-287.4129
G1 X168.5468 Y-287.2448
G1 X167.7523 Y-287.0728
G1 X167.7523 Y-287.0731
G1 X167.1244 Y-286.9349
G1 X166.8170 Y-286.8663
G1 X166.0362 Y-286.6903
G1 X165.2532 Y-286.5107
G1 X164.7901 Y-286.4030
G1 X164.1762 Y-286.2585
G1 X164.1762 Y-286.2583
G1 X163.8694 Y-286.1851
G1 X163.2506 Y-286.0363
G1 X162.6433 Y-285.8882
G1 X162.1823 Y-285.7744
G1 X161.4218 Y-285.5841
G1 X160.6662 Y-285.3919
G1 X159.7635 Y-285.1582
G1 X159.0162 Y-284.9611
G1 X158.2773 Y-284.7632
G1 X157.6845 Y-284.6019
G1 X156.9458 Y-284.3985
G1 X156.3530 Y-284.2329
G1 X156.3530 Y-284.2331
G1 X155.6273 Y-284.0274
G1 X154.7533 Y-283.7757
G1 X153.8773 Y-283.5189
G1 X153.4521 Y-283.3926
G1 X152.5834 Y-283.1313
G1 X152.0182 Y-282.9585
G1 X151.4439 Y-282.7812
G1 X150.8770 Y-282.6042
G1 X150.0292 Y-282.3357
G1 X149.1938 Y-282.0667
G1 X148.6355 Y-281.8844
G1 X148.0784 Y-281.7005
G1 X147.6591 Y-281.5608
G1 X146.9680 Y-281.3281
G1 X146.1437 Y-281.0464
G1 X145.4615 Y-280.8100
G1 X144.9233 Y-280.6210
G1 X144.2405 Y-280.3789
G1 X143.4386 Y-280.0904
G1 X143.4386 Y-280.0901
G1 X142.8981 Y-279.8933
G1 X142.3645 Y-279.6969
G1 X142.3645 Y-279.6972
G1 X141.7061 Y-279.4521
G1 X141.7061 Y-279.4518
G1 X141.0393 Y-279.2006
G1 X140.6462 Y-279.0510
G1 X139.8577 Y-278.7477
G1 X139.2123 Y-278.4960
G1 X138.6888 Y-278.2898
G1 X138.1770 Y-278.0863
G1 X138.1770 Y-278.0861
G1 X137.6578 Y-277.8775
G1 X137.0167 Y-277.6174
G1 X136.3843 Y-277.3578
G1 X136.0000 Y-277.1986
G1 X135.2405 Y-276.8806
G1 X134.8697 Y-276.7239
G1 X134.8697 Y-276.7236
G1 X134.2375 Y-276.4539
G1 X134.2375 Y-276.4541
G1 X133.4955 Y-276.1333
G1 X133.1204 Y-275.9695
G1 X132.5075 Y-275.6997
G1 X132.0162 Y-275.4810
G1 X131.3990 Y-275.2039
G1 X131.0399 Y-275.0411
G1 X130.4277 Y-274.7615
G1 X130.0670 Y-274.5951
G1 X129.5850 Y-274.3713
G1 X129.2309 Y-274.2057
G1 X129.2309 Y-274.2054
G1 X128.6284 Y-273.9212
G1 X127.9223 Y-273.5842
G1 X127.4455 Y-273.3540
G1 X127.4455 Y-273.3543
G1 X126.8573 Y-273.0678
G1 X126.1623 Y-272.7256
G1 X125.5824 Y-272.4368
G1 X124.9995 Y-272.1435
G1 X124.3101 Y-271.7927
G1 X124.3101 Y-271.7930
G1 X123.8545 Y-271.5588
G1 X123.2924 Y-271.2672
G1 X122.6081 Y-270.9085
G1 X122.2776 Y-270.7338
G1 X121.7127 Y-270.4325
G1 X121.2728 Y-270.1961
G1 X120.7132 Y-269.8925
G1 X120.3838 Y-269.7124
G1 X119.9436 Y-269.4701
G1 X119.5118 Y-269.2306
G1 X118.8524 Y-268.8615
G1 X118.4272 Y-268.6210
G1 X117.6670 Y-268.1869
G1 X117.2416 Y-267.9416
G1 X116.6028 Y-267.5694
G1 X115.9701 Y-267.1968
G1 X115.4463 Y-266.8852
G1 X115.0351 Y-266.6383
G1 X114.4062 Y-266.2575
G1 X114.4062 Y-266.2578
G1 X113.9995 Y-266.0094
G1 X113.4811 Y-265.6901
G1 X112.8690 Y-265.3093
G1 X112.3632 Y-264.9916
G1 X111.8644 Y-264.6754
G1 X111.4593 Y-264.4165
G1 X110.8603 Y-264.0307
G1 X110.4659 Y-263.7742
G1 X109.9723 Y-263.4508
G1 X109.3912 Y-263.0663
G1 X108.8019 Y-262.6723
G1 X108.8019 Y-262.6726
G1 X108.2289 Y-262.2855
G1 X107.6477 Y-261.8890
G1 X107.0775 Y-261.4958
G1 X106.6114 Y-261.1717
G1 X106.6117 Y-261.1714
G1 X105.9477 Y-260.7048
G1 X105.2970 Y-260.2421
G1 X104.6571 Y-259.7818
G1 X104.1944 Y-259.4455
G1 X103.7450 Y-259.1161
G1 X103.2022 Y-258.7147
G1 X102.7483 Y-258.3762
G1 X102.4819 Y-258.1760
G1 X101.9470 Y-257.7714
G1 X101.3300 Y-257.2997
G1 X100.8065 Y-256.8951
G1 X100.2858 Y-256.4889
G1 X99.8611 Y-256.1549
G1 X99.3422 Y-255.7429
G1 X99.0036 Y-255.4719
G1 X98.4110 Y-254.9936
G1 X97.9983 Y-254.6574
G1 X97.5777 Y-254.3119
G1 X97.5777 Y-254.3122
G1 X96.9231 Y-253.7694
G1 X96.9234 Y-253.7691
G1 X96.3452 Y-253.2837
G1 X95.8649 Y-252.8766
G1 X95.3773 Y-252.4592
G1 X95.3770 Y-252.4595
G1 X94.8246 Y-251.9820
G1 X94.8248 Y-251.9817
G1 X94.3453 Y-251.5634
G1 X94.1118 Y-251.3581
G1 X93.5685 Y-250.8771
G1 X93.2553 Y-250.5974
G1 X92.7933 Y-250.1816
G1 X92.3412 Y-249.7712
G1 X91.8060 Y-249.2804
G1 X91.2873 Y-248.7999
G1 X90.8431 Y-248.3843
G1 X90.2485 Y-247.8222
G1 X89.7395 Y-247.3358
G1 X89.3801 Y-246.9891
G1 X89.0262 Y-246.6452
G1 X88.5949 Y-246.2230
G1 X88.0316 Y-245.6658
G1 X87.5452 Y-245.1791
G1 X87.1317 Y-244.7615
G1 X86.6529 Y-244.2736
G1 X86.2475 Y-243.8565
G1 X85.7778 Y-243.3688
G1 X85.3199 Y-242.8885
G1 X84.7293 Y-242.2616
G1 X84.2053 Y-241.6990
G1 X83.6938 Y-241.1435
G1 X83.1306 Y-240.5248
G1 X83.1309 Y-240.5245
G1 X82.7519 Y-240.1034
G1 X82.2571 Y-239.5482
G1 X81.7692 Y-238.9947
G1 X81.5289 Y-238.7196
G1 X81.2886 Y-238.4433
G1 X80.9310 Y-238.0285
G1 X80.5767 Y-237.6145
G1 X80.2259 Y-237.2012
G1 X79.6473 Y-236.5118
G1 X79.3641 Y-236.1707
G1 X79.0247 Y-235.7590
G1 X78.7448 Y-235.4169
G1 X78.3562 Y-234.9378
G1 X77.8083 Y-234.2545
G1 X77.5401 Y-233.9165
G1 X77.1116 Y-233.3719
G1 X76.7425 Y-232.8979
G1 X76.3781 Y-232.4250
G1 X75.9717 Y-231.8923
G1 X75.4586 Y-231.2121
G1 X75.4583 Y-231.2124
G1 X75.2140 Y-230.8845
G1 X74.8632 Y-230.4108
G1 X74.5754 Y-230.0181
G1 X74.0387 Y-229.2784
G1 X73.6610 Y-228.7511
G1 X73.2455 Y-228.1641
G1 X72.9661 Y-227.7654
G1 X72.6930 Y-227.3724
G1 X72.3783 Y-226.9157
G1 X72.0682 Y-226.4611
G1 X72.0679 Y-226.4613
G1 X71.6351 Y-225.8197
G1 X71.3740 Y-225.4286
G1 X71.1622 Y-225.1085
G1 X70.7415 Y-224.4674
G1 X70.2546 Y-223.7138
G1 X69.8886 Y-223.1395
G1 X69.5734 Y-222.6389
G1 X69.5731 Y-222.6389
G1 X69.3402 Y-222.2655
G1 X68.9623 Y-221.6531
G1 X68.5452 Y-220.9676
G1 X68.2155 Y-220.4187
G1 X67.9282 Y-219.9345
G1 X67.5747 Y-219.3315
G1 X67.3334 Y-218.9150
G1 X67.0606 Y-218.4395
G1 X66.6933 Y-217.7910
G1 X66.3359 Y-217.1502
G1 X66.0872 Y-216.6983
G1 X65.6476 Y-215.8878
G1 X65.3478 Y-215.3257
G1 X65.0306 Y-214.7222
G1 X64.5988 Y-213.8858
G1 X64.3250 Y-213.3460
G1 X64.0309 Y-212.7575
G1 X63.6681 Y-212.0189
G1 X63.3692 Y-211.3986
G1 X63.1566 Y-210.9503
G1 X62.7766 Y-210.1352
G1 X62.7764 Y-210.1352
G1 X62.5302 Y-209.5965
G1 X62.2699 Y-209.0166
G1 X62.1022 Y-208.6379
G1 X61.8774 Y-208.1220
G1 X61.6255 Y-207.5335
G1 X61.4710 Y-207.1670
G1 X61.2894 Y-206.7296
G1 X60.9928 Y-205.9998
G1 X60.7893 Y-205.4870
G1 X60.5986 Y-204.9968
G1 X60.4017 Y-204.4799
G1 X60.2722 Y-204.1329
G1 X60.1091 Y-203.6879
G1 X59.9272 Y-203.1797
G1 X59.7271 Y-202.6039
G1 X59.5574 Y-202.1004
G1 X59.4312 Y-201.7154
G1 X59.2839 Y-201.2518
G1 X59.1670 Y-200.8713
G1 X59.0347 Y-200.4248
G1 X58.9755 Y-200.2180
G1 X58.8678 Y-199.8292
G1 X58.7830 Y-199.5081
G1 X58.6981 Y-199.1698
G1 X58.6532 Y-198.9813
G1 X58.5927 Y-198.7131
G1 X58.5440 Y-198.4786
G1 X58.5249 Y-198.3796
G1 X58.5650 Y-198.3722
G1 X58.6821 Y-198.3527
G1 X58.8185 Y-198.3331
G1 X58.9638 Y-198.3151
G1 X59.0459 Y-198.3062
G1 X59.1657 Y-198.2945
G1 X59.1657 Y-198.2942
G1 X59.2559 Y-198.2864
G1 X59.3819 Y-198.2767
G1 X59.4843 Y-198.2696
G1 X59.6105 Y-198.2620
G1 X59.7228 Y-198.2564
G1 X59.9277 Y-198.2478
G1 X60.0578 Y-198.2437
G1 X60.1815 Y-198.2406
G1 X60.3181 Y-198.2381
G1 X60.4688 Y-198.2363
G1 X60.6811 Y-198.2353
G1 X60.8995 Y-198.2363
G1 X61.1375 Y-198.2391
G1 X61.4609 Y-198.2457
G1 X61.4609 Y-198.2455
G1 X61.6928 Y-198.2523
G1 X62.0433 Y-198.2650
G1 X62.2059 Y-198.2719
G1 X62.4718 Y-198.2843
G1 X62.8297 Y-198.3034
G1 X63.2023 Y-198.3257
G1 X63.3964 Y-198.3384
G1 X63.3964 Y-198.3382
G1 X63.7761 Y-198.3643
G1 X63.7761 Y-198.3646
G1 X64.1792 Y-198.3948
G1 X64.6857 Y-198.4357
G1 X64.6857 Y-198.4355
G1 X65.1972 Y-198.4802
G1 X65.5130 Y-198.5091
G1 X66.0601 Y-198.5615
G1 X66.4934 Y-198.6049
G1 X66.7189 Y-198.6283
G1 X67.4009 Y-198.7009
G1 X67.7380 Y-198.7382
G1 X68.4461 Y-198.8190
G1 X69.0402 Y-198.8891
G1 X69.6392 Y-198.9620
G1 X70.2564 Y-199.0390
G1 X71.1228 Y-199.1500
G1 X71.1228 Y-199.1502
G1 X71.6303 Y-199.2170
G1 X71.6303 Y-199.2168
G1 X72.7771 Y-199.3712
G1 X73.8221 Y-199.5160
G1 X75.1411 Y-199.7034
G1 X76.2030 Y-199.8579
G1 X77.6900 Y-200.0781
G1 X79.0473 Y-200.2828
G1 X80.1350 Y-200.4489
G1 X80.1350 Y-200.4492
G1 X81.9137 Y-200.7243
G1 X88.8962 Y-201.8223
G1 X91.4519 Y-202.2211
G1 X92.3211 Y-202.3549
G1 X93.7725 Y-202.5754
G1 X94.9416 Y-202.7494
G1 X95.9599 Y-202.8975
G1 X96.9414 Y-203.0367
G1 X97.6790 Y-203.1383
G1 X98.1921 Y-203.2069
G1 X98.7908 Y-203.2851
G1 X99.4649 Y-203.3699
G1 X100.1111 Y-203.4471
G1 X100.6417 Y-203.5073
G1 X100.9851 Y-203.5444
G1 X101.3991 Y-203.5866
G1 X101.7212 Y-203.6176
G1 X102.0315 Y-203.6453
G1 X102.3330 Y-203.6704
G1 X102.6239 Y-203.6925
G1 X102.9033 Y-203.7113
G1 X103.1093 Y-203.7235
G1 X103.3048 Y-203.7334
G1 X103.5017 Y-203.7420
G1 X103.7501 Y-203.7499
G1 X103.9904 Y-203.7542
G1 X104.2126 Y-203.7547
G1 X104.2728 Y-203.7540
G1 X104.4385 Y-203.7507
G1 X104.5459 Y-203.7469
G1 X104.7079 Y-203.7392
G1 X104.8588 Y-203.7286
G1 X104.9683 Y-203.7187
G1 X105.1176 Y-203.7017
G1 X105.2147 Y-203.6879
G1 X105.3191 Y-203.6709
G1 X105.3782 Y-203.6600
G1 X105.3927 Y-203.6572
G1 X105.4405 Y-203.7057
G1 X105.4669 Y-203.7334
G1 X105.5134 Y-203.7834
G1 X105.5533 Y-203.8276
G1 X105.6122 Y-203.8947
G1 X105.6452 Y-203.9336
G1 X105.7054 Y-204.0057
G1 X105.7448 Y-204.0537
G1 X105.7981 Y-204.1205
G1 X105.8603 Y-204.1997
G1 X105.9050 Y-204.2579
G1 X105.9599 Y-204.3306
G1 X106.0239 Y-204.4169
G1 X106.0745 Y-204.4860
G1 X106.1352 Y-204.5706
G1 X106.1941 Y-204.6534
G1 X106.2538 Y-204.7387
G1 X106.3158 Y-204.8289
G1 X106.3795 Y-204.9226
G1 X106.4395 Y-205.0118
G1 X106.5721 Y-205.2130
G1 X106.6368 Y-205.3125
G1 X106.7026 Y-205.4151
G1 X106.8456 Y-205.6412
G1 X106.9089 Y-205.7425
G1 X106.9086 Y-205.7425
G1 X106.9815 Y-205.8606
G1 X107.1245 Y-206.0948
G1 X107.2629 Y-206.3252
G1 X107.4105 Y-206.5752
G1 X107.4844 Y-206.7016
G1 X107.6394 Y-206.9686
G1 X107.7874 Y-207.2272
G1 X107.9424 Y-207.5012
G1 X108.1001 Y-207.7829
G1 X108.2599 Y-208.0707
G1 X108.4242 Y-208.3694
G1 X108.4245 Y-208.3694
G1 X108.5030 Y-208.5132
G1 X108.5027 Y-208.5132
G1 X108.6673 Y-208.8162
G1 X108.8339 Y-209.1256
G1 X109.0044 Y-209.4438
G1 X109.2576 Y-209.9201
G1 X109.6048 Y-210.5800
G1 X110.0483 Y-211.4316
G1 X110.5032 Y-212.3128
G1 X110.5035 Y-212.3128
G1 X111.1499 Y-213.5746
G1 X112.1997 Y-215.6338
G1 X113.1796 Y-217.5523
G1 X113.5776 Y-218.3272
G1 X114.0788 Y-219.2978
G1 X114.4826 Y-220.0742
G1 X114.8880 Y-220.8479
G1 X115.0922 Y-221.2353
G1 X115.5004 Y-222.0036
G1 X115.7059 Y-222.3872
G1 X116.1156 Y-223.1459
G1 X116.3216 Y-223.5238
G1 X116.6297 Y-224.0839
G1 X116.8354 Y-224.4555
G1 X116.9396 Y-224.6417
G1 X117.2487 Y-225.1911
G1 X117.4547 Y-225.5533
G1 X117.6609 Y-225.9134
G1 X117.8664 Y-226.2683
G1 X117.9703 Y-226.4461
G1 X118.1755 Y-226.7958
G1 X118.2789 Y-226.9701
G1 X118.3830 Y-227.1448
G1 X118.5890 Y-227.4877
G1 X118.7945 Y-227.8261
G1 X119.0005 Y-228.1608
G1 X119.2055 Y-228.4900
G1 X119.3091 Y-228.6544
G1 X119.5128 Y-228.9746
G1 X119.6162 Y-229.1357
G1 X119.7193 Y-229.2942
G1 X119.9231 Y-229.6053
G1 X120.0269 Y-229.7620
G1 X120.2299 Y-230.0643
G1 X120.3320 Y-230.2139
G1 X120.4336 Y-230.3623
G1 X120.5360 Y-230.5101
G1 X120.6391 Y-230.6579
G1 X120.7399 Y-230.7999
G1 X120.8428 Y-230.9444
G1 X120.9439 Y-231.0846
G1 X121.0457 Y-231.2246
G1 X121.1476 Y-231.3630
G1 X121.2492 Y-231.4994
G1 X121.3518 Y-231.6361
G1 X121.4521 Y-231.7676
G1 X121.5547 Y-231.9010
G1 X121.6558 Y-232.0305
G1 X121.7572 Y-232.1585
G1 X121.8606 Y-232.2878
G1 X121.9614 Y-232.4120
G1 X122.0625 Y-232.5345
G1 X122.1656 Y-232.6582
G1 X122.2665 Y-232.7770
G1 X122.3683 Y-232.8954
G1 X122.4717 Y-233.0135
G1 X122.5723 Y-233.1265
G1 X122.6744 Y-233.2393
G1 X122.7762 Y-233.3501
G1 X122.8811 Y-233.4621
G1 X122.9835 Y-233.5687
G1 X123.0841 Y-233.6719
G1 X123.1895 Y-233.7780
G1 X123.2903 Y-233.8771
G1 X123.3942 Y-233.9774
G1 X123.5004 Y-234.0773
G1 X123.6050 Y-234.1733
G1 X123.7084 Y-234.2655
G1 X123.8138 Y-234.3577
G1 X123.9192 Y-234.4471
G1 X124.0272 Y-234.5362
G1 X124.1318 Y-234.6198
G1 X124.2408 Y-234.7044
G1 X124.3510 Y-234.7872
G1 X124.4570 Y-234.8636
G1 X124.5674 Y-234.9411
G1 X124.6817 Y-235.0178
G1 X124.7907 Y-235.0879
G1 X124.9037 Y-235.1575
G1 X125.0208 Y-235.2266
G1 X125.1341 Y-235.2896
G1 X125.2517 Y-235.3521
G1 X125.3703 Y-235.4115
G1 X125.4902 Y-235.4677
G1 X125.6091 Y-235.5200
G1 X125.6914 Y-235.5540
G1 X125.7358 Y-235.5715
G1 X125.8598 Y-235.6178
G1 X125.9411 Y-235.6460
G1 X125.9863 Y-235.6609
G1 X126.0673 Y-235.6863
G1 X126.1163 Y-235.7008
G1 X126.1966 Y-235.7232
G1 X126.2456 Y-235.7359
G1 X126.3256 Y-235.7554
G1 X126.3797 Y-235.7676
G1 X126.4592 Y-235.7841
G1 X126.5105 Y-235.7940
G1 X126.5895 Y-235.8078
G1 X126.6472 Y-235.8166
G1 X126.7257 Y-235.8273
G1 X126.7851 Y-235.8342
G1 X126.8631 Y-235.8418
G1 X126.9241 Y-235.8466
G1 X127.0015 Y-235.8512
G1 X127.0635 Y-235.8537
G1 X127.1405 Y-235.8553
G1 X127.1930 Y-235.8553
G1 X127.2624 Y-235.8542
G1 X127.3426 Y-235.8509
G1 X127.4110 Y-235.8466
G1 X127.4917 Y-235.8398
G1 X127.5585 Y-235.8327
G1 X127.6378 Y-235.8222
G1 X127.7069 Y-235.8118
G1 X127.7833 Y-235.7986
G1 X127.8499 Y-235.7854
G1 X127.9180 Y-235.7709
G1 X127.9926 Y-235.7534
G1 X128.0599 Y-235.7361
G1 X128.1333 Y-235.7158
G1 X128.1971 Y-235.6965
G1 X128.2634 Y-235.6757
G1 X128.3294 Y-235.6536
G1 X128.3970 Y-235.6297
G1 X128.4778 Y-235.5992
G1 X128.5954 Y-235.5515
G1 X128.6594 Y-235.5238
G1 X128.7193 Y-235.4969
G1 X128.7894 Y-235.4638
G1 X128.8486 Y-235.4349
G1 X128.9073 Y-235.4052
G1 X128.9693 Y-235.3729
G1 X129.0310 Y-235.3399
G1 X129.0991 Y-235.3018
G1 X129.2126 Y-235.2355
G1 X129.2690 Y-235.2012
G1 X129.3292 Y-235.1636
G1 X129.3886 Y-235.1255
G1 X129.4531 Y-235.0828
G1 X129.5585 Y-235.0110
G1 X129.6251 Y-234.9640
G1 X129.7356 Y-234.8832
G1 X129.8489 Y-234.7968
G1 X129.9596 Y-234.7092
G1 X130.0635 Y-234.6239
G1 X130.1196 Y-234.5764
G1 X130.1768 Y-234.5276
G1 X130.2855 Y-234.4321
G1 X130.3901 Y-234.3374
G1 X130.4475 Y-234.2840
G1 X130.5550 Y-234.1819
G1 X130.6604 Y-234.0788
G1 X130.7640 Y-233.9751
G1 X130.8189 Y-233.9190
G1 X130.9238 Y-233.8098
G1 X131.0302 Y-233.6968
G1 X131.1346 Y-233.5827
G1 X131.2405 Y-233.4646
G1 X131.3424 Y-233.3483
G1 X131.4493 Y-233.2243
G1 X131.5504 Y-233.1039
G1 X131.6037 Y-233.0399
G1 X131.7081 Y-232.9124
G1 X131.8110 Y-232.7846
G1 X131.8641 Y-232.7176
G1 X131.9700 Y-232.5822
G1 X132.1244 Y-232.3810
G1 X132.2281 Y-232.2431
G1 X132.3315 Y-232.1034
G1 X132.4353 Y-231.9612
G1 X132.5423 Y-231.8123
G1 X132.7480 Y-231.5202
G1 X132.8514 Y-231.3701
G1 X132.9581 Y-231.2134
G1 X133.1653 Y-230.9035
G1 X133.3218 Y-230.6643
G1 X133.4785 Y-230.4204
G1 X133.6340 Y-230.1743
G1 X133.7394 Y-230.0054
G1 X133.8440 Y-229.8357
G1 X134.0025 Y-229.5759
G1 X134.2128 Y-229.2248
G1 X134.4219 Y-228.8690
G1 X134.5796 Y-228.5962
G1 X134.7376 Y-228.3198
G1 X134.8966 Y-228.0374
G1 X135.1067 Y-227.6597
G1 X135.2659 Y-227.3689
G1 X135.4770 Y-226.9787
G1 X135.6357 Y-226.6813
G1 X135.8473 Y-226.2800
G1 X136.0589 Y-225.8733
G1 X136.2187 Y-225.5624
G1 X136.4828 Y-225.0415
G1 X136.6947 Y-224.6178
G1 X136.9593 Y-224.0818
G1 X137.2235 Y-223.5388
G1 X137.4351 Y-223.0981
G1 X137.7516 Y-222.4308
G1 X138.0145 Y-221.8680
G1 X138.2763 Y-221.3003
G1 X138.4338 Y-220.9556
G1 X138.6431 Y-220.4941
G1 X138.8516 Y-220.0298
G1 X139.0081 Y-219.6788
G1 X139.2677 Y-219.0913
G1 X139.5260 Y-218.5005
G1 X139.7323 Y-218.0239
G1 X140.0904 Y-217.1880
G1 X140.3441 Y-216.5886
G1 X140.4960 Y-216.2266
G1 X140.6982 Y-215.7428
G1 X140.9489 Y-215.1372
G1 X141.2476 Y-214.4088
G1 X141.6408 Y-213.4380
G1 X141.9324 Y-212.7095
G1 X142.1737 Y-212.1019
G1 X142.5064 Y-211.2551
G1 X142.6954 Y-210.7700
G1 X143.0670 Y-209.8078
G1 X143.3416 Y-209.0890
G1 X143.6571 Y-208.2559
G1 X144.0531 Y-207.1972
G1 X144.2263 Y-206.7296
G1 X144.5242 Y-205.9193
G1 X144.8562 Y-205.0070
G1 X145.1399 Y-204.2190
G1 X145.5318 Y-203.1180
G1 X145.8344 Y-202.2569
G1 X146.1973 Y-201.2102
G1 X146.4754 Y-200.3979
G1 X146.7096 Y-199.7060
G1 X146.9662 Y-198.9389
G1 X147.2400 Y-198.1096
G1 X147.4696 Y-197.4030
G1 X147.6601 Y-196.8096
G1 X147.8407 Y-196.2386
G1 X148.0790 Y-195.4713
G1 X148.2537 Y-194.8960
G1 X148.3949 Y-194.4215
G1 X148.5417 Y-193.9163
G1 X148.6571 Y-193.5074
G1 X148.7178 Y-193.2871
G1 X148.7752 Y-193.0738
G1 X148.8412 Y-192.8226
G1 X148.9111 Y-192.5452
G1 X148.9423 Y-192.4157
G1 X149.0812 Y-192.3847
G1 X149.2402 Y-192.3517
G1 X149.3647 Y-192.3275
G1 X149.5049 Y-192.3016
G1 X149.7683 Y-192.2564
G1 X149.9786 Y-192.2229
G1 X150.2192 Y-192.1866
G1 X150.5321 Y-192.1424
G1 X150.8661 Y-192.0979
G1 X151.2049 Y-192.0557
G1 X151.5869 Y-192.0110
G1 X151.5869 Y-192.0108
G1 X152.0495 Y-191.9600
G1 X152.3784 Y-191.9257
G1 X152.8077 Y-191.8830
G1 X153.0728 Y-191.8579
G1 X153.6324 Y-191.8066
G1 X154.0083 Y-191.7736
G1 X154.0083 Y-191.7738
G1 X154.3058 Y-191.7487
G1 X155.1130 Y-191.6836
G1 X156.2014 Y-191.6024
G1 X156.9946 Y-191.5470
G1 X157.4615 Y-191.5157
G1 X158.5491 Y-191.4461
G1 X158.5491 Y-191.4464
G1 X159.1765 Y-191.4086
G1 X160.6189 Y-191.3255
G1 X161.5638 Y-191.2744
G1 X162.9768 Y-191.2021
G1 X165.1942 Y-191.0966
G1 X167.6850 Y-190.9884
G1 X170.4797 Y-190.8777
G1 X173.7662 Y-190.7591
G1 X176.4774 Y-190.6692
G1 X179.2783 Y-190.5825
G1 X182.9473 Y-190.4776
G1 X182.9473 Y-190.4779
G1 X186.9557 Y-190.3730
G1 X190.0431 Y-190.2981
G1 X194.4746 Y-190.1982
G1 X194.4746 Y-190.1985
G1 X198.3682 Y-190.1177
G1 X203.2229 Y-190.0248
G1 X207.0367 Y-189.9572
G1 X211.8106 Y-189.8787
G1 X216.6379 Y-189.8056
G1 X222.1995 Y-189.7283
G1 X227.5505 Y-189.6605
G1 X227.5505 Y-189.6608
G1 X233.1390 Y-189.5963
G1 X237.7780 Y-189.5472
G1 X243.9914 Y-189.4876
G1 X249.4407 Y-189.4406
G1 X256.3365 Y-189.3880
G1 X261.7478 Y-189.3519
G1 X268.4320 Y-189.3136
G1 X275.5605 Y-189.2803
G1 X281.3075 Y-189.2595
G1 X288.2590 Y-189.2422
G1 X294.2206 Y-189.2356
G1 X300.7848 Y-189.2409
G1 X305.5264 Y-189.2612
G1 X306.4022 Y-189.2689
G1 X307.4876 Y-189.2846
G1 X307.5170 Y-189.3225
G1 X307.5353 Y-189.3466
G1 X307.5948 Y-189.4263
G1 X307.6669 Y-189.5264
G1 X307.7020 Y-189.5765
G1 X307.7487 Y-189.6443
G1 X307.8046 Y-189.7268
G1 X307.8048 Y-189.7268
G1 X307.8724 Y-189.8284
G1 X307.9816 Y-189.9971
G1 X308.0367 Y-190.0842
G1 X308.1292 Y-190.2323
G1 X308.1294 Y-190.2323
G1 X308.2420 Y-190.4159
G1 X308.3342 Y-190.5693
G1 X308.4337 Y-190.7375
G1 X308.5582 Y-190.9503
G1 X308.7629 Y-191.3080
G1 X308.7627 Y-191.3080
G1 X308.9402 Y-191.6240
G1 X309.0857 Y-191.8866
G1 X309.2724 Y-192.2280
G1 X309.5899 Y-192.8175
G1 X309.7466 Y-193.1119
G1 X309.9946 Y-193.5828
G1 X310.2963 Y-194.1619
G1 X310.6463 Y-194.8404
G1 X310.6461 Y-194.8404
G1 X311.0598 Y-195.6509
G1 X311.5810 Y-196.6811
G1 X312.2701 Y-198.0547
G1 X315.0679 Y-203.6750
G1 X315.9851 Y-205.5078
G1 X316.8035 Y-207.1307
G1 X317.3959 Y-208.2955
G1 X317.8139 Y-209.1124
G1 X318.3545 Y-210.1611
G1 X318.9582 Y-211.3209
G1 X319.4426 Y-212.2416
G1 X319.7464 Y-212.8149
G1 X319.9900 Y-213.2714
G1 X320.3555 Y-213.9513
G1 X320.7200 Y-214.6239
G1 X320.9036 Y-214.9599
G1 X321.2079 Y-215.5134
G1 X321.5122 Y-216.0623
G1 X321.8165 Y-216.6054
G1 X322.0593 Y-217.0349
G1 X322.3623 Y-217.5667
G1 X322.6049 Y-217.9879
G1 X322.9064 Y-218.5063
G1 X323.1482 Y-218.9173
G1 X323.4479 Y-219.4212
G1 X323.5681 Y-219.6208
G1 X323.8071 Y-220.0161
G1 X323.9874 Y-220.3110
G1 X324.2848 Y-220.7915
G1 X324.5221 Y-221.1692
G1 X324.7586 Y-221.5408
G1 X324.9933 Y-221.9051
G1 X325.1119 Y-222.0867
G1 X325.3463 Y-222.4423
G1 X325.5790 Y-222.7895
G1 X325.7522 Y-223.0445
G1 X325.8696 Y-223.2155
G1 X326.0438 Y-223.4662
G1 X326.2737 Y-223.7918
G1 X326.4454 Y-224.0308
G1 X326.5599 Y-224.1883
G1 X326.6747 Y-224.3442
G1 X326.8459 Y-224.5744
G1 X327.0159 Y-224.7986
G1 X327.1281 Y-224.9444
G1 X327.2429 Y-225.0923
G1 X327.3547 Y-225.2337
G1 X327.4682 Y-225.3757
G1 X327.5802 Y-225.5139
G1 X327.6945 Y-225.6533
G1 X327.8617 Y-225.8535
G1 X327.9729 Y-225.9838
G1 X328.0849 Y-226.1133
G1 X328.1967 Y-226.2403
G1 X328.3082 Y-226.3653
G1 X328.4197 Y-226.4877
G1 X328.5322 Y-226.6091
G1 X328.6422 Y-226.7255
G1 X328.7545 Y-226.8421
G1 X328.8668 Y-226.9564
G1 X328.9778 Y-227.0666
G1 X329.0885 Y-227.1743
G1 X329.1990 Y-227.2795
G1 X329.2564 Y-227.3330
G1 X329.3704 Y-227.4377
G1 X329.4794 Y-227.5345
G1 X329.5371 Y-227.5850
G1 X329.6503 Y-227.6818
G1 X329.7654 Y-227.7775
G1 X329.8756 Y-227.8662
G1 X329.9374 Y-227.9145
G1 X330.0499 Y-228.0001
G1 X330.1665 Y-228.0864
G1 X330.2848 Y-228.1702
G1 X330.3989 Y-228.2474
G1 X330.5165 Y-228.3244
G1 X330.5785 Y-228.3630
G1 X330.6912 Y-228.4316
G1 X330.7532 Y-228.4677
G1 X330.8121 Y-228.5012
G1 X330.8840 Y-228.5406
G1 X331.0006 Y-228.6020
G1 X331.0608 Y-228.6320
G1 X331.1317 Y-228.6663
G1 X331.2536 Y-228.7224
G1 X331.3153 Y-228.7491
G1 X331.3803 Y-228.7763
G1 X331.4428 Y-228.8012
G1 X331.5134 Y-228.8281
G1 X331.5767 Y-228.8510
G1 X331.6486 Y-228.8756
G1 X331.7154 Y-228.8969
G1 X331.7801 Y-228.9165
G1 X331.8449 Y-228.9353
G1 X331.9193 Y-228.9551
G1 X331.9600 Y-228.9653
G1 X332.0037 Y-228.9757
G1 X332.0844 Y-228.9934
G1 X332.1479 Y-229.0061
G1 X332.2279 Y-229.0204
G1 X332.2940 Y-229.0305
G1 X332.3732 Y-229.0412
G1 X332.4220 Y-229.0470
G1 X332.5010 Y-229.0547
G1 X332.5703 Y-229.0597
G1 X332.6503 Y-229.0641
G1 X332.7202 Y-229.0658
G1 X332.7588 Y-229.0663
G1 X332.8114 Y-229.0663
G1 X332.8878 Y-229.0648
G1 X332.9452 Y-229.0625
G1 X333.0219 Y-229.0582
G1 X333.0903 Y-229.0529
G1 X333.1667 Y-229.0453
G1 X333.2190 Y-229.0392
G1 X333.2952 Y-229.0290
G1 X333.3565 Y-229.0196
G1 X333.4327 Y-229.0064
G1 X333.4929 Y-228.9947
G1 X333.5691 Y-228.9785
G1 X333.6242 Y-228.9658
G1 X333.7001 Y-228.9467
G1 X333.7527 Y-228.9325
G1 X333.8286 Y-228.9106
G1 X333.8810 Y-228.8946
G1 X333.9567 Y-228.8700
G1 X334.0064 Y-228.8530
G1 X334.0821 Y-228.8256
G1 X334.1273 Y-228.8083
G1 X334.2028 Y-228.7783
G1 X334.2531 Y-228.7575
G1 X334.3285 Y-228.7245
G1 X334.3707 Y-228.7052
G1 X334.4459 Y-228.6696
G1 X334.4885 Y-228.6485
G1 X334.5637 Y-228.6102
G1 X334.6046 Y-228.5888
G1 X334.7171 Y-228.5263
G1 X334.8281 Y-228.4611
G1 X334.9384 Y-228.3922
G1 X335.0407 Y-228.3244
G1 X335.1500 Y-228.2487
G1 X335.2523 Y-228.1738
G1 X335.3529 Y-228.0968
G1 X335.4550 Y-228.0153
G1 X335.5528 Y-227.9335
G1 X335.6475 Y-227.8512
G1 X335.7476 Y-227.7610
G1 X335.8398 Y-227.6742
G1 X335.9310 Y-227.5853
G1 X336.0275 Y-227.4885
G1 X336.1131 Y-227.3993
G1 X336.2056 Y-227.3003
G1 X336.2930 Y-227.2035
G1 X336.3821 Y-227.1019
G1 X336.4664 Y-227.0031
G1 X336.5556 Y-226.8959
G1 X336.6371 Y-226.7948
G1 X336.7248 Y-226.6841
G1 X336.8063 Y-226.5774
G1 X336.8901 Y-226.4656
G1 X336.9724 Y-226.3536
G1 X337.0529 Y-226.2411
G1 X337.1347 Y-226.1245
G1 X337.2142 Y-226.0084
G1 X337.2950 Y-225.8883
G1 X337.3737 Y-225.7684
G1 X337.4535 Y-225.6447
G1 X337.5320 Y-225.5205
G1 X337.6084 Y-225.3971
G1 X337.6869 Y-225.2683
G1 X337.7636 Y-225.1400
G1 X337.8388 Y-225.0122
G1 X337.9163 Y-224.8786
G1 X337.9925 Y-224.7443
G1 X338.0671 Y-224.6107
G1 X338.1423 Y-224.4743
G1 X338.2183 Y-224.3343
G1 X338.2914 Y-224.1967
G1 X338.3643 Y-224.0577
G1 X338.4395 Y-223.9132
G1 X338.5127 Y-223.7699
G1 X338.5853 Y-223.6254
G1 X338.6585 Y-223.4781
G1 X338.7308 Y-223.3308
G1 X338.8030 Y-223.1814
G1 X338.8749 Y-223.0310
G1 X338.9467 Y-222.8789
G1 X339.0186 Y-222.7245
G1 X339.0892 Y-222.5708
G1 X339.1593 Y-222.4166
G1 X339.2317 Y-222.2563
G1 X339.3011 Y-222.0996
G1 X339.3709 Y-221.9406
G1 X339.4410 Y-221.7798
G1 X339.5121 Y-221.6145
G1 X339.6506 Y-221.2873
G1 X339.7875 Y-220.9576
G1 X339.8571 Y-220.7877
G1 X339.9932 Y-220.4496
G1 X340.1281 Y-220.1093
G1 X340.1964 Y-219.9340
G1 X340.3305 Y-219.5863
G1 X340.4634 Y-219.2355
G1 X340.5304 Y-219.0562
G1 X340.6625 Y-218.6996
G1 X340.7943 Y-218.3384
G1 X340.9251 Y-217.9739
G1 X341.0549 Y-217.6074
G1 X341.1837 Y-217.2386
G1 X341.3125 Y-216.8657
G1 X341.4400 Y-216.4908
G1 X341.5665 Y-216.1144
G1 X341.6927 Y-215.7349
G1 X341.8182 Y-215.3536
G1 X341.9424 Y-214.9716
G1 X342.0666 Y-214.5861
G1 X342.2505 Y-214.0077
G1 X342.3730 Y-213.6186
G1 X342.6137 Y-212.8429
G1 X342.7336 Y-212.4519
G1 X342.9706 Y-211.6722
G1 X343.0875 Y-211.2818
G1 X343.2625 Y-210.6953
G1 X343.5492 Y-209.7227
G1 X343.7755 Y-208.9470
G1 X344.2178 Y-207.4149
G1 X345.4179 Y-203.2229
G1 X345.6135 Y-202.5475
G1 X345.7593 Y-202.0486
G1 X345.9023 Y-201.5625
G1 X346.0907 Y-200.9292
G1 X346.1827 Y-200.6237
G1 X346.1830 Y-200.6237
G1 X346.3679 Y-200.0179
G1 X346.5002 Y-199.5922
G1 X346.5878 Y-199.3143
G1 X346.7191 Y-198.9046
G1 X346.8035 Y-198.6450
G1 X346.9310 Y-198.2612
G1 X346.9335 Y-198.2539
G1 X346.9711 Y-198.1429
G1 X347.0986 Y-197.7725
G1 X347.1746 Y-197.5571
G1 X347.2576 Y-197.3270
G1 X347.3308 Y-197.1286
G1 X347.4121 Y-196.9143
G1 X347.4809 Y-196.7367
G1 X347.5556 Y-196.5508
G1 X347.5558 Y-196.5508
G1 X347.5952 Y-196.4550
G1 X347.6277 Y-196.3771
G1 X347.6666 Y-196.2854
G1 X347.7362 Y-196.1266
G1 X347.7633 Y-196.0662
G1 X347.7941 Y-195.9991
G1 X347.8261 Y-195.9310
G1 X347.8583 Y-195.8642
G1 X347.8957 Y-195.7883
G1 X347.9241 Y-195.7324
G1 X347.9457 Y-195.6905
G1 X347.9823 Y-195.6219
G1 X347.9996 Y-195.5907
G1 X348.0318 Y-195.5338
G1 X348.0577 Y-195.4898
G1 X348.0625 Y-195.4820
G1 X348.2129 Y-195.4525
G1 X348.5490 Y-195.3900
G1 X349.0300 Y-195.3047
G1 X349.6798 Y-195.1939
G1 X350.8202 Y-195.0062
G1 X351.7971 Y-194.8495
G1 X353.3709 Y-194.6021
G1 X355.0300 Y-194.3456
G1 X357.7897 Y-193.9252
G1 X360.8354 Y-193.4675
G1 X360.8354 Y-193.4672
G1 X366.2233 Y-192.6676
G1 X366.2233 Y-192.6679
G1 X370.4577 Y-192.0458
G1 X377.7310 Y-190.9862
G1 X383.8931 Y-190.0949
G1 X396.8996 Y-188.2308
G1 X396.2824 Y-189.8284
G1 X395.8280 Y-190.9750
G1 X395.4219 Y-191.9775
G1 X395.0447 Y-192.8899
G1 X394.5809 Y-193.9884
G1 X394.2926 Y-194.6582
G1 X393.9365 Y-195.4736
G1 X393.6007 Y-196.2295
G1 X393.1994 Y-197.1180
G1 X392.8806 Y-197.8129
G1 X392.5697 Y-198.4812
G1 X392.2227 Y-199.2163
G1 X391.9156 Y-199.8584
G1 X391.5174 Y-200.6793
G1 X391.2169 Y-201.2899
G1 X390.7300 Y-202.2650
G1 X390.7302 Y-202.2650
G1 X390.5893 Y-202.5434
G1 X390.2027 Y-203.3011
G1 X389.8039 Y-204.0715
; Retract
G1 Z2.5400 F2540
M2
