G21         ; Set units to mm
G90         ; Absolute positioning
G1 Z2.54 F2540      ; Move to clearance level

;
; Operation:    0
; Name:         
; Type:         Pocket
; Paths:        2
; Direction:    Conventional
; Cut Depth:    0.79375
; Pass Depth:   3.175
; Plunge rate:  127
; Cut rate:     1016
;

; Path 0
; Rapid to initial position
G1 X157.6459 Y-106.3153 F2540
G1 Z0.0000
; plunge
G1 Z-0.7937 F127
; cut
G1 X157.6578 Y-106.3109 F1016
G1 X157.6664 Y-106.3076
G1 X157.7279 Y-106.2858
G1 X157.9039 Y-106.2241
G1 X158.0535 Y-106.1738
G1 X158.0540 Y-106.1735
G1 X158.1186 Y-106.1524
G1 X158.1912 Y-106.1293
G1 X158.2453 Y-106.1133
G1 X158.3390 Y-106.0841
G1 X158.3535 Y-106.0793
G1 X158.3972 Y-106.0661
G1 X158.4038 Y-106.0643
G1 X158.6060 Y-106.0044
G1 X158.6182 Y-106.0013
G1 X158.6911 Y-105.9800
G1 X158.7784 Y-105.9556
G1 X158.7924 Y-105.9520
G1 X158.8064 Y-105.9482
G1 X158.8478 Y-105.9373
G1 X158.8907 Y-105.9259
G1 X158.9154 Y-105.9198
G1 X159.0992 Y-105.8720
G1 X159.2242 Y-105.8408
G1 X159.2359 Y-105.8380
G1 X159.2600 Y-105.8324
G1 X159.4952 Y-105.7763
G1 X159.4990 Y-105.7755
G1 X159.5885 Y-105.7554
G1 X159.5910 Y-105.7549
G1 X159.8206 Y-105.7041
G1 X159.9070 Y-105.6861
G1 X159.9374 Y-105.6805
G1 X160.0076 Y-105.6663
G1 X160.0078 Y-105.6663
G1 X160.2382 Y-105.6208
G1 X160.3245 Y-105.6046
G1 X160.6375 Y-105.5479
G1 X160.6420 Y-105.5469
G1 X160.6718 Y-105.5418
G1 X160.6799 Y-105.5406
G1 X160.7251 Y-105.5327
G1 X160.7459 Y-105.5296
G1 X160.7688 Y-105.5258
G1 X160.8224 Y-105.5177
G1 X160.9019 Y-105.5042
G1 X160.9019 Y-105.5045
G1 X160.9169 Y-105.5022
G1 X161.0614 Y-105.4793
G1 X161.0787 Y-105.4768
G1 X161.2389 Y-105.4529
G1 X161.2407 Y-105.4527
G1 X161.3639 Y-105.4351
G1 X161.3812 Y-105.4329
G1 X161.5128 Y-105.4148
G1 X161.7256 Y-105.3866
G1 X161.8181 Y-105.3752
G1 X161.8374 Y-105.3727
G1 X161.8450 Y-105.3719
G1 X161.9679 Y-105.3577
G1 X161.9923 Y-105.3556
G1 X162.1330 Y-105.3412
G1 X162.1564 Y-105.3389
G1 X162.2852 Y-105.3269
G1 X162.3629 Y-105.3201
G1 X162.4531 Y-105.3125
G1 X162.4574 Y-105.3122
G1 X162.6243 Y-105.3005
G1 X162.7259 Y-105.2949
G1 X162.7518 Y-105.2939
G1 X162.8435 Y-105.2893
G1 X162.9616 Y-105.2850
G1 X163.0332 Y-105.2825
G1 X163.0553 Y-105.2817
G1 X163.0695 Y-105.2817
G1 X163.1599 Y-105.2797
G1 X163.1615 Y-105.2797
G1 X163.3004 Y-105.2784
G1 X163.3045 Y-105.2784
G1 X163.4249 Y-105.2797
G1 X163.5336 Y-105.2805
G1 X163.6029 Y-105.2830
G1 X163.6840 Y-105.2863
G1 X163.6928 Y-105.2866
G1 X163.7246 Y-105.2886
G1 X163.7922 Y-105.2919
G1 X163.8457 Y-105.2952
G1 X163.9288 Y-105.3010
G1 X164.0180 Y-105.3081
G1 X164.0345 Y-105.3099
G1 X164.1109 Y-105.3178
G1 X164.1180 Y-105.3183
G1 X164.1462 Y-105.3214
G1 X164.2140 Y-105.3290
G1 X164.2394 Y-105.3323
G1 X164.2681 Y-105.3363
G1 X164.2943 Y-105.3399
G1 X164.3578 Y-105.3493
G1 X164.4195 Y-105.3592
G1 X164.4632 Y-105.3666
G1 X164.4884 Y-105.3714
G1 X164.5061 Y-105.3755
G1 X164.5760 Y-105.3887
G1 X164.5778 Y-105.3892
G1 X164.5831 Y-105.3902
G1 X164.6375 Y-105.4024
G1 X164.6578 Y-105.4070
G1 X164.6702 Y-105.4097
G1 X164.6733 Y-105.4105
G1 X164.7114 Y-105.4202
G1 X164.7325 Y-105.4257
G1 X164.7431 Y-105.4285
G1 X164.7632 Y-105.4344
G1 X164.7772 Y-105.4384
G1 X164.7960 Y-105.4440
G1 X164.8292 Y-105.4537
G1 X164.8320 Y-105.4547
G1 X164.8440 Y-105.4585
G1 X164.8645 Y-105.4654
G1 X164.8645 Y-105.4656
G1 X164.9065 Y-105.4798
G1 X164.9344 Y-105.4903
G1 X164.9359 Y-105.4910
G1 X164.9461 Y-105.4951
G1 X164.9849 Y-105.5119
G1 X165.0045 Y-105.5213
G1 X165.0172 Y-105.5284
G1 X165.0444 Y-105.5431
G1 X165.0451 Y-105.5436
G1 X165.0601 Y-105.5543
G1 X165.0632 Y-105.5563
G1 X165.0708 Y-105.5619
G1 X165.0810 Y-105.5705
G1 X165.0921 Y-105.5802
G1 X165.1549 Y-105.6429
G1 X165.1787 Y-105.6688
G1 X165.1805 Y-105.6706
G1 X165.1853 Y-105.6762
G1 X165.1876 Y-105.6787
G1 X165.2240 Y-105.7229
G1 X165.2646 Y-105.7755
G1 X165.2814 Y-105.7968
G1 X165.3146 Y-105.8431
G1 X165.3179 Y-105.8474
G1 X165.3281 Y-105.8616
G1 X165.4028 Y-105.9754
G1 X165.4119 Y-105.9894
G1 X165.4635 Y-106.0740
G1 X165.4713 Y-106.0872
G1 X165.5394 Y-106.2058
G1 X165.5448 Y-106.2152
G1 X165.5623 Y-106.2479
G1 X165.5663 Y-106.2553
G1 X165.5915 Y-106.3026
G1 X165.6126 Y-106.3435
G1 X165.6573 Y-106.4326
G1 X165.6839 Y-106.4875
G1 X165.7233 Y-106.5708
G1 X165.7266 Y-106.5779
G1 X165.7307 Y-106.5873
G1 X165.7541 Y-106.6394
G1 X165.7566 Y-106.6447
G1 X165.7589 Y-106.6500
G1 X165.7698 Y-106.6754
G1 X165.7972 Y-106.7379
G1 X165.8061 Y-106.7582
G1 X165.8699 Y-106.9139
G1 X165.8777 Y-106.9330
G1 X165.8841 Y-106.9485
G1 X165.8897 Y-106.9635
G1 X165.8932 Y-106.9729
G1 X165.3637 Y-106.9396
G1 X164.5763 Y-106.8921
G1 X163.0190 Y-106.8029
G1 X161.6304 Y-106.7280
G1 X160.0551 Y-106.6493
G1 X158.4648 Y-106.5723
G1 X157.1419 Y-106.5131
G1 X157.1600 Y-106.5058
G1 X157.2517 Y-106.4679
G1 X157.2560 Y-106.4661
G1 X157.4018 Y-106.4080
G1 X157.4797 Y-106.3780
G1 X157.6459 Y-106.3153
G1 X157.2118 Y-105.1217
G1 X157.2280 Y-105.1156
G1 X157.3014 Y-105.0895
G1 X157.4843 Y-105.0254
G1 X157.6309 Y-104.9762
G1 X157.6438 Y-104.9716
G1 X157.7228 Y-104.9457
G1 X157.8249 Y-104.9132
G1 X157.8673 Y-104.9007
G1 X157.9611 Y-104.8715
G1 X157.9710 Y-104.8680
G1 X158.0363 Y-104.8484
G1 X158.0434 Y-104.8466
G1 X158.2570 Y-104.7834
G1 X158.2616 Y-104.7824
G1 X158.3345 Y-104.7610
G1 X158.4538 Y-104.7278
G1 X158.4582 Y-104.7267
G1 X158.4721 Y-104.7229
G1 X158.5199 Y-104.7105
G1 X158.5750 Y-104.6958
G1 X158.5961 Y-104.6904
G1 X158.7800 Y-104.6427
G1 X158.9161 Y-104.6086
G1 X158.9441 Y-104.6018
G1 X158.9654 Y-104.5969
G1 X159.2146 Y-104.5375
G1 X159.2209 Y-104.5362
G1 X159.3103 Y-104.5162
G1 X159.3167 Y-104.5149
G1 X159.5463 Y-104.4641
G1 X159.6598 Y-104.4405
G1 X159.6857 Y-104.4357
G1 X159.7523 Y-104.4222
G1 X159.7622 Y-104.4202
G1 X159.9954 Y-104.3742
G1 X160.0939 Y-104.3556
G1 X160.3883 Y-104.3026
G1 X160.4099 Y-104.2982
G1 X160.4536 Y-104.2906
G1 X160.4655 Y-104.2888
G1 X160.5204 Y-104.2794
G1 X160.5308 Y-104.2779
G1 X160.5633 Y-104.2723
G1 X160.6177 Y-104.2642
G1 X160.7094 Y-104.2492
G1 X160.7134 Y-104.2485
G1 X160.7185 Y-104.2477
G1 X160.8630 Y-104.2248
G1 X160.8922 Y-104.2205
G1 X161.0342 Y-104.1994
G1 X161.0467 Y-104.1974
G1 X161.1942 Y-104.1763
G1 X161.2087 Y-104.1745
G1 X161.3459 Y-104.1557
G1 X161.5587 Y-104.1276
G1 X161.6547 Y-104.1156
G1 X161.6822 Y-104.1121
G1 X161.7000 Y-104.1103
G1 X161.8369 Y-104.0945
G1 X161.8422 Y-104.0940
G1 X161.8623 Y-104.0922
G1 X162.0030 Y-104.0778
G1 X162.0390 Y-104.0742
G1 X162.1678 Y-104.0623
G1 X162.2514 Y-104.0549
G1 X162.3520 Y-104.0465
G1 X162.3687 Y-104.0450
G1 X162.3687 Y-104.0453
G1 X162.5356 Y-104.0336
G1 X162.6738 Y-104.0260
G1 X162.6883 Y-104.0254
G1 X162.7896 Y-104.0204
G1 X162.9153 Y-104.0158
G1 X162.9943 Y-104.0130
G1 X163.0276 Y-104.0120
G1 X163.0411 Y-104.0120
G1 X163.1429 Y-104.0097
G1 X163.1490 Y-104.0097
G1 X163.3050 Y-104.0082
G1 X163.3182 Y-104.0084
G1 X163.4350 Y-104.0097
G1 X163.5633 Y-104.0107
G1 X163.5676 Y-104.0110
G1 X163.6550 Y-104.0140
G1 X163.7292 Y-104.0171
G1 X163.7505 Y-104.0178
G1 X163.7853 Y-104.0201
G1 X163.8701 Y-104.0242
G1 X163.9237 Y-104.0275
G1 X164.0177 Y-104.0341
G1 X164.1328 Y-104.0432
G1 X164.1409 Y-104.0440
G1 X164.1483 Y-104.0447
G1 X164.1645 Y-104.0465
G1 X164.2410 Y-104.0544
G1 X164.2410 Y-104.0541
G1 X164.2831 Y-104.0587
G1 X164.3682 Y-104.0684
G1 X164.4018 Y-104.0727
G1 X164.4393 Y-104.0780
G1 X164.4767 Y-104.0831
G1 X164.4787 Y-104.0834
G1 X164.5531 Y-104.0943
G1 X164.6222 Y-104.1055
G1 X164.6900 Y-104.1171
G1 X164.7480 Y-104.1283
G1 X164.7480 Y-104.1286
G1 X164.8239 Y-104.1433
G1 X164.8269 Y-104.1438
G1 X164.8409 Y-104.1466
G1 X164.9085 Y-104.1616
G1 X164.9387 Y-104.1682
G1 X164.9659 Y-104.1745
G1 X164.9857 Y-104.1796
G1 X165.0357 Y-104.1923
G1 X165.0555 Y-104.1977
G1 X165.0845 Y-104.2053
G1 X165.1056 Y-104.2114
G1 X165.1310 Y-104.2185
G1 X165.1526 Y-104.2251
G1 X165.2046 Y-104.2403
G1 X165.2191 Y-104.2452
G1 X165.2445 Y-104.2533
G1 X165.2737 Y-104.2632
G1 X165.3349 Y-104.2840
G1 X165.3522 Y-104.2906
G1 X165.4048 Y-104.3104
G1 X165.4124 Y-104.3137
G1 X165.4338 Y-104.3224
G1 X165.4866 Y-104.3450
G1 X165.5026 Y-104.3521
G1 X165.5206 Y-104.3600
G1 X165.5237 Y-104.3615
G1 X165.5605 Y-104.3793
G1 X165.5679 Y-104.3831
G1 X165.5902 Y-104.3940
G1 X165.5989 Y-104.3983
G1 X165.6225 Y-104.4118
G1 X165.6768 Y-104.4412
G1 X165.6766 Y-104.4412
G1 X165.6979 Y-104.4537
G1 X165.7591 Y-104.4928
G1 X165.7807 Y-104.5083
G1 X165.7921 Y-104.5162
G1 X165.8104 Y-104.5291
G1 X165.8130 Y-104.5312
G1 X165.8551 Y-104.5627
G1 X165.8628 Y-104.5688
G1 X165.8752 Y-104.5789
G1 X165.8788 Y-104.5820
G1 X165.8998 Y-104.5997
G1 X165.9021 Y-104.6018
G1 X165.9425 Y-104.6368
G1 X165.9550 Y-104.6485
G1 X165.9727 Y-104.6645
G1 X166.0685 Y-104.7603
G1 X166.1152 Y-104.8106
G1 X166.1279 Y-104.8248
G1 X166.1389 Y-104.8375
G1 X166.1574 Y-104.8586
G1 X166.1617 Y-104.8639
G1 X166.1635 Y-104.8659
G1 X166.2110 Y-104.9238
G1 X166.2184 Y-104.9327
G1 X166.2651 Y-104.9932
G1 X166.2979 Y-105.0351
G1 X166.3446 Y-105.0999
G1 X166.3558 Y-105.1154
G1 X166.3789 Y-105.1481
G1 X166.3807 Y-105.1509
G1 X166.4708 Y-105.2881
G1 X166.4873 Y-105.3137
G1 X166.5544 Y-105.4232
G1 X166.5729 Y-105.4550
G1 X166.6410 Y-105.5736
G1 X166.6547 Y-105.5980
G1 X166.6555 Y-105.5995
G1 X166.6593 Y-105.6063
G1 X166.6745 Y-105.6348
G1 X166.6855 Y-105.6546
G1 X166.7126 Y-105.7057
G1 X166.7449 Y-105.7681
G1 X166.7927 Y-105.8634
G1 X166.7937 Y-105.8654
G1 X166.8323 Y-105.9449
G1 X166.8716 Y-106.0282
G1 X166.8851 Y-106.0572
G1 X166.8892 Y-106.0666
G1 X166.9174 Y-106.1293
G1 X166.9326 Y-106.1649
G1 X166.9600 Y-106.2274
G1 X166.9809 Y-106.2759
G1 X167.0439 Y-106.4293
G1 X167.0553 Y-106.4570
G1 X167.0649 Y-106.4809
G1 X167.0751 Y-106.5080
G1 X167.1320 Y-106.6561
G1 X167.1358 Y-106.6670
G1 X167.1521 Y-106.7100
G1 X167.1764 Y-106.7783
G1 X167.1902 Y-106.8187
G1 X167.2364 Y-106.9510
G1 X167.2557 Y-107.0079
G1 X167.2877 Y-107.1065
G1 X167.2908 Y-107.1146
G1 X167.2910 Y-107.1159
G1 X167.3195 Y-107.2063
G1 X167.3545 Y-107.3219
G1 X167.3548 Y-107.3226
G1 X167.3911 Y-107.4438
G1 X167.3967 Y-107.4628
G1 X167.3987 Y-107.4704
G1 X167.3997 Y-107.4737
G1 X167.4160 Y-107.5339
G1 X167.4292 Y-107.5804
G1 X167.4312 Y-107.5870
G1 X167.4528 Y-107.6637
G1 X167.4525 Y-107.6637
G1 X167.4708 Y-107.7323
G1 X167.4759 Y-107.7529
G1 X167.4980 Y-107.8375
G1 X167.5171 Y-107.9137
G1 X167.5326 Y-107.9754
G1 X167.5333 Y-107.9792
G1 X167.5638 Y-108.1075
G1 X167.5661 Y-108.1154
G1 X167.5966 Y-108.2474
G1 X167.6192 Y-108.3523
G1 X167.6202 Y-108.3574
G1 X167.5541 Y-108.3528
G1 X166.7982 Y-108.3026
G1 X166.0545 Y-108.2556
G1 X165.2872 Y-108.2073
G1 X164.5036 Y-108.1601
G1 X162.9507 Y-108.0712
G1 X161.5669 Y-107.9965
G1 X159.9936 Y-107.9177
G1 X158.4079 Y-107.8410
G1 X157.0373 Y-107.7796
G1 X155.4693 Y-107.7107
G1 X154.3152 Y-107.6640
G1 X153.5318 Y-107.6330
G1 X153.5852 Y-107.5601
G1 X153.6286 Y-107.5017
G1 X153.6342 Y-107.4946
G1 X153.6672 Y-107.4524
G1 X153.6863 Y-107.4275
G1 X153.7063 Y-107.4024
G1 X153.7541 Y-107.3434
G1 X153.7825 Y-107.3094
G1 X153.7952 Y-107.2942
G1 X153.8488 Y-107.2325
G1 X153.8572 Y-107.2236
G1 X153.8963 Y-107.1789
G1 X153.9789 Y-107.0879
G1 X154.0888 Y-106.9736
G1 X154.1140 Y-106.9485
G1 X154.1551 Y-106.9078
G1 X154.1582 Y-106.9050
G1 X154.1617 Y-106.9015
G1 X154.2491 Y-106.8187
G1 X154.3573 Y-106.7206
G1 X154.3939 Y-106.6881
G1 X154.5135 Y-106.5878
G1 X154.5158 Y-106.5858
G1 X154.5547 Y-106.5535
G1 X154.5717 Y-106.5393
G1 X154.5869 Y-106.5271
G1 X154.6040 Y-106.5134
G1 X154.6456 Y-106.4806
G1 X154.6517 Y-106.4760
G1 X154.6929 Y-106.4440
G1 X154.6990 Y-106.4395
G1 X154.7058 Y-106.4341
G1 X154.7089 Y-106.4318
G1 X154.7183 Y-106.4245
G1 X154.8163 Y-106.3513
G1 X154.8270 Y-106.3437
G1 X154.8282 Y-106.3427
G1 X154.8704 Y-106.3125
G1 X154.8732 Y-106.3104
G1 X154.8755 Y-106.3089
G1 X154.8834 Y-106.3036
G1 X154.9580 Y-106.2507
G1 X154.9624 Y-106.2474
G1 X154.9872 Y-106.2302
G1 X155.0619 Y-106.1799
G1 X155.0645 Y-106.1781
G1 X155.0706 Y-106.1745
G1 X155.1920 Y-106.0953
G1 X155.1981 Y-106.0917
G1 X155.3715 Y-105.9835
G1 X155.4142 Y-105.9584
G1 X155.4272 Y-105.9510
G1 X155.5438 Y-105.8829
G1 X155.5488 Y-105.8802
G1 X155.7071 Y-105.7918
G1 X155.8249 Y-105.7290
G1 X155.9090 Y-105.6856
G1 X155.9481 Y-105.6658
G1 X156.0139 Y-105.6325
G1 X156.0271 Y-105.6262
G1 X156.0675 Y-105.6063
G1 X156.0698 Y-105.6053
G1 X156.1800 Y-105.5520
G1 X156.1922 Y-105.5467
G1 X156.3550 Y-105.4707
G1 X156.3576 Y-105.4697
G1 X156.3972 Y-105.4517
G1 X156.4279 Y-105.4387
G1 X156.5079 Y-105.4034
G1 X156.5704 Y-105.3760
G1 X156.6268 Y-105.3513
G1 X156.6304 Y-105.3498
G1 X156.6753 Y-105.3318
G1 X156.7670 Y-105.2939
G1 X156.7851 Y-105.2868
G1 X156.9453 Y-105.2228
G1 X157.0304 Y-105.1900
G1 X157.2118 Y-105.1215
G1 X157.2118 Y-105.1217
G1 X156.7658 Y-103.9325
G1 X156.7820 Y-103.9264
G1 X156.8755 Y-103.8931
G1 X157.0744 Y-103.8235
G1 X157.2263 Y-103.7725
G1 X157.2341 Y-103.7694
G1 X157.3281 Y-103.7387
G1 X157.4569 Y-103.6978
G1 X157.4894 Y-103.6881
G1 X157.5831 Y-103.6589
G1 X157.5831 Y-103.6587
G1 X157.6835 Y-103.6284
G1 X157.6835 Y-103.6287
G1 X157.9052 Y-103.5632
G1 X157.9052 Y-103.5634
G1 X157.9938 Y-103.5375
G1 X158.1216 Y-103.5020
G1 X158.1239 Y-103.5014
G1 X158.1379 Y-103.4976
G1 X158.1897 Y-103.4842
G1 X158.2623 Y-103.4646
G1 X158.2768 Y-103.4611
G1 X158.4607 Y-103.4133
G1 X158.6121 Y-103.3755
G1 X158.6481 Y-103.3666
G1 X158.6710 Y-103.3615
G1 X158.9301 Y-103.2998
G1 X158.9428 Y-103.2970
G1 X159.0401 Y-103.2751
G1 X159.0454 Y-103.2741
G1 X159.2697 Y-103.2251
G1 X159.2809 Y-103.2223
G1 X159.4152 Y-103.1944
G1 X159.4325 Y-103.1911
G1 X159.5036 Y-103.1766
G1 X159.5166 Y-103.1740
G1 X159.7497 Y-103.1281
G1 X159.8686 Y-103.1057
G1 X160.1630 Y-103.0526
G1 X160.1734 Y-103.0503
G1 X160.2516 Y-103.0366
G1 X160.2516 Y-103.0369
G1 X160.3111 Y-103.0267
G1 X160.3184 Y-103.0257
G1 X160.3634 Y-103.0181
G1 X160.4129 Y-103.0107
G1 X160.5046 Y-102.9957
G1 X160.5046 Y-102.9955
G1 X160.5201 Y-102.9932
G1 X160.6647 Y-102.9703
G1 X160.7058 Y-102.9642
G1 X160.8478 Y-102.9432
G1 X160.8562 Y-102.9416
G1 X161.0236 Y-102.9178
G1 X161.0363 Y-102.9162
G1 X161.1790 Y-102.8967
G1 X161.3919 Y-102.8685
G1 X161.4980 Y-102.8553
G1 X161.5389 Y-102.8502
G1 X161.5562 Y-102.8484
G1 X161.6878 Y-102.8334
G1 X161.7157 Y-102.8301
G1 X161.7322 Y-102.8289
G1 X161.8729 Y-102.8144
G1 X161.9217 Y-102.8095
G1 X162.0505 Y-102.7976
G1 X162.1399 Y-102.7897
G1 X162.2471 Y-102.7808
G1 X162.2791 Y-102.7783
G1 X162.4551 Y-102.7659
G1 X162.6088 Y-102.7575
G1 X162.6245 Y-102.7570
G1 X162.7358 Y-102.7514
G1 X162.7434 Y-102.7511
G1 X162.8694 Y-102.7466
G1 X162.9540 Y-102.7435
G1 X163.0042 Y-102.7420
G1 X163.0126 Y-102.7422
G1 X163.1257 Y-102.7397
G1 X163.1376 Y-102.7397
G1 X163.3055 Y-102.7382
G1 X163.3324 Y-102.7384
G1 X163.4462 Y-102.7397
G1 X163.5900 Y-102.7410
G1 X163.6111 Y-102.7417
G1 X163.7073 Y-102.7450
G1 X163.7812 Y-102.7481
G1 X163.8122 Y-102.7493
G1 X163.8445 Y-102.7514
G1 X163.9372 Y-102.7557
G1 X163.9410 Y-102.7560
G1 X164.0126 Y-102.7605
G1 X164.1066 Y-102.7671
G1 X164.2506 Y-102.7786
G1 X164.2590 Y-102.7796
G1 X164.2862 Y-102.7821
G1 X164.2946 Y-102.7831
G1 X164.3710 Y-102.7910
G1 X164.4264 Y-102.7968
G1 X164.5181 Y-102.8073
G1 X164.5813 Y-102.8154
G1 X164.6080 Y-102.8192
G1 X164.6649 Y-102.8268
G1 X164.6649 Y-102.8271
G1 X164.7472 Y-102.8393
G1 X164.7505 Y-102.8398
G1 X164.8328 Y-102.8530
G1 X164.9194 Y-102.8680
G1 X164.9227 Y-102.8687
G1 X164.9898 Y-102.8817
G1 X165.0657 Y-102.8964
G1 X165.0726 Y-102.8974
G1 X165.0810 Y-102.8992
G1 X165.0810 Y-102.8995
G1 X165.0929 Y-102.9020
G1 X165.1013 Y-102.9035
G1 X165.1795 Y-102.9208
G1 X165.2097 Y-102.9274
G1 X165.2102 Y-102.9274
G1 X165.2707 Y-102.9416
G1 X165.2966 Y-102.9482
G1 X165.3489 Y-102.9614
G1 X165.3791 Y-102.9696
G1 X165.4216 Y-102.9807
G1 X165.4480 Y-102.9884
G1 X165.4861 Y-102.9990
G1 X165.5092 Y-103.0061
G1 X165.5821 Y-103.0275
G1 X165.6006 Y-103.0338
G1 X165.6466 Y-103.0483
G1 X165.6827 Y-103.0608
G1 X165.7581 Y-103.0864
G1 X165.8000 Y-103.1022
G1 X165.8526 Y-103.1220
G1 X165.8546 Y-103.1227
G1 X165.8701 Y-103.1286
G1 X165.8907 Y-103.1372
G1 X165.9301 Y-103.1532
G1 X165.9870 Y-103.1776
G1 X166.0121 Y-103.1888
G1 X166.0510 Y-103.2058
G1 X166.0637 Y-103.2119
G1 X166.0662 Y-103.2132
G1 X166.0695 Y-103.2147
G1 X166.0766 Y-103.2182
G1 X166.1229 Y-103.2406
G1 X166.1229 Y-103.2408
G1 X166.1678 Y-103.2627
G1 X166.2044 Y-103.2817
G1 X166.2283 Y-103.2955
G1 X166.2938 Y-103.3310
G1 X166.3184 Y-103.3452
G1 X166.3466 Y-103.3617
G1 X166.3629 Y-103.3714
G1 X166.4642 Y-103.4362
G1 X166.4828 Y-103.4489
G1 X166.5013 Y-103.4623
G1 X166.5127 Y-103.4702
G1 X166.5656 Y-103.5078
G1 X166.5735 Y-103.5139
G1 X166.6248 Y-103.5522
G1 X166.6415 Y-103.5652
G1 X166.6542 Y-103.5756
G1 X166.6664 Y-103.5853
G1 X166.6900 Y-103.6046
G1 X166.6992 Y-103.6124
G1 X166.7289 Y-103.6376
G1 X166.7375 Y-103.6452
G1 X166.7937 Y-103.6942
G1 X166.7952 Y-103.6955
G1 X166.8102 Y-103.7095
G1 X166.8501 Y-103.7458
G1 X166.8539 Y-103.7491
G1 X166.8612 Y-103.7567
G1 X166.9821 Y-103.8776
G1 X167.0456 Y-103.9459
G1 X167.0550 Y-103.9564
G1 X167.0627 Y-103.9647
G1 X167.0903 Y-103.9960
G1 X167.0947 Y-104.0011
G1 X167.1196 Y-104.0295
G1 X167.1239 Y-104.0348
G1 X167.1381 Y-104.0514
G1 X167.1432 Y-104.0572
G1 X167.1452 Y-104.0600
G1 X167.1914 Y-104.1164
G1 X167.2057 Y-104.1337
G1 X167.2229 Y-104.1557
G1 X167.2671 Y-104.2129
G1 X167.3118 Y-104.2703
G1 X167.3746 Y-104.3569
G1 X167.3936 Y-104.3833
G1 X167.4338 Y-104.4402
G1 X167.4424 Y-104.4539
G1 X167.5356 Y-104.5959
G1 X167.5648 Y-104.6411
G1 X167.6380 Y-104.7608
G1 X167.6745 Y-104.8228
G1 X167.7426 Y-104.9414
G1 X167.7680 Y-104.9868
G1 X167.7848 Y-105.0181
G1 X167.8038 Y-105.0524
G1 X167.8346 Y-105.1103
G1 X167.8803 Y-105.1989
G1 X167.9280 Y-105.2942
G1 X167.9283 Y-105.2942
G1 X167.9369 Y-105.3117
G1 X167.9367 Y-105.3117
G1 X167.9801 Y-105.4014
G1 X168.0213 Y-105.4882
G1 X168.0479 Y-105.5459
G1 X168.0477 Y-105.5459
G1 X168.0759 Y-105.6086
G1 X168.0949 Y-105.6533
G1 X168.1267 Y-105.7255
G1 X168.1533 Y-105.7874
G1 X168.2178 Y-105.9447
G1 X168.2293 Y-105.9724
G1 X168.2521 Y-106.0298
G1 X168.2605 Y-106.0526
G1 X168.3233 Y-106.2159
G1 X168.3248 Y-106.2205
G1 X168.3443 Y-106.2726
G1 X168.3456 Y-106.2759
G1 X168.3725 Y-106.3513
G1 X168.3890 Y-106.3998
G1 X168.4391 Y-106.5431
G1 X168.4637 Y-106.6157
G1 X168.4957 Y-106.7143
G1 X168.4960 Y-106.7143
G1 X168.5026 Y-106.7351
G1 X168.5348 Y-106.8377
G1 X168.5699 Y-106.9533
G1 X168.5707 Y-106.9553
G1 X168.6108 Y-107.0897
G1 X168.6115 Y-107.0922
G1 X168.6202 Y-107.1222
G1 X168.6377 Y-107.1867
G1 X168.6509 Y-107.2332
G1 X168.6522 Y-107.2370
G1 X168.6778 Y-107.3305
G1 X168.6799 Y-107.3371
G1 X168.7020 Y-107.4202
G1 X168.7045 Y-107.4313
G1 X168.7302 Y-107.5294
G1 X168.7495 Y-107.6066
G1 X168.7673 Y-107.6780
G1 X168.7690 Y-107.6856
G1 X168.7995 Y-107.8139
G1 X168.7998 Y-107.8139
G1 X168.8338 Y-107.9607
G1 X168.8615 Y-108.0882
G1 X168.8915 Y-108.2291
G1 X168.8963 Y-108.2545
G1 X168.9194 Y-108.3701
G1 X168.9552 Y-108.5548
G1 X168.9565 Y-108.5604
G1 X168.9659 Y-108.6114
G1 X168.9943 Y-108.7704
G1 X168.9951 Y-108.7755
G1 X169.0177 Y-108.9111
G1 X169.0434 Y-109.0706
G1 X169.0550 Y-109.1441
G1 X169.0698 Y-109.2431
G1 X169.0710 Y-109.2553
G1 X169.1025 Y-109.4804
G1 X169.1211 Y-109.6231
G1 X169.1348 Y-109.7377
G1 X169.1089 Y-109.7356
G1 X168.5582 Y-109.6957
G1 X167.4698 Y-109.6200
G1 X166.7182 Y-109.5700
G1 X165.9748 Y-109.5230
G1 X165.2107 Y-109.4750
G1 X164.4310 Y-109.4280
G1 X162.8821 Y-109.3394
G1 X161.5034 Y-109.2650
G1 X159.9324 Y-109.1862
G1 X158.3510 Y-109.1098
G1 X156.9817 Y-109.0483
G1 X155.4180 Y-108.9797
G1 X154.2649 Y-108.9330
G1 X152.5549 Y-108.8652
G1 X151.4998 Y-108.8271
G1 X151.5069 Y-108.8078
G1 X151.5100 Y-108.7999
G1 X151.5633 Y-108.6559
G1 X151.5720 Y-108.6343
G1 X151.5913 Y-108.5842
G1 X151.5923 Y-108.5820
G1 X151.5935 Y-108.5794
G1 X151.6360 Y-108.4740
G1 X151.6357 Y-108.4740
G1 X151.6563 Y-108.4240
G1 X151.6598 Y-108.4153
G1 X151.6616 Y-108.4113
G1 X151.7030 Y-108.3135
G1 X151.7089 Y-108.3005
G1 X151.7348 Y-108.2413
G1 X151.7355 Y-108.2398
G1 X151.7513 Y-108.2050
G1 X151.7526 Y-108.2027
G1 X151.7945 Y-108.1110
G1 X151.8026 Y-108.0922
G1 X151.8234 Y-108.0478
G1 X151.8260 Y-108.0430
G1 X151.8775 Y-107.9365
G1 X151.8859 Y-107.9200
G1 X151.9527 Y-107.7879
G1 X151.9568 Y-107.7806
G1 X152.0083 Y-107.6828
G1 X152.0281 Y-107.6462
G1 X152.0861 Y-107.5411
G1 X152.1407 Y-107.4461
G1 X152.1496 Y-107.4313
G1 X152.1684 Y-107.3996
G1 X152.2059 Y-107.3374
G1 X152.2413 Y-107.2794
G1 X152.3022 Y-107.1834
G1 X152.3312 Y-107.1387
G1 X152.3345 Y-107.1336
G1 X152.4000 Y-107.0348
G1 X152.4061 Y-107.0259
G1 X152.4170 Y-107.0102
G1 X152.4831 Y-106.9157
G1 X152.5024 Y-106.8890
G1 X152.5664 Y-106.8017
G1 X152.6174 Y-106.7331
G1 X152.6316 Y-106.7148
G1 X152.6576 Y-106.6820
G1 X152.6837 Y-106.6477
G1 X152.7165 Y-106.6066
G1 X152.7195 Y-106.6028
G1 X152.7673 Y-106.5439
G1 X152.8064 Y-106.4969
G1 X152.8295 Y-106.4692
G1 X152.8968 Y-106.3920
G1 X152.8999 Y-106.3889
G1 X152.9431 Y-106.3394
G1 X153.0556 Y-106.2159
G1 X153.1729 Y-106.0938
G1 X153.2138 Y-106.0524
G1 X153.2227 Y-106.0437
G1 X153.2733 Y-105.9939
G1 X153.2814 Y-105.9861
G1 X153.3840 Y-105.8888
G1 X153.5041 Y-105.7798
G1 X153.5727 Y-105.7189
G1 X153.5758 Y-105.7166
G1 X153.6972 Y-105.6147
G1 X153.7023 Y-105.6107
G1 X153.7406 Y-105.5787
G1 X153.7637 Y-105.5594
G1 X153.7818 Y-105.5449
G1 X153.7866 Y-105.5411
G1 X153.8082 Y-105.5235
G1 X153.8605 Y-105.4824
G1 X153.8707 Y-105.4748
G1 X153.9192 Y-105.4369
G1 X153.9260 Y-105.4316
G1 X153.9291 Y-105.4293
G1 X153.9451 Y-105.4169
G1 X153.9497 Y-105.4136
G1 X154.0703 Y-105.3234
G1 X154.0721 Y-105.3221
G1 X154.0848 Y-105.3130
G1 X154.0896 Y-105.3097
G1 X154.1422 Y-105.2721
G1 X154.1498 Y-105.2667
G1 X154.2245 Y-105.2139
G1 X154.2245 Y-105.2137
G1 X154.2712 Y-105.1814
G1 X154.3578 Y-105.1230
G1 X154.3771 Y-105.1103
G1 X154.3771 Y-105.1105
G1 X154.5143 Y-105.0211
G1 X154.5257 Y-105.0143
G1 X154.7101 Y-104.8992
G1 X154.7820 Y-104.8568
G1 X154.7866 Y-104.8542
G1 X154.9136 Y-104.7801
G1 X154.9306 Y-104.7707
G1 X155.0838 Y-104.6853
G1 X155.0909 Y-104.6813
G1 X155.0957 Y-104.6785
G1 X155.2423 Y-104.6005
G1 X155.3352 Y-104.5525
G1 X155.3748 Y-104.5324
G1 X155.4391 Y-104.4999
G1 X155.4505 Y-104.4941
G1 X155.4668 Y-104.4865
G1 X155.5123 Y-104.4641
G1 X155.5173 Y-104.4618
G1 X155.6451 Y-104.4001
G1 X155.6555 Y-104.3955
G1 X155.8326 Y-104.3130
G1 X155.8328 Y-104.3132
G1 X155.8877 Y-104.2883
G1 X155.9149 Y-104.2769
G1 X155.9977 Y-104.2403
G1 X156.0619 Y-104.2121
G1 X156.1183 Y-104.1875
G1 X156.1490 Y-104.1745
G1 X156.1907 Y-104.1578
G1 X156.2824 Y-104.1199
G1 X156.3172 Y-104.1060
G1 X156.4627 Y-104.0483
G1 X156.4747 Y-104.0432
G1 X156.5735 Y-104.0051
G1 X156.7658 Y-103.9325
G1 X156.3174 Y-102.7443
G1 X156.3482 Y-102.7328
G1 X156.4564 Y-102.6942
G1 X156.6649 Y-102.6213
G1 X156.8211 Y-102.5688
G1 X156.8211 Y-102.5685
G1 X156.9436 Y-102.5284
G1 X157.0899 Y-102.4819
G1 X157.1114 Y-102.4755
G1 X157.2052 Y-102.4463
G1 X157.3273 Y-102.4095
G1 X157.5405 Y-102.3473
G1 X157.5506 Y-102.3440
G1 X157.6441 Y-102.3168
G1 X157.8026 Y-102.2726
G1 X157.8158 Y-102.2693
G1 X157.8219 Y-102.2675
G1 X157.8585 Y-102.2581
G1 X157.9469 Y-102.2342
G1 X157.9575 Y-102.2317
G1 X158.1414 Y-102.1839
G1 X158.2948 Y-102.1456
G1 X158.3068 Y-102.1428
G1 X158.3621 Y-102.1291
G1 X158.3766 Y-102.1260
G1 X158.6474 Y-102.0615
G1 X158.6636 Y-102.0580
G1 X158.7741 Y-102.0331
G1 X158.7741 Y-102.0333
G1 X158.9984 Y-101.9843
G1 X159.0073 Y-101.9820
G1 X159.1559 Y-101.9510
G1 X159.1782 Y-101.9467
G1 X159.2603 Y-101.9299
G1 X159.2710 Y-101.9279
G1 X159.5041 Y-101.8819
G1 X159.6433 Y-101.8558
G1 X159.9377 Y-101.8027
G1 X159.9377 Y-101.8024
G1 X160.0365 Y-101.7852
G1 X160.1015 Y-101.7740
G1 X160.1069 Y-101.7735
G1 X160.1610 Y-101.7643
G1 X160.2082 Y-101.7572
G1 X160.2999 Y-101.7422
G1 X160.3207 Y-101.7389
G1 X160.4678 Y-101.7156
G1 X160.5194 Y-101.7079
G1 X160.6613 Y-101.6869
G1 X160.6649 Y-101.6861
G1 X160.8595 Y-101.6584
G1 X160.8638 Y-101.6579
G1 X161.0121 Y-101.6376
G1 X161.2250 Y-101.6094
G1 X161.3416 Y-101.5949
G1 X161.3957 Y-101.5883
G1 X161.4124 Y-101.5865
G1 X161.5440 Y-101.5716
G1 X161.5910 Y-101.5662
G1 X161.6022 Y-101.5655
G1 X161.7429 Y-101.5510
G1 X161.8046 Y-101.5449
G1 X161.9390 Y-101.5324
G1 X162.0284 Y-101.5246
G1 X162.1475 Y-101.5147
G1 X162.1831 Y-101.5119
G1 X162.3779 Y-101.4981
G1 X162.5453 Y-101.4890
G1 X162.5597 Y-101.4885
G1 X162.6842 Y-101.4821
G1 X162.6974 Y-101.4819
G1 X162.8234 Y-101.4773
G1 X162.9082 Y-101.4743
G1 X162.9842 Y-101.4722
G1 X162.9842 Y-101.4725
G1 X163.1086 Y-101.4697
G1 X163.1254 Y-101.4697
G1 X163.3103 Y-101.4679
G1 X163.3469 Y-101.4684
G1 X163.4584 Y-101.4697
G1 X163.6159 Y-101.4712
G1 X163.6494 Y-101.4722
G1 X163.7596 Y-101.4760
G1 X163.8336 Y-101.4791
G1 X163.8856 Y-101.4814
G1 X163.9037 Y-101.4827
G1 X164.0070 Y-101.4875
G1 X164.0220 Y-101.4885
G1 X164.0937 Y-101.4931
G1 X164.2113 Y-101.5014
G1 X164.3281 Y-101.5111
G1 X164.3471 Y-101.5121
G1 X164.3741 Y-101.5144
G1 X164.3807 Y-101.5154
G1 X164.4203 Y-101.5192
G1 X164.4246 Y-101.5197
G1 X164.5011 Y-101.5276
G1 X164.5608 Y-101.5340
G1 X164.6715 Y-101.5467
G1 X164.7419 Y-101.5558
G1 X164.7533 Y-101.5571
G1 X164.7876 Y-101.5619
G1 X164.8445 Y-101.5700
G1 X164.8513 Y-101.5708
G1 X164.9438 Y-101.5845
G1 X164.9486 Y-101.5853
G1 X165.0421 Y-101.6003
G1 X165.1564 Y-101.6206
G1 X165.1632 Y-101.6216
G1 X165.1630 Y-101.6216
G1 X165.2316 Y-101.6348
G1 X165.3075 Y-101.6495
G1 X165.3075 Y-101.6493
G1 X165.3454 Y-101.6572
G1 X165.3573 Y-101.6597
G1 X165.3573 Y-101.6594
G1 X165.4457 Y-101.6790
G1 X165.4990 Y-101.6904
G1 X165.5026 Y-101.6914
G1 X165.5691 Y-101.7072
G1 X165.6065 Y-101.7166
G1 X165.6093 Y-101.7173
G1 X165.6733 Y-101.7336
G1 X165.7022 Y-101.7415
G1 X165.7601 Y-101.7567
G1 X165.7899 Y-101.7651
G1 X165.8417 Y-101.7796
G1 X165.8676 Y-101.7877
G1 X165.9626 Y-101.8156
G1 X165.9842 Y-101.8230
G1 X166.0403 Y-101.8408
G1 X166.0944 Y-101.8593
G1 X166.1884 Y-101.8916
G1 X166.1932 Y-101.8934
G1 X166.2473 Y-101.9134
G1 X166.2986 Y-101.9327
G1 X166.3007 Y-101.9335
G1 X166.3438 Y-101.9500
G1 X166.3700 Y-101.9612
G1 X166.4305 Y-101.9858
G1 X166.4873 Y-102.0102
G1 X166.5239 Y-102.0265
G1 X166.5793 Y-102.0508
G1 X166.6136 Y-102.0671
G1 X166.6283 Y-102.0745
G1 X166.6789 Y-102.0989
G1 X166.7368 Y-102.1270
G1 X166.7401 Y-102.1288
G1 X166.8127 Y-102.1669
G1 X166.8358 Y-102.1801
G1 X166.9067 Y-102.2187
G1 X166.9113 Y-102.2213
G1 X166.9593 Y-102.2487
G1 X166.9953 Y-102.2698
G1 X167.0251 Y-102.2876
G1 X167.0332 Y-102.2924
G1 X167.1559 Y-102.3709
G1 X167.1798 Y-102.3869
G1 X167.1833 Y-102.3894
G1 X167.2166 Y-102.4123
G1 X167.2219 Y-102.4164
G1 X167.2333 Y-102.4242
G1 X167.3108 Y-102.4793
G1 X167.3339 Y-102.4966
G1 X167.3852 Y-102.5350
G1 X167.4289 Y-102.5688
G1 X167.4411 Y-102.5789
G1 X167.4701 Y-102.6018
G1 X167.4937 Y-102.6211
G1 X167.5092 Y-102.6338
G1 X167.5181 Y-102.6417
G1 X167.5554 Y-102.6731
G1 X167.5587 Y-102.6759
G1 X167.5719 Y-102.6879
G1 X167.6392 Y-102.7466
G1 X167.6557 Y-102.7613
G1 X167.6654 Y-102.7704
G1 X167.7053 Y-102.8068
G1 X167.7096 Y-102.8103
G1 X167.7203 Y-102.8205
G1 X167.7243 Y-102.8245
G1 X167.7289 Y-102.8286
G1 X167.7507 Y-102.8497
G1 X167.7594 Y-102.8586
G1 X167.8892 Y-102.9884
G1 X167.9125 Y-103.0130
G1 X167.9760 Y-103.0813
G1 X168.0042 Y-103.1126
G1 X168.0103 Y-103.1194
G1 X168.0502 Y-103.1641
G1 X168.0505 Y-103.1646
G1 X168.0558 Y-103.1707
G1 X168.0863 Y-103.2058
G1 X168.0888 Y-103.2091
G1 X168.1099 Y-103.2337
G1 X168.1274 Y-103.2546
G1 X168.1277 Y-103.2548
G1 X168.1274 Y-103.2548
G1 X168.1737 Y-103.3112
G1 X168.2016 Y-103.3455
G1 X168.2272 Y-103.3783
G1 X168.2699 Y-103.4334
G1 X168.3205 Y-103.4984
G1 X168.3207 Y-103.4984
G1 X168.3357 Y-103.5187
G1 X168.4028 Y-103.6112
G1 X168.4284 Y-103.6470
G1 X168.4752 Y-103.7133
G1 X168.4914 Y-103.7372
G1 X168.5041 Y-103.7570
G1 X168.6032 Y-103.9078
G1 X168.6428 Y-103.9693
G1 X168.6463 Y-103.9752
G1 X168.7215 Y-104.0981
G1 X168.7761 Y-104.1908
G1 X168.8513 Y-104.3219
G1 X168.8767 Y-104.3673
G1 X168.8958 Y-104.4029
G1 X168.9219 Y-104.4501
G1 X168.9560 Y-104.5141
G1 X169.0157 Y-104.6297
G1 X169.0634 Y-104.7250
G1 X169.0802 Y-104.7590
G1 X169.1279 Y-104.8578
G1 X169.1691 Y-104.9447
G1 X169.2062 Y-105.0252
G1 X169.2344 Y-105.0879
G1 X169.2577 Y-105.1428
G1 X169.2925 Y-105.2220
G1 X169.3261 Y-105.3000
G1 X169.3281 Y-105.3048
G1 X169.3918 Y-105.4600
G1 X169.4033 Y-105.4877
G1 X169.4416 Y-105.5845
G1 X169.4464 Y-105.5980
G1 X169.5145 Y-105.7755
G1 X169.5143 Y-105.7755
G1 X169.5407 Y-105.8461
G1 X169.5422 Y-105.8504
G1 X169.5762 Y-105.9462
G1 X169.5879 Y-105.9810
G1 X169.6418 Y-106.1352
G1 X169.6717 Y-106.2236
G1 X169.7037 Y-106.3221
G1 X169.7142 Y-106.3544
G1 X169.7502 Y-106.4692
G1 X169.7853 Y-106.5847
G1 X169.7873 Y-106.5906
G1 X169.8313 Y-106.7377
G1 X169.8310 Y-106.7377
G1 X169.8437 Y-106.7813
G1 X169.8595 Y-106.8395
G1 X169.8727 Y-106.8860
G1 X169.8732 Y-106.8873
G1 X169.9026 Y-106.9947
G1 X169.9029 Y-106.9947
G1 X169.9339 Y-107.1113
G1 X169.9336 Y-107.1113
G1 X169.9621 Y-107.2205
G1 X169.9816 Y-107.2985
G1 X170.0027 Y-107.3828
G1 X170.0047 Y-107.3920
G1 X170.0352 Y-107.5202
G1 X170.0746 Y-107.6897
G1 X170.0751 Y-107.6922
G1 X170.1035 Y-107.8238
G1 X170.1378 Y-107.9848
G1 X170.1416 Y-108.0049
G1 X170.1663 Y-108.1278
G1 X170.1663 Y-108.1283
G1 X170.2021 Y-108.3130
G1 X170.2024 Y-108.3130
G1 X170.2161 Y-108.3876
G1 X170.2445 Y-108.5466
G1 X170.2478 Y-108.5665
G1 X170.2717 Y-108.7095
G1 X170.2973 Y-108.8690
G1 X170.3113 Y-108.9584
G1 X170.3286 Y-109.0752
G1 X170.3291 Y-109.0808
G1 X170.3614 Y-109.3132
G1 X170.3619 Y-109.3165
G1 X170.3819 Y-109.4707
G1 X170.3822 Y-109.4725
G1 X170.4033 Y-109.6490
G1 X170.4040 Y-109.6566
G1 X170.4264 Y-109.8616
G1 X170.4266 Y-109.8641
G1 X170.4477 Y-110.0752
G1 X170.4475 Y-110.0752
G1 X170.4660 Y-110.2794
G1 X170.4670 Y-110.2934
G1 X170.4724 Y-110.3554
G1 X170.4792 Y-110.4392
G1 X170.4795 Y-110.4478
G1 X170.4988 Y-110.7122
G1 X170.5018 Y-110.7585
G1 X170.5016 Y-110.7585
G1 X170.5163 Y-111.0206
G1 X170.5204 Y-111.1039
G1 X170.5204 Y-111.1087
G1 X170.5209 Y-111.1179
G1 X169.7251 Y-111.0557
G1 X169.0172 Y-111.0023
G1 X168.4701 Y-110.9627
G1 X167.3855 Y-110.8873
G1 X166.6380 Y-110.8375
G1 X165.8953 Y-110.7905
G1 X165.1343 Y-110.7427
G1 X164.3583 Y-110.6960
G1 X162.8135 Y-110.6076
G1 X161.4396 Y-110.5334
G1 X159.8712 Y-110.4547
G1 X158.2941 Y-110.3785
G1 X156.9260 Y-110.3170
G1 X155.3665 Y-110.2487
G1 X154.2146 Y-110.2020
G1 X152.5090 Y-110.1344
G1 X150.6827 Y-110.0684
G1 X149.8361 Y-110.0394
G1 X149.8422 Y-110.0112
G1 X149.8425 Y-110.0112
G1 X149.8796 Y-109.8420
G1 X149.8829 Y-109.8291
G1 X149.9022 Y-109.7478
G1 X149.9067 Y-109.7293
G1 X149.9296 Y-109.6355
G1 X149.9342 Y-109.6173
G1 X149.9634 Y-109.5032
G1 X149.9631 Y-109.5032
G1 X149.9972 Y-109.3739
G1 X150.0398 Y-109.2195
G1 X150.0772 Y-109.0889
G1 X150.0789 Y-109.0833
G1 X150.0792 Y-109.0821
G1 X150.0975 Y-109.0211
G1 X150.1262 Y-108.9276
G1 X150.1424 Y-108.8756
G1 X150.1427 Y-108.8751
G1 X150.2034 Y-108.6881
G1 X150.2042 Y-108.6853
G1 X150.2324 Y-108.6018
G1 X150.2733 Y-108.4844
G1 X150.2761 Y-108.4755
G1 X150.2877 Y-108.4430
G1 X150.3172 Y-108.3630
G1 X150.3190 Y-108.3587
G1 X150.3723 Y-108.2147
G1 X150.3721 Y-108.2147
G1 X150.3804 Y-108.1933
G1 X150.3881 Y-108.1745
G1 X150.4084 Y-108.1222
G1 X150.4117 Y-108.1143
G1 X150.4147 Y-108.1062
G1 X150.4152 Y-108.1052
G1 X150.4577 Y-107.9998
G1 X150.4871 Y-107.9282
G1 X150.5389 Y-107.8060
G1 X150.5433 Y-107.7961
G1 X150.5448 Y-107.7925
G1 X150.5770 Y-107.7186
G1 X150.5773 Y-107.7186
G1 X150.5956 Y-107.6780
G1 X150.5974 Y-107.6747
G1 X150.6393 Y-107.5830
G1 X150.6431 Y-107.5738
G1 X150.6794 Y-107.4964
G1 X150.6830 Y-107.4892
G1 X150.7345 Y-107.3828
G1 X150.7533 Y-107.3452
G1 X150.8140 Y-107.2256
G1 X150.8178 Y-107.2177
G1 X150.8333 Y-107.1883
G1 X150.8849 Y-107.0905
G1 X150.9156 Y-107.0336
G1 X150.9735 Y-106.9284
G1 X151.0441 Y-106.8052
G1 X151.0566 Y-106.7844
G1 X151.0754 Y-106.7526
G1 X151.1214 Y-106.6764
G1 X151.1574 Y-106.6173
G1 X151.1696 Y-106.5977
G1 X151.2367 Y-106.4923
G1 X151.2700 Y-106.4410
G1 X151.2735 Y-106.4354
G1 X151.2758 Y-106.4321
G1 X151.3446 Y-106.3282
G1 X151.3578 Y-106.3089
G1 X151.3764 Y-106.2822
G1 X151.4538 Y-106.1715
G1 X151.4777 Y-106.1385
G1 X151.5417 Y-106.0511
G1 X151.6078 Y-105.9625
G1 X151.6291 Y-105.9350
G1 X151.6474 Y-105.9122
G1 X151.6791 Y-105.8705
G1 X151.7261 Y-105.8113
G1 X151.7279 Y-105.8090
G1 X151.7327 Y-105.8032
G1 X151.7805 Y-105.7443
G1 X151.8313 Y-105.6833
G1 X151.8633 Y-105.6449
G1 X151.8661 Y-105.6416
G1 X151.8679 Y-105.6396
G1 X151.9438 Y-105.5525
G1 X151.9441 Y-105.5525
G1 X152.0027 Y-105.4854
G1 X152.0030 Y-105.4854
G1 X152.1163 Y-105.3610
G1 X152.1160 Y-105.3607
G1 X152.1214 Y-105.3551
G1 X152.1341 Y-105.3419
G1 X152.2567 Y-105.2142
G1 X152.3182 Y-105.1519
G1 X152.3314 Y-105.1390
G1 X152.3832 Y-105.0879
G1 X152.3977 Y-105.0737
G1 X152.4051 Y-105.0668
G1 X152.5265 Y-104.9518
G1 X152.5308 Y-104.9480
G1 X152.6619 Y-104.8291
G1 X152.6997 Y-104.7956
G1 X152.7477 Y-104.7532
G1 X152.7541 Y-104.7478
G1 X152.7592 Y-104.7438
G1 X152.8905 Y-104.6335
G1 X152.8905 Y-104.6338
G1 X152.9265 Y-104.6038
G1 X152.9497 Y-104.5845
G1 X152.9839 Y-104.5568
G1 X152.9888 Y-104.5530
G1 X153.0231 Y-104.5253
G1 X153.0825 Y-104.4786
G1 X153.0904 Y-104.4727
G1 X153.1478 Y-104.4280
G1 X153.1521 Y-104.4247
G1 X153.1790 Y-104.4039
G1 X153.1892 Y-104.3965
G1 X153.3291 Y-104.2919
G1 X153.3299 Y-104.2914
G1 X153.3426 Y-104.2822
G1 X153.3492 Y-104.2777
G1 X153.4076 Y-104.2358
G1 X153.4163 Y-104.2299
G1 X153.4909 Y-104.1771
G1 X153.5610 Y-104.1286
G1 X153.6476 Y-104.0701
G1 X153.6840 Y-104.0463
G1 X153.8282 Y-103.9523
G1 X153.8387 Y-103.9454
G1 X153.8557 Y-103.9353
G1 X154.0319 Y-103.8258
G1 X154.0436 Y-103.8182
G1 X154.0637 Y-103.8060
G1 X154.1445 Y-103.7582
G1 X154.1465 Y-103.7572
G1 X154.2880 Y-103.6747
G1 X154.2880 Y-103.6749
G1 X154.3124 Y-103.6612
G1 X154.4655 Y-103.5759
G1 X154.4701 Y-103.5731
G1 X154.4996 Y-103.5571
G1 X154.6596 Y-103.4720
G1 X154.7525 Y-103.4240
G1 X154.8016 Y-103.3991
G1 X154.8658 Y-103.3666
G1 X154.8879 Y-103.3554
G1 X154.9070 Y-103.3465
G1 X154.9639 Y-103.3186
G1 X154.9657 Y-103.3178
G1 X155.1094 Y-103.2485
G1 X155.1221 Y-103.2429
G1 X155.3065 Y-103.1575
G1 X155.3086 Y-103.1565
G1 X155.3764 Y-103.1258
G1 X155.4002 Y-103.1159
G1 X155.4874 Y-103.0773
G1 X155.5516 Y-103.0491
G1 X155.6159 Y-103.0211
G1 X155.6728 Y-102.9973
G1 X155.7061 Y-102.9838
G1 X155.7978 Y-102.9459
G1 X155.8493 Y-102.9251
G1 X155.9949 Y-102.8675
G1 X156.0025 Y-102.8642
G1 X156.1155 Y-102.8205
G1 X156.3174 Y-102.7443
G1 X155.8691 Y-101.5561
G1 X155.9204 Y-101.5370
G1 X156.0312 Y-101.4974
G1 X156.2598 Y-101.4176
G1 X156.4160 Y-101.3650
G1 X156.5592 Y-101.3178
G1 X156.7137 Y-101.2688
G1 X156.7335 Y-101.2629
G1 X156.8272 Y-101.2337
G1 X156.9712 Y-101.1903
G1 X157.1843 Y-101.1281
G1 X157.1843 Y-101.1278
G1 X157.2903 Y-101.0971
G1 X157.4724 Y-101.0463
G1 X157.4792 Y-101.0448
G1 X157.5024 Y-101.0384
G1 X157.5270 Y-101.0321
G1 X157.6304 Y-101.0041
G1 X157.6382 Y-101.0023
G1 X157.8221 Y-100.9546
G1 X157.9867 Y-100.9134
G1 X158.0040 Y-100.9094
G1 X158.0733 Y-100.8924
G1 X158.0840 Y-100.8901
G1 X158.3416 Y-100.8291
G1 X158.3591 Y-100.8245
G1 X158.3670 Y-100.8228
G1 X158.3853 Y-100.8190
G1 X158.5029 Y-100.7925
G1 X158.7271 Y-100.7435
G1 X158.7271 Y-100.7433
G1 X158.9121 Y-100.7047
G1 X158.9237 Y-100.7024
G1 X159.0144 Y-100.6838
G1 X159.0253 Y-100.6818
G1 X159.2585 Y-100.6358
G1 X159.4180 Y-100.6058
G1 X159.7124 Y-100.5528
G1 X159.8163 Y-100.5345
G1 X159.8940 Y-100.5213
G1 X159.8940 Y-100.5215
G1 X159.9687 Y-100.5088
G1 X160.0035 Y-100.5037
G1 X160.0952 Y-100.4887
G1 X160.1206 Y-100.4849
G1 X160.2829 Y-100.4590
G1 X160.3329 Y-100.4517
G1 X160.4749 Y-100.4306
G1 X160.4749 Y-100.4303
G1 X160.6913 Y-100.3993
G1 X160.6913 Y-100.3996
G1 X160.8397 Y-100.3793
G1 X161.0584 Y-100.3503
G1 X161.1856 Y-100.3346
G1 X161.2608 Y-100.3254
G1 X161.2687 Y-100.3247
G1 X161.4002 Y-100.3097
G1 X161.4660 Y-100.3023
G1 X161.4721 Y-100.3021
G1 X161.6128 Y-100.2876
G1 X161.6875 Y-100.2802
G1 X161.8275 Y-100.2673
G1 X161.9169 Y-100.2594
G1 X162.0423 Y-100.2490
G1 X162.0947 Y-100.2449
G1 X162.2913 Y-100.2312
G1 X162.4962 Y-100.2198
G1 X162.4962 Y-100.2200
G1 X162.6230 Y-100.2137
G1 X162.6230 Y-100.2134
G1 X162.6337 Y-100.2132
G1 X162.6514 Y-100.2127
G1 X162.7774 Y-100.2081
G1 X162.8633 Y-100.2050
G1 X162.9557 Y-100.2027
G1 X163.0802 Y-100.2000
G1 X163.0916 Y-100.1997
G1 X163.1140 Y-100.1997
G1 X163.2555 Y-100.1984
G1 X163.3118 Y-100.1979
G1 X163.3614 Y-100.1984
G1 X163.4726 Y-100.1997
G1 X163.6311 Y-100.2015
G1 X163.6362 Y-100.2015
G1 X163.6939 Y-100.2030
G1 X163.8102 Y-100.2071
G1 X163.8851 Y-100.2101
G1 X163.9537 Y-100.2132
G1 X163.9616 Y-100.2139
G1 X164.0843 Y-100.2195
G1 X164.1030 Y-100.2210
G1 X164.1826 Y-100.2261
G1 X164.3019 Y-100.2345
G1 X164.3156 Y-100.2355
G1 X164.4340 Y-100.2454
G1 X164.4416 Y-100.2457
G1 X164.5031 Y-100.2510
G1 X164.5031 Y-100.2513
G1 X164.5503 Y-100.2558
G1 X164.5547 Y-100.2563
G1 X164.6311 Y-100.2642
G1 X164.7050 Y-100.2721
G1 X164.8206 Y-100.2853
G1 X164.9062 Y-100.2965
G1 X164.9151 Y-100.2972
G1 X164.9672 Y-100.3046
G1 X165.0241 Y-100.3127
G1 X165.0241 Y-100.3125
G1 X165.1302 Y-100.3282
G1 X165.1516 Y-100.3315
G1 X165.2473 Y-100.3470
G1 X165.2521 Y-100.3478
G1 X165.2552 Y-100.3483
G1 X165.3774 Y-100.3699
G1 X165.3868 Y-100.3711
G1 X165.3951 Y-100.3727
G1 X165.4018 Y-100.3742
G1 X165.4734 Y-100.3879
G1 X165.5493 Y-100.4026
G1 X165.6098 Y-100.4148
G1 X165.6217 Y-100.4174
G1 X165.7144 Y-100.4377
G1 X165.7848 Y-100.4529
G1 X165.7955 Y-100.4557
G1 X165.8790 Y-100.4755
G1 X165.9164 Y-100.4849
G1 X165.9202 Y-100.4860
G1 X165.9997 Y-100.5060
G1 X166.0271 Y-100.5136
G1 X166.0972 Y-100.5322
G1 X166.1317 Y-100.5418
G1 X166.1843 Y-100.5566
G1 X166.2138 Y-100.5652
G1 X166.2295 Y-100.5703
G1 X166.3329 Y-100.6010
G1 X166.3431 Y-100.6038
G1 X166.3675 Y-100.6122
G1 X166.4437 Y-100.6363
G1 X166.4442 Y-100.6366
G1 X166.5064 Y-100.6579
G1 X166.6143 Y-100.6950
G1 X166.6156 Y-100.6955
G1 X166.6392 Y-100.7041
G1 X166.6921 Y-100.7240
G1 X166.7546 Y-100.7473
G1 X166.7579 Y-100.7486
G1 X166.8079 Y-100.7679
G1 X166.8137 Y-100.7702
G1 X166.8490 Y-100.7849
G1 X166.9258 Y-100.8162
G1 X166.9273 Y-100.8169
G1 X166.9882 Y-100.8431
G1 X167.0365 Y-100.8644
G1 X167.0969 Y-100.8911
G1 X167.1135 Y-100.8985
G1 X167.1701 Y-100.9254
G1 X167.1795 Y-100.9302
G1 X167.2349 Y-100.9569
G1 X167.2928 Y-100.9851
G1 X167.3283 Y-101.0031
G1 X167.3349 Y-101.0067
G1 X167.4025 Y-101.0425
G1 X167.4177 Y-101.0501
G1 X167.4221 Y-101.0524
G1 X167.4421 Y-101.0641
G1 X167.5155 Y-101.1039
G1 X167.5173 Y-101.1047
G1 X167.5414 Y-101.1187
G1 X167.6001 Y-101.1522
G1 X167.6362 Y-101.1733
G1 X167.6885 Y-101.2045
G1 X167.7088 Y-101.2170
G1 X167.7119 Y-101.2187
G1 X167.7154 Y-101.2213
G1 X167.8356 Y-101.2982
G1 X167.8546 Y-101.3104
G1 X167.9016 Y-101.3419
G1 X167.9034 Y-101.3432
G1 X167.9425 Y-101.3701
G1 X167.9425 Y-101.3704
G1 X167.9539 Y-101.3783
G1 X168.0614 Y-101.4547
G1 X168.0959 Y-101.4806
G1 X168.1612 Y-101.5296
G1 X168.1632 Y-101.5309
G1 X168.1630 Y-101.5312
G1 X168.2295 Y-101.5827
G1 X168.2293 Y-101.5830
G1 X168.2646 Y-101.6109
G1 X168.3004 Y-101.6401
G1 X168.3276 Y-101.6625
G1 X168.3342 Y-101.6686
G1 X168.3736 Y-101.7016
G1 X168.3929 Y-101.7179
G1 X168.4099 Y-101.7334
G1 X168.4764 Y-101.7918
G1 X168.4828 Y-101.7971
G1 X168.5209 Y-101.8311
G1 X168.5206 Y-101.8314
G1 X168.5605 Y-101.8677
G1 X168.5607 Y-101.8675
G1 X168.5988 Y-101.9033
G1 X168.6466 Y-101.9492
G1 X168.6575 Y-101.9604
G1 X168.8005 Y-102.1034
G1 X168.8120 Y-102.1156
G1 X168.8429 Y-102.1484
G1 X168.9064 Y-102.2167
G1 X168.9456 Y-102.2599
G1 X168.9578 Y-102.2739
G1 X169.0063 Y-102.3282
G1 X169.0116 Y-102.3343
G1 X169.0548 Y-102.3844
G1 X169.0545 Y-102.3844
G1 X169.0827 Y-102.4174
G1 X169.1013 Y-102.4395
G1 X169.1122 Y-102.4527
G1 X169.1579 Y-102.5088
G1 X169.1960 Y-102.5555
G1 X169.2303 Y-102.5992
G1 X169.2727 Y-102.6538
G1 X169.3233 Y-102.7189
G1 X169.3393 Y-102.7397
G1 X169.3644 Y-102.7737
G1 X169.4358 Y-102.8723
G1 X169.4645 Y-102.9124
G1 X169.5135 Y-102.9820
G1 X169.5557 Y-103.0440
G1 X169.5658 Y-103.0600
G1 X169.6707 Y-103.2198
G1 X169.7149 Y-103.2883
G1 X169.7152 Y-103.2883
G1 X169.7243 Y-103.3031
G1 X169.7299 Y-103.3125
G1 X169.8051 Y-103.4354
G1 X169.8635 Y-103.5345
G1 X169.8681 Y-103.5423
G1 X169.8760 Y-103.5555
G1 X169.9529 Y-103.6897
G1 X169.9852 Y-103.7473
G1 X169.9892 Y-103.7547
G1 X170.0073 Y-103.7887
G1 X170.0433 Y-103.8540
G1 X170.0774 Y-103.9180
G1 X170.1404 Y-104.0397
G1 X170.1452 Y-104.0488
G1 X170.2036 Y-104.1657
G1 X170.2234 Y-104.2060
G1 X170.2760 Y-104.3148
G1 X170.3184 Y-104.4044
G1 X170.3187 Y-104.4047
G1 X170.3652 Y-104.5060
G1 X170.4012 Y-104.5865
G1 X170.4200 Y-104.6307
G1 X170.4576 Y-104.7161
G1 X170.4934 Y-104.7996
G1 X170.5023 Y-104.8212
G1 X170.5658 Y-104.9754
G1 X170.5773 Y-105.0031
G1 X170.6225 Y-105.1174
G1 X170.6339 Y-105.1466
G1 X170.6336 Y-105.1466
G1 X170.7010 Y-105.3236
G1 X170.7037 Y-105.3305
G1 X170.7302 Y-105.4011
G1 X170.7385 Y-105.4242
G1 X170.7766 Y-105.5312
G1 X170.7868 Y-105.5621
G1 X170.8445 Y-105.7272
G1 X170.8744 Y-105.8156
G1 X170.9133 Y-105.9350
G1 X170.9255 Y-105.9731
G1 X170.9656 Y-106.1006
G1 X171.0007 Y-106.2162
G1 X171.0009 Y-106.2162
G1 X171.0510 Y-106.3843
G1 X171.0672 Y-106.4405
G1 X171.0812 Y-106.4923
G1 X171.0944 Y-106.5388
G1 X171.0947 Y-106.5388
G1 X171.1277 Y-106.6594
G1 X171.1630 Y-106.7923
G1 X171.1940 Y-106.9116
G1 X171.2135 Y-106.9896
G1 X171.2392 Y-107.0920
G1 X171.2407 Y-107.0994
G1 X171.2725 Y-107.2335
G1 X171.3154 Y-107.4186
G1 X171.3164 Y-107.4235
G1 X171.3459 Y-107.5596
G1 X171.3842 Y-107.7399
G1 X171.3870 Y-107.7552
G1 X171.4116 Y-107.8781
G1 X171.4132 Y-107.8865
G1 X171.4490 Y-108.0712
G1 X171.4663 Y-108.1644
G1 X171.4972 Y-108.3379
G1 X171.5003 Y-108.3561
G1 X171.5005 Y-108.3574
G1 X171.5257 Y-108.5080
G1 X171.5524 Y-108.6742
G1 X171.5668 Y-108.7674
G1 X171.5679 Y-108.7735
G1 X171.5874 Y-108.9063
G1 X171.5872 Y-108.9063
G1 X171.6194 Y-109.1387
G1 X171.6197 Y-109.1387
G1 X171.6420 Y-109.3112
G1 X171.6433 Y-109.3224
G1 X171.6659 Y-109.5124
G1 X171.6664 Y-109.5182
G1 X171.6905 Y-109.7384
G1 X171.6903 Y-109.7384
G1 X171.7124 Y-109.9604
G1 X171.7309 Y-110.1646
G1 X171.7324 Y-110.1852
G1 X171.7380 Y-110.2505
G1 X171.7464 Y-110.3554
G1 X171.7462 Y-110.3554
G1 X171.7655 Y-110.6198
G1 X171.7698 Y-110.6891
G1 X171.7838 Y-110.9442
G1 X171.7848 Y-110.9581
G1 X171.7896 Y-111.0562
G1 X171.7893 Y-111.0562
G1 X171.7982 Y-111.2708
G1 X171.8041 Y-111.4463
G1 X171.8041 Y-111.4638
G1 X171.8084 Y-111.6409
G1 X171.8102 Y-111.7262
G1 X171.8132 Y-111.9873
G1 X171.8137 Y-112.1522
G1 X171.8135 Y-112.1931
G1 X171.8109 Y-112.5019
G1 X171.8109 Y-112.5022
G1 X171.6565 Y-112.4882
G1 X171.0035 Y-112.4323
G1 X170.4815 Y-112.3889
G1 X169.6296 Y-112.3221
G1 X168.9255 Y-112.2690
G1 X168.3819 Y-112.2296
G1 X167.3012 Y-112.1545
G1 X166.5577 Y-112.1049
G1 X165.8158 Y-112.0579
G1 X165.0581 Y-112.0104
G1 X164.2857 Y-111.9640
G1 X162.7449 Y-111.8758
G1 X161.3759 Y-111.8019
G1 X159.8099 Y-111.7232
G1 X158.2369 Y-111.6472
G1 X156.8704 Y-111.5858
G1 X155.3149 Y-111.5177
G1 X154.1643 Y-111.4709
G1 X152.4630 Y-111.4036
G1 X150.6393 Y-111.3376
G1 X149.4031 Y-111.2952
G1 X148.3434 Y-111.2599
G1 X148.3444 Y-111.2500
G1 X148.3500 Y-111.2093
G1 X148.3611 Y-111.1230
G1 X148.3863 Y-110.9408
G1 X148.4086 Y-110.7879
G1 X148.4097 Y-110.7826
G1 X148.4371 Y-110.6063
G1 X148.4379 Y-110.5995
G1 X148.4521 Y-110.5151
G1 X148.4828 Y-110.3399
G1 X148.5082 Y-110.1987
G1 X148.5174 Y-110.1504
G1 X148.5186 Y-110.1443
G1 X148.5511 Y-109.9795
G1 X148.5791 Y-109.8443
G1 X148.6024 Y-109.7366
G1 X148.6398 Y-109.5680
G1 X148.6426 Y-109.5540
G1 X148.6472 Y-109.5357
G1 X148.6665 Y-109.4544
G1 X148.6728 Y-109.4285
G1 X148.6974 Y-109.3274
G1 X148.7038 Y-109.3020
G1 X148.7330 Y-109.1880
G1 X148.7731 Y-109.0351
G1 X148.8204 Y-108.8644
G1 X148.8567 Y-108.7397
G1 X148.8610 Y-108.7229
G1 X148.8831 Y-108.6495
G1 X148.9133 Y-108.5507
G1 X148.9344 Y-108.4829
G1 X148.9347 Y-108.4829
G1 X148.9954 Y-108.2959
G1 X148.9951 Y-108.2959
G1 X149.0287 Y-108.1964
G1 X149.0739 Y-108.0666
G1 X149.0736 Y-108.0666
G1 X149.0955 Y-108.0054
G1 X149.1277 Y-107.9175
G1 X149.1280 Y-107.9175
G1 X149.1813 Y-107.7735
G1 X149.1846 Y-107.7651
G1 X149.1869 Y-107.7587
G1 X149.2009 Y-107.7227
G1 X149.2044 Y-107.7143
G1 X149.2293 Y-107.6503
G1 X149.2306 Y-107.6470
G1 X149.2832 Y-107.5167
G1 X149.3126 Y-107.4450
G1 X149.3761 Y-107.2957
G1 X149.4163 Y-107.2043
G1 X149.4185 Y-107.1987
G1 X149.4419 Y-107.1466
G1 X149.4422 Y-107.1466
G1 X149.4841 Y-107.0549
G1 X149.4838 Y-107.0549
G1 X149.5372 Y-106.9411
G1 X149.5400 Y-106.9355
G1 X149.5915 Y-106.8291
G1 X149.6207 Y-106.7704
G1 X149.6814 Y-106.6508
G1 X149.6832 Y-106.6470
G1 X149.7101 Y-106.5954
G1 X149.7681 Y-106.4857
G1 X149.8029 Y-106.4214
G1 X149.8641 Y-106.3102
G1 X149.9420 Y-106.1740
G1 X149.9644 Y-106.1362
G1 X149.9878 Y-106.0968
G1 X150.0368 Y-106.0155
G1 X150.0729 Y-105.9564
G1 X150.0980 Y-105.9162
G1 X150.1717 Y-105.8004
G1 X150.2108 Y-105.7402
G1 X150.2893 Y-105.6216
G1 X150.3142 Y-105.5853
G1 X150.3360 Y-105.5538
G1 X150.4173 Y-105.4377
G1 X150.4531 Y-105.3879
G1 X150.5171 Y-105.3005
G1 X150.5908 Y-105.2017
G1 X150.6261 Y-105.1560
G1 X150.6390 Y-105.1400
G1 X150.6639 Y-105.1075
G1 X150.6751 Y-105.0925
G1 X150.7396 Y-105.0115
G1 X150.7940 Y-104.9444
G1 X150.8564 Y-104.8692
G1 X150.8938 Y-104.8245
G1 X150.8966 Y-104.8212
G1 X150.8984 Y-104.8192
G1 X150.8986 Y-104.8189
G1 X150.9883 Y-104.7161
G1 X151.0469 Y-104.6490
G1 X151.0637 Y-104.6305
G1 X151.1770 Y-104.5060
G1 X151.2054 Y-104.4753
G1 X151.2179 Y-104.4623
G1 X151.3406 Y-104.3346
G1 X151.4140 Y-104.2601
G1 X151.4427 Y-104.2317
G1 X151.4925 Y-104.1829
G1 X151.5247 Y-104.1512
G1 X151.5316 Y-104.1448
G1 X151.6621 Y-104.0211
G1 X151.6776 Y-104.0072
G1 X151.8087 Y-103.8883
G1 X151.8592 Y-103.8436
G1 X151.9199 Y-103.7900
G1 X151.9306 Y-103.7811
G1 X151.9395 Y-103.7735
G1 X151.9428 Y-103.7709
G1 X152.0787 Y-103.6569
G1 X152.1148 Y-103.6269
G1 X152.1386 Y-103.6071
G1 X152.1884 Y-103.5667
G1 X152.1907 Y-103.5649
G1 X152.2303 Y-103.5329
G1 X152.3055 Y-103.4738
G1 X152.3106 Y-103.4702
G1 X152.3723 Y-103.4222
G1 X152.4145 Y-103.3897
G1 X152.4287 Y-103.3795
G1 X152.5687 Y-103.2749
G1 X152.5684 Y-103.2749
G1 X152.6022 Y-103.2505
G1 X152.6090 Y-103.2457
G1 X152.6827 Y-103.1928
G1 X152.6827 Y-103.1931
G1 X152.7574 Y-103.1403
G1 X152.8511 Y-103.0755
G1 X152.9509 Y-103.0082
G1 X152.9908 Y-102.9820
G1 X153.1351 Y-102.8880
G1 X153.1650 Y-102.8687
G1 X153.1856 Y-102.8563
G1 X153.3619 Y-102.7468
G1 X153.3667 Y-102.7435
G1 X153.4168 Y-102.7130
G1 X153.5107 Y-102.6574
G1 X153.5107 Y-102.6577
G1 X153.6553 Y-102.5741
G1 X153.6606 Y-102.5708
G1 X153.6941 Y-102.5517
G1 X153.8473 Y-102.4664
G1 X153.8473 Y-102.4661
G1 X153.9034 Y-102.4357
G1 X154.0634 Y-102.3506
G1 X154.1777 Y-102.2914
G1 X154.2283 Y-102.2657
G1 X154.2926 Y-102.2332
G1 X154.3401 Y-102.2099
G1 X154.3477 Y-102.2063
G1 X154.4145 Y-102.1735
G1 X154.4145 Y-102.1738
G1 X154.5684 Y-102.0996
G1 X154.5806 Y-102.0938
G1 X154.5887 Y-102.0902
G1 X154.7731 Y-102.0049
G1 X154.7764 Y-102.0034
G1 X154.7792 Y-102.0021
G1 X154.8745 Y-101.9592
G1 X154.8859 Y-101.9546
G1 X154.9771 Y-101.9142
G1 X155.0413 Y-101.8860
G1 X155.1104 Y-101.8560
G1 X155.1922 Y-101.8217
G1 X155.2214 Y-101.8098
G1 X155.3131 Y-101.7720
G1 X155.3815 Y-101.7443
G1 X155.5270 Y-101.6866
G1 X155.5270 Y-101.6864
G1 X155.6578 Y-101.6358
G1 X155.8691 Y-101.5561
G1 X155.4277 Y-100.3653
G1 X155.4866 Y-100.3435
G1 X155.6128 Y-100.2982
G1 X155.8414 Y-100.2185
G1 X156.0185 Y-100.1588
G1 X156.1749 Y-100.1072
G1 X156.3406 Y-100.0547
G1 X156.3555 Y-100.0503
G1 X156.4493 Y-100.0211
G1 X156.6151 Y-99.9711
G1 X156.8282 Y-99.9089
G1 X156.9496 Y-99.8736
G1 X157.1422 Y-99.8200
G1 X157.1422 Y-99.8202
G1 X157.1699 Y-99.8126
G1 X157.1958 Y-99.8060
G1 X157.3190 Y-99.7727
G1 X157.3190 Y-99.7730
G1 X157.5029 Y-99.7252
G1 X157.6827 Y-99.6803
G1 X157.7022 Y-99.6757
G1 X157.7843 Y-99.6556
G1 X157.7914 Y-99.6541
G1 X158.0490 Y-99.5931
G1 X158.0579 Y-99.5906
G1 X158.1008 Y-99.5810
G1 X158.1071 Y-99.5797
G1 X158.2316 Y-99.5517
G1 X158.4559 Y-99.5027
G1 X158.6629 Y-99.4593
G1 X158.6685 Y-99.4583
G1 X158.7675 Y-99.4380
G1 X158.7797 Y-99.4357
G1 X159.0129 Y-99.3897
G1 X159.1927 Y-99.3559
G1 X159.4871 Y-99.3028
G1 X159.5973 Y-99.2835
G1 X159.6832 Y-99.2690
G1 X159.7617 Y-99.2558
G1 X159.7988 Y-99.2502
G1 X159.8905 Y-99.2353
G1 X159.9204 Y-99.2309
G1 X160.0954 Y-99.2030
G1 X160.1465 Y-99.1954
G1 X160.2885 Y-99.1743
G1 X160.5189 Y-99.1413
G1 X160.6672 Y-99.1210
G1 X160.8920 Y-99.0912
G1 X161.0314 Y-99.0740
G1 X161.1249 Y-99.0625
G1 X161.1249 Y-99.0628
G1 X161.2565 Y-99.0478
G1 X161.3421 Y-99.0384
G1 X161.3421 Y-99.0387
G1 X161.4828 Y-99.0242
G1 X161.5704 Y-99.0156
G1 X161.7104 Y-99.0026
G1 X161.8056 Y-98.9942
G1 X161.9372 Y-98.9833
G1 X162.0063 Y-98.9780
G1 X162.2029 Y-98.9642
G1 X162.4327 Y-98.9515
G1 X162.5595 Y-98.9452
G1 X162.5892 Y-98.9439
G1 X162.6052 Y-98.9434
G1 X162.7309 Y-98.9388
G1 X162.8282 Y-98.9353
G1 X162.8292 Y-98.9353
G1 X162.9255 Y-98.9330
G1 X163.0523 Y-98.9302
G1 X163.0759 Y-98.9297
G1 X163.1025 Y-98.9297
G1 X163.2440 Y-98.9284
G1 X163.3126 Y-98.9279
G1 X163.3753 Y-98.9284
G1 X163.4901 Y-98.9297
G1 X163.6194 Y-98.9315
G1 X163.6471 Y-98.9312
G1 X163.6583 Y-98.9315
G1 X163.6624 Y-98.9317
G1 X163.7383 Y-98.9338
G1 X163.8546 Y-98.9378
G1 X163.9433 Y-98.9414
G1 X164.0208 Y-98.9449
G1 X164.0208 Y-98.9452
G1 X164.1516 Y-98.9513
G1 X164.1838 Y-98.9536
G1 X164.2715 Y-98.9592
G1 X164.3908 Y-98.9675
G1 X164.4216 Y-98.9698
G1 X164.5399 Y-98.9797
G1 X164.5399 Y-98.9795
G1 X164.6156 Y-98.9863
G1 X164.6227 Y-98.9868
G1 X164.6845 Y-98.9927
G1 X164.6845 Y-98.9929
G1 X164.7660 Y-99.0013
G1 X164.8493 Y-99.0102
G1 X164.9537 Y-99.0222
G1 X164.9771 Y-99.0249
G1 X165.0693 Y-99.0369
G1 X165.0693 Y-99.0366
G1 X165.1467 Y-99.0473
G1 X165.2036 Y-99.0554
G1 X165.3250 Y-99.0732
G1 X165.3545 Y-99.0778
G1 X165.4503 Y-99.0933
G1 X165.4569 Y-99.0940
G1 X165.4706 Y-99.0963
G1 X165.4762 Y-99.0976
G1 X165.5983 Y-99.1192
G1 X165.6044 Y-99.1199
G1 X165.6364 Y-99.1258
G1 X165.6410 Y-99.1268
G1 X165.7152 Y-99.1410
G1 X165.7911 Y-99.1558
G1 X165.8638 Y-99.1705
G1 X165.8656 Y-99.1707
G1 X165.8940 Y-99.1768
G1 X165.9854 Y-99.1969
G1 X166.0738 Y-99.2162
G1 X166.0886 Y-99.2200
G1 X166.1871 Y-99.2434
G1 X166.2298 Y-99.2541
G1 X166.2298 Y-99.2543
G1 X166.3248 Y-99.2782
G1 X166.3520 Y-99.2858
G1 X166.4345 Y-99.3076
G1 X166.4744 Y-99.3188
G1 X166.5270 Y-99.3336
G1 X166.5841 Y-99.3503
G1 X166.5915 Y-99.3529
G1 X166.6949 Y-99.3836
G1 X166.7030 Y-99.3856
G1 X166.7192 Y-99.3907
G1 X166.7335 Y-99.3950
G1 X166.7566 Y-99.4032
G1 X166.8379 Y-99.4293
G1 X166.8422 Y-99.4306
G1 X166.8541 Y-99.4344
G1 X166.8559 Y-99.4352
G1 X166.9189 Y-99.4567
G1 X167.0268 Y-99.4938
G1 X167.0286 Y-99.4943
G1 X167.0865 Y-99.5154
G1 X167.1358 Y-99.5340
G1 X167.2107 Y-99.5619
G1 X167.2151 Y-99.5637
G1 X167.2651 Y-99.5830
G1 X167.3040 Y-99.5985
G1 X167.3288 Y-99.6089
G1 X167.4241 Y-99.6478
G1 X167.4287 Y-99.6500
G1 X167.4990 Y-99.6803
G1 X167.5491 Y-99.7024
G1 X167.6095 Y-99.7290
G1 X167.6585 Y-99.7514
G1 X167.7302 Y-99.7854
G1 X167.7302 Y-99.7857
G1 X167.7909 Y-99.8149
G1 X167.8488 Y-99.8431
G1 X167.8620 Y-99.8497
G1 X167.9242 Y-99.8812
G1 X167.9298 Y-99.8845
G1 X167.9974 Y-99.9203
G1 X168.0042 Y-99.9236
G1 X168.0383 Y-99.9419
G1 X168.0484 Y-99.9480
G1 X168.1218 Y-99.9879
G1 X168.1254 Y-99.9896
G1 X168.1706 Y-100.0155
G1 X168.2410 Y-100.0557
G1 X168.2770 Y-100.0768
G1 X168.3530 Y-100.1222
G1 X168.3786 Y-100.1380
G1 X168.4007 Y-100.1517
G1 X168.4007 Y-100.1519
G1 X168.5224 Y-100.2299
G1 X168.5473 Y-100.2459
G1 X168.6166 Y-100.2924
G1 X168.6232 Y-100.2970
G1 X168.6631 Y-100.3244
G1 X168.6745 Y-100.3323
G1 X168.8066 Y-100.4265
G1 X168.8574 Y-100.4641
G1 X168.9252 Y-100.5149
G1 X168.9473 Y-100.5322
G1 X169.0124 Y-100.5832
G1 X169.0172 Y-100.5868
G1 X169.0560 Y-100.6175
G1 X169.0685 Y-100.6277
G1 X169.1089 Y-100.6607
G1 X169.1526 Y-100.6968
G1 X169.1523 Y-100.6970
G1 X169.1909 Y-100.7295
G1 X169.2245 Y-100.7577
G1 X169.2298 Y-100.7623
G1 X169.2478 Y-100.7788
G1 X169.3144 Y-100.8372
G1 X169.3182 Y-100.8403
G1 X169.3296 Y-100.8507
G1 X169.3758 Y-100.8924
G1 X169.4157 Y-100.9287
G1 X169.4271 Y-100.9391
G1 X169.4658 Y-100.9752
G1 X169.5496 Y-101.0559
G1 X169.5557 Y-101.0623
G1 X169.6834 Y-101.1900
G1 X169.7165 Y-101.2241
G1 X169.7243 Y-101.2317
G1 X169.7347 Y-101.2429
G1 X169.7657 Y-101.2756
G1 X169.8478 Y-101.3640
G1 X169.8869 Y-101.4072
G1 X169.8899 Y-101.4108
G1 X169.9057 Y-101.4288
G1 X169.9661 Y-101.4966
G1 X169.9732 Y-101.5050
G1 X170.0210 Y-101.5604
G1 X170.0563 Y-101.6018
G1 X170.0799 Y-101.6300
G1 X170.0969 Y-101.6505
G1 X170.1427 Y-101.7067
G1 X170.1919 Y-101.7674
G1 X170.1963 Y-101.7727
G1 X170.2328 Y-101.8195
G1 X170.2755 Y-101.8743
G1 X170.3261 Y-101.9393
G1 X170.3603 Y-101.9846
G1 X170.3921 Y-102.0277
G1 X170.4688 Y-102.1334
G1 X170.4975 Y-102.1735
G1 X170.5607 Y-102.2637
G1 X170.6187 Y-102.3488
G1 X170.6278 Y-102.3633
G1 X170.7383 Y-102.5317
G1 X170.7825 Y-102.6003
G1 X170.8102 Y-102.6442
G1 X170.8135 Y-102.6500
G1 X170.8965 Y-102.7859
G1 X170.9577 Y-102.8898
G1 X170.9605 Y-102.8946
G1 X170.9776 Y-102.9233
G1 X171.0545 Y-103.0575
G1 X171.0997 Y-103.1385
G1 X171.1132 Y-103.1631
G1 X171.1234 Y-103.1824
G1 X171.1569 Y-103.2441
G1 X171.1648 Y-103.2579
G1 X171.1988 Y-103.3219
G1 X171.2689 Y-103.4572
G1 X171.2811 Y-103.4809
G1 X171.3431 Y-103.6048
G1 X171.3672 Y-103.6538
G1 X171.4241 Y-103.7717
G1 X171.4665 Y-103.8614
G1 X171.4703 Y-103.8695
G1 X171.5247 Y-103.9881
G1 X171.5714 Y-104.0928
G1 X171.5831 Y-104.1204
G1 X171.6176 Y-104.1992
G1 X171.6202 Y-104.2048
G1 X171.6623 Y-104.3041
G1 X171.6664 Y-104.3130
G1 X171.6763 Y-104.3368
G1 X171.7398 Y-104.4908
G1 X171.7512 Y-104.5185
G1 X171.8043 Y-104.6528
G1 X171.8208 Y-104.6952
G1 X171.8881 Y-104.8723
G1 X171.8892 Y-104.8746
G1 X171.9199 Y-104.9569
G1 X171.9349 Y-104.9983
G1 X171.9786 Y-105.1209
G1 X171.9859 Y-105.1438
G1 X172.0472 Y-105.3193
G1 X172.0771 Y-105.4077
G1 X172.0781 Y-105.4103
G1 X172.1218 Y-105.5449
G1 X172.1373 Y-105.5929
G1 X172.1810 Y-105.7321
G1 X172.2161 Y-105.8476
G1 X172.2714 Y-106.0333
G1 X172.2938 Y-106.1110
G1 X172.3029 Y-106.1451
G1 X172.3161 Y-106.1916
G1 X172.3550 Y-106.3330
G1 X172.3923 Y-106.4735
G1 X172.4259 Y-106.6028
G1 X172.4454 Y-106.6808
G1 X172.4767 Y-106.8065
G1 X172.4764 Y-106.8065
G1 X172.5097 Y-106.9470
G1 X172.5541 Y-107.1390
G1 X172.5577 Y-107.1547
G1 X172.5884 Y-107.2967
G1 X172.6258 Y-107.4732
G1 X172.6281 Y-107.4831
G1 X172.6316 Y-107.5007
G1 X172.6324 Y-107.5055
G1 X172.6570 Y-107.6284
G1 X172.6601 Y-107.6449
G1 X172.6961 Y-107.8311
G1 X172.7164 Y-107.9411
G1 X172.7474 Y-108.1146
G1 X172.7495 Y-108.1275
G1 X172.7533 Y-108.1484
G1 X172.7533 Y-108.1489
G1 X172.7794 Y-108.3061
G1 X172.8074 Y-108.4796
G1 X172.8241 Y-108.5878
G1 X172.8244 Y-108.5896
G1 X172.8452 Y-108.7318
G1 X172.8775 Y-108.9642
G1 X172.9041 Y-109.1697
G1 X172.9044 Y-109.1728
G1 X172.9278 Y-109.3699
G1 X172.9288 Y-109.3803
G1 X172.9542 Y-109.6129
G1 X172.9773 Y-109.8456
G1 X172.9971 Y-110.0638
G1 X172.9979 Y-110.0783
G1 X173.0040 Y-110.1504
G1 X173.0129 Y-110.2629
G1 X173.0332 Y-110.5416
G1 X173.0380 Y-110.6198
G1 X173.0520 Y-110.8748
G1 X173.0525 Y-110.8801
G1 X173.0583 Y-111.0044
G1 X173.0675 Y-111.2281
G1 X173.0741 Y-111.4242
G1 X173.0738 Y-111.4328
G1 X173.0781 Y-111.6099
G1 X173.0802 Y-111.7115
G1 X173.0832 Y-111.9726
G1 X173.0837 Y-112.1593
G1 X173.0835 Y-112.2042
G1 X173.0807 Y-112.5220
G1 X173.0807 Y-112.5337
G1 X173.0794 Y-112.5700
G1 X173.0766 Y-112.7067
G1 X173.0728 Y-112.8461
G1 X173.0726 Y-112.8504
G1 X173.0680 Y-112.9861
G1 X173.0624 Y-113.1278
G1 X173.0573 Y-113.2439
G1 X173.0459 Y-113.4593
G1 X173.0378 Y-113.5995
G1 X173.0380 Y-113.5995
G1 X173.0314 Y-113.7001
G1 X173.0172 Y-113.8903
G1 X172.5209 Y-113.8425
G1 X172.1917 Y-113.8116
G1 X171.5483 Y-113.7536
G1 X170.8981 Y-113.6980
G1 X170.3822 Y-113.6551
G1 X169.5341 Y-113.5885
G1 X168.8338 Y-113.5357
G1 X168.2938 Y-113.4966
G1 X167.2166 Y-113.4217
G1 X166.4774 Y-113.3724
G1 X165.7365 Y-113.3254
G1 X164.9819 Y-113.2782
G1 X164.2133 Y-113.2319
G1 X162.6763 Y-113.1440
G1 X161.3118 Y-113.0704
G1 X159.7487 Y-112.9916
G1 X158.1798 Y-112.9160
G1 X156.8150 Y-112.8545
G1 X155.2633 Y-112.7867
G1 X154.1142 Y-112.7399
G1 X152.4170 Y-112.6729
G1 X150.5956 Y-112.6068
G1 X149.3609 Y-112.5644
G1 X148.1638 Y-112.5245
G1 X147.0160 Y-112.4895
G1 X146.9598 Y-112.4880
G1 X146.9690 Y-112.3272
G1 X146.9822 Y-112.1306
G1 X147.0007 Y-111.8954
G1 X147.0010 Y-111.8878
G1 X147.0157 Y-111.7232
G1 X147.0383 Y-111.4979
G1 X147.0604 Y-111.2980
G1 X147.0612 Y-111.2883
G1 X147.0784 Y-111.1377
G1 X147.0795 Y-111.1313
G1 X147.0863 Y-111.0760
G1 X147.0906 Y-111.0447
G1 X147.1031 Y-110.9495
G1 X147.1295 Y-110.7580
G1 X147.1531 Y-110.5957
G1 X147.1546 Y-110.5873
G1 X147.1821 Y-110.4110
G1 X147.1818 Y-110.4110
G1 X147.2011 Y-110.2959
G1 X147.2329 Y-110.1148
G1 X147.2598 Y-109.9652
G1 X147.2722 Y-109.8987
G1 X147.2725 Y-109.8987
G1 X147.3050 Y-109.7338
G1 X147.3378 Y-109.5759
G1 X147.3627 Y-109.4608
G1 X147.3957 Y-109.3125
G1 X147.3995 Y-109.2939
G1 X147.4076 Y-109.2576
G1 X147.4114 Y-109.2424
G1 X147.4307 Y-109.1611
G1 X147.4389 Y-109.1281
G1 X147.4648 Y-109.0216
G1 X147.4734 Y-108.9868
G1 X147.5026 Y-108.8728
G1 X147.5491 Y-108.6968
G1 X147.6009 Y-108.5093
G1 X147.6372 Y-108.3846
G1 X147.6388 Y-108.3782
G1 X147.6690 Y-108.2772
G1 X147.7013 Y-108.1720
G1 X147.7267 Y-108.0907
G1 X147.7874 Y-107.9038
G1 X147.8293 Y-107.7785
G1 X147.8745 Y-107.6488
G1 X147.9037 Y-107.5667
G1 X147.9387 Y-107.4715
G1 X147.9906 Y-107.3333
G1 X147.9961 Y-107.3173
G1 X148.0208 Y-107.2533
G1 X148.0210 Y-107.2533
G1 X148.0515 Y-107.1750
G1 X148.1089 Y-107.0328
G1 X148.1452 Y-106.9447
G1 X148.2108 Y-106.7918
G1 X148.2133 Y-106.7854
G1 X148.2534 Y-106.6940
G1 X148.2560 Y-106.6876
G1 X148.2870 Y-106.6185
G1 X148.3289 Y-106.5268
G1 X148.3307 Y-106.5233
G1 X148.3863 Y-106.4042
G1 X148.3934 Y-106.3889
G1 X148.3972 Y-106.3813
G1 X148.4546 Y-106.2629
G1 X148.4881 Y-106.1956
G1 X148.5489 Y-106.0760
G1 X148.5486 Y-106.0760
G1 X148.5872 Y-106.0021
G1 X148.6512 Y-105.8809
G1 X148.6860 Y-105.8167
G1 X148.7620 Y-105.6790
G1 X148.8399 Y-105.5428
G1 X148.8722 Y-105.4880
G1 X148.8956 Y-105.4486
G1 X148.9522 Y-105.3546
G1 X148.9883 Y-105.2954
G1 X149.0266 Y-105.2342
G1 X149.1071 Y-105.1077
G1 X149.1521 Y-105.0387
G1 X149.2364 Y-104.9114
G1 X149.2695 Y-104.8631
G1 X149.2956 Y-104.8253
G1 X149.3769 Y-104.7092
G1 X149.4285 Y-104.6373
G1 X149.4925 Y-104.5500
G1 X149.5694 Y-104.4468
G1 X149.5737 Y-104.4410
G1 X149.6309 Y-104.3666
G1 X149.6388 Y-104.3572
G1 X149.6479 Y-104.3455
G1 X149.6654 Y-104.3221
G1 X149.6741 Y-104.3109
G1 X149.7536 Y-104.2111
G1 X149.8171 Y-104.1329
G1 X149.8831 Y-104.0534
G1 X149.9199 Y-104.0094
G1 X149.9260 Y-104.0021
G1 X149.9357 Y-103.9909
G1 X150.0325 Y-103.8796
G1 X150.0911 Y-103.8126
G1 X150.1244 Y-103.7755
G1 X150.2377 Y-103.6510
G1 X150.2862 Y-103.5990
G1 X150.3017 Y-103.5827
G1 X150.4244 Y-103.4550
G1 X150.5092 Y-103.3689
G1 X150.5476 Y-103.3308
G1 X150.6014 Y-103.2782
G1 X150.6517 Y-103.2286
G1 X150.6581 Y-103.2228
G1 X150.7886 Y-103.0991
G1 X150.8244 Y-103.0663
G1 X150.9606 Y-102.9429
G1 X151.0221 Y-102.8885
G1 X151.0899 Y-102.8291
G1 X151.0934 Y-102.8258
G1 X151.1023 Y-102.8182
G1 X151.1259 Y-102.7979
G1 X151.1262 Y-102.7981
G1 X151.2669 Y-102.6800
G1 X151.3030 Y-102.6500
G1 X151.3393 Y-102.6201
G1 X151.3914 Y-102.5779
G1 X151.4333 Y-102.5441
G1 X151.5308 Y-102.4674
G1 X151.5308 Y-102.4677
G1 X151.5925 Y-102.4197
G1 X151.6596 Y-102.3683
G1 X151.6695 Y-102.3612
G1 X151.7983 Y-102.2652
G1 X151.8079 Y-102.2579
G1 X151.8628 Y-102.2180
G1 X151.8694 Y-102.2134
G1 X151.9492 Y-102.1563
G1 X152.0238 Y-102.1034
G1 X152.1412 Y-102.0224
G1 X152.2542 Y-101.9462
G1 X152.2941 Y-101.9200
G1 X152.4424 Y-101.8235
G1 X152.4803 Y-101.7991
G1 X152.4998 Y-101.7867
G1 X152.5156 Y-101.7773
G1 X152.6918 Y-101.6678
G1 X152.6918 Y-101.6676
G1 X152.7551 Y-101.6290
G1 X152.8750 Y-101.5581
G1 X153.0195 Y-101.4745
G1 X153.0195 Y-101.4743
G1 X153.0246 Y-101.4715
G1 X153.0759 Y-101.4423
G1 X153.2291 Y-101.3569
G1 X153.3073 Y-101.3143
G1 X153.4673 Y-101.2292
G1 X153.6014 Y-101.1598
G1 X153.6558 Y-101.1321
G1 X153.7317 Y-101.0938
G1 X153.7802 Y-101.0699
G1 X153.7891 Y-101.0658
G1 X153.8633 Y-101.0295
G1 X154.0220 Y-100.9531
G1 X154.0492 Y-100.9401
G1 X154.0568 Y-100.9368
G1 X154.2463 Y-100.8494
G1 X154.2517 Y-100.8469
G1 X154.3667 Y-100.7951
G1 X154.3721 Y-100.7930
G1 X154.4668 Y-100.7511
G1 X154.5311 Y-100.7229
G1 X154.6062 Y-100.6904
G1 X154.7139 Y-100.6452
G1 X154.7371 Y-100.6358
G1 X154.8343 Y-100.5957
G1 X154.9136 Y-100.5634
G1 X155.0591 Y-100.5058
G1 X155.2095 Y-100.4476
G1 X155.4277 Y-100.3653
G1 X154.9804 Y-99.1768
G1 X154.9862 Y-99.1746
G1 X155.0452 Y-99.1527
G1 X155.1950 Y-99.0989
G1 X155.4269 Y-99.0181
G1 X155.6118 Y-98.9556
G1 X155.7777 Y-98.9010
G1 X155.9776 Y-98.8375
G1 X155.9776 Y-98.8377
G1 X156.0713 Y-98.8085
G1 X156.2590 Y-98.7519
G1 X156.4721 Y-98.6897
G1 X156.5877 Y-98.6566
G1 X156.6014 Y-98.6523
G1 X156.8051 Y-98.5957
G1 X156.8328 Y-98.5881
G1 X156.8651 Y-98.5799
G1 X156.9997 Y-98.5436
G1 X157.1836 Y-98.4959
G1 X157.1909 Y-98.4941
G1 X157.3842 Y-98.4458
G1 X157.4002 Y-98.4420
G1 X157.4988 Y-98.4179
G1 X157.4988 Y-98.4181
G1 X157.7564 Y-98.3572
G1 X157.7564 Y-98.3569
G1 X157.8290 Y-98.3402
G1 X157.8290 Y-98.3404
G1 X157.9603 Y-98.3110
G1 X158.1846 Y-98.2619
G1 X158.4079 Y-98.2152
G1 X158.4119 Y-98.2144
G1 X158.5252 Y-98.1911
G1 X158.5341 Y-98.1895
G1 X158.7673 Y-98.1436
G1 X158.9674 Y-98.1060
G1 X159.2618 Y-98.0529
G1 X159.3820 Y-98.0318
G1 X159.4726 Y-98.0166
G1 X159.5636 Y-98.0013
G1 X159.5928 Y-97.9970
G1 X159.6995 Y-97.9795
G1 X159.7203 Y-97.9767
G1 X159.9034 Y-97.9475
G1 X159.9057 Y-97.9472
G1 X159.9583 Y-97.9394
G1 X160.1023 Y-97.9180
G1 X160.3464 Y-97.8830
G1 X160.4947 Y-97.8626
G1 X160.7358 Y-97.8309
G1 X160.8752 Y-97.8136
G1 X160.9811 Y-97.8009
G1 X161.1127 Y-97.7859
G1 X161.2120 Y-97.7753
G1 X161.3527 Y-97.7608
G1 X161.4533 Y-97.7509
G1 X161.5933 Y-97.7379
G1 X161.6944 Y-97.7290
G1 X161.8320 Y-97.7176
G1 X161.9103 Y-97.7115
G1 X162.1188 Y-97.6970
G1 X162.3692 Y-97.6831
G1 X162.4960 Y-97.6767
G1 X162.5473 Y-97.6744
G1 X162.5590 Y-97.6742
G1 X162.6847 Y-97.6696
G1 X162.7962 Y-97.6655
G1 X162.7990 Y-97.6655
G1 X162.8953 Y-97.6633
G1 X163.0248 Y-97.6605
G1 X163.0675 Y-97.6597
G1 X163.0911 Y-97.6597
G1 X163.2326 Y-97.6584
G1 X163.3129 Y-97.6579
G1 X163.3888 Y-97.6584
G1 X163.5077 Y-97.6597
G1 X163.6370 Y-97.6615
G1 X163.6484 Y-97.6612
G1 X163.6926 Y-97.6620
G1 X163.6959 Y-97.6622
G1 X163.7828 Y-97.6645
G1 X163.8991 Y-97.6686
G1 X163.9941 Y-97.6724
G1 X164.0850 Y-97.6767
G1 X164.2105 Y-97.6831
G1 X164.2219 Y-97.6833
G1 X164.2648 Y-97.6861
G1 X164.3604 Y-97.6922
G1 X164.4797 Y-97.7006
G1 X164.5275 Y-97.7041
G1 X164.6458 Y-97.7141
G1 X164.7284 Y-97.7214
G1 X164.7284 Y-97.7212
G1 X164.8145 Y-97.7295
G1 X164.9009 Y-97.7384
G1 X164.9936 Y-97.7483
G1 X165.0980 Y-97.7603
G1 X165.1401 Y-97.7654
G1 X165.2323 Y-97.7773
G1 X165.3238 Y-97.7897
G1 X165.3906 Y-97.7991
G1 X165.5067 Y-97.8164
G1 X165.5199 Y-97.8182
G1 X165.5493 Y-97.8228
G1 X165.6530 Y-97.8395
G1 X165.6530 Y-97.8393
G1 X165.6972 Y-97.8466
G1 X165.6972 Y-97.8469
G1 X165.8193 Y-97.8685
G1 X165.8193 Y-97.8682
G1 X165.8803 Y-97.8792
G1 X165.8803 Y-97.8794
G1 X165.9545 Y-97.8936
G1 X166.0350 Y-97.9094
G1 X166.1173 Y-97.9261
G1 X166.1173 Y-97.9259
G1 X166.1663 Y-97.9363
G1 X166.2577 Y-97.9564
G1 X166.3619 Y-97.9792
G1 X166.3647 Y-97.9800
G1 X166.3817 Y-97.9843
G1 X166.4802 Y-98.0077
G1 X166.5399 Y-98.0227
G1 X166.6387 Y-98.0476
G1 X166.6456 Y-98.0493
G1 X166.6768 Y-98.0580
G1 X166.7594 Y-98.0798
G1 X166.7640 Y-98.0811
G1 X166.8170 Y-98.0958
G1 X166.8696 Y-98.1105
G1 X166.9534 Y-98.1352
G1 X166.9534 Y-98.1354
G1 X167.0568 Y-98.1662
G1 X167.0568 Y-98.1659
G1 X167.0916 Y-98.1766
G1 X167.1312 Y-98.1890
G1 X167.1457 Y-98.1941
G1 X167.2270 Y-98.2203
G1 X167.2270 Y-98.2200
G1 X167.2653 Y-98.2327
G1 X167.2653 Y-98.2330
G1 X167.3347 Y-98.2566
G1 X167.4190 Y-98.2858
G1 X167.4386 Y-98.2922
G1 X167.4569 Y-98.2988
G1 X167.5199 Y-98.3216
G1 X167.5803 Y-98.3442
G1 X167.6667 Y-98.3765
G1 X167.6723 Y-98.3788
G1 X167.7223 Y-98.3981
G1 X167.7871 Y-98.4240
G1 X167.8092 Y-98.4334
G1 X167.9148 Y-98.4766
G1 X167.9301 Y-98.4829
G1 X167.9301 Y-98.4832
G1 X168.0004 Y-98.5134
G1 X168.0616 Y-98.5403
G1 X168.1221 Y-98.5670
G1 X168.1891 Y-98.5975
G1 X168.1988 Y-98.6020
G1 X168.2808 Y-98.6412
G1 X168.3415 Y-98.6704
G1 X168.4061 Y-98.7019
G1 X168.4381 Y-98.7179
G1 X168.5094 Y-98.7542
G1 X168.5196 Y-98.7593
G1 X168.5247 Y-98.7623
G1 X168.5922 Y-98.7981
G1 X168.5922 Y-98.7979
G1 X168.6547 Y-98.8317
G1 X168.6547 Y-98.8319
G1 X168.7281 Y-98.8718
G1 X168.7576 Y-98.8880
G1 X168.8023 Y-98.9137
G1 X168.8767 Y-98.9564
G1 X168.8818 Y-98.9592
G1 X168.9179 Y-98.9802
G1 X169.0152 Y-99.0384
G1 X169.0472 Y-99.0582
G1 X169.0860 Y-99.0826
G1 X169.2077 Y-99.1606
G1 X169.2483 Y-99.1870
G1 X169.3357 Y-99.2457
G1 X169.3400 Y-99.2485
G1 X169.3436 Y-99.2510
G1 X169.3860 Y-99.2802
G1 X169.4124 Y-99.2985
G1 X169.5526 Y-99.3986
G1 X169.5534 Y-99.3991
G1 X169.6189 Y-99.4476
G1 X169.6867 Y-99.4984
G1 X169.7317 Y-99.5332
G1 X169.7967 Y-99.5843
G1 X169.7967 Y-99.5840
G1 X169.8442 Y-99.6216
G1 X169.8724 Y-99.6445
G1 X169.9128 Y-99.6775
G1 X169.9704 Y-99.7255
G1 X170.0091 Y-99.7580
G1 X170.0540 Y-99.7961
G1 X170.0743 Y-99.8136
G1 X170.0858 Y-99.8243
G1 X170.1523 Y-99.8827
G1 X170.1523 Y-99.8825
G1 X170.1797 Y-99.9071
G1 X170.2311 Y-99.9533
G1 X170.2709 Y-99.9896
G1 X170.2953 Y-100.0122
G1 X170.3474 Y-100.0610
G1 X170.4470 Y-100.1570
G1 X170.4538 Y-100.1641
G1 X170.5734 Y-100.2838
G1 X170.5950 Y-100.3056
G1 X170.6281 Y-100.3397
G1 X170.6336 Y-100.3450
G1 X170.6583 Y-100.3711
G1 X170.6969 Y-100.4120
G1 X170.7909 Y-100.5134
G1 X170.8259 Y-100.5523
G1 X170.8414 Y-100.5693
G1 X170.8544 Y-100.5845
G1 X170.9283 Y-100.6676
G1 X170.9349 Y-100.6754
G1 X170.9875 Y-100.7364
G1 X171.0228 Y-100.7778
G1 X171.0568 Y-100.8184
G1 X171.0830 Y-100.8499
G1 X171.1279 Y-100.9053
G1 X171.1800 Y-100.9693
G1 X171.1960 Y-100.9891
G1 X171.1957 Y-100.9891
G1 X171.2354 Y-101.0397
G1 X171.2816 Y-101.0991
G1 X171.3319 Y-101.1644
G1 X171.3380 Y-101.1720
G1 X171.3786 Y-101.2256
G1 X171.3824 Y-101.2309
G1 X171.4195 Y-101.2812
G1 X171.5018 Y-101.3945
G1 X171.5305 Y-101.4346
G1 X171.6108 Y-101.5492
G1 X171.6773 Y-101.6470
G1 X171.6898 Y-101.6665
G1 X171.8003 Y-101.8349
G1 X171.8602 Y-101.9282
G1 X171.8884 Y-101.9734
G1 X171.8932 Y-101.9810
G1 X171.8978 Y-101.9886
G1 X171.9852 Y-102.1319
G1 X172.0512 Y-102.2436
G1 X172.0543 Y-102.2490
G1 X172.0792 Y-102.2911
G1 X172.1561 Y-102.4252
G1 X172.2112 Y-102.5243
G1 X172.2326 Y-102.5629
G1 X172.2394 Y-102.5761
G1 X172.2730 Y-102.6378
G1 X172.2778 Y-102.6460
G1 X172.3200 Y-102.7252
G1 X172.3997 Y-102.8791
G1 X172.4170 Y-102.9129
G1 X172.4830 Y-103.0450
G1 X172.5107 Y-103.1014
G1 X172.5722 Y-103.2286
G1 X172.6123 Y-103.3135
G1 X172.6207 Y-103.3310
G1 X172.6847 Y-103.4710
G1 X172.7380 Y-103.5906
G1 X172.7462 Y-103.6102
G1 X172.7807 Y-103.6889
G1 X172.7825 Y-103.6925
G1 X172.8318 Y-103.8088
G1 X172.8351 Y-103.8156
G1 X172.8503 Y-103.8525
G1 X172.9151 Y-104.0094
G1 X172.9323 Y-104.0516
G1 X172.9880 Y-104.1923
G1 X173.0080 Y-104.2439
G1 X173.0753 Y-104.4209
G1 X173.0756 Y-104.4209
G1 X173.1142 Y-104.5248
G1 X173.1315 Y-104.5726
G1 X173.1797 Y-104.7082
G1 X173.1861 Y-104.7280
G1 X173.2443 Y-104.8959
G1 X173.2498 Y-104.9114
G1 X173.2798 Y-104.9998
G1 X173.2801 Y-104.9998
G1 X173.3304 Y-105.1545
G1 X173.3492 Y-105.2126
G1 X173.3928 Y-105.3518
G1 X173.4332 Y-105.4852
G1 X173.4919 Y-105.6823
G1 X173.5143 Y-105.7600
G1 X173.5242 Y-105.7968
G1 X173.5407 Y-105.8548
G1 X173.5826 Y-106.0072
G1 X173.6220 Y-106.1555
G1 X173.6578 Y-106.2939
G1 X173.6773 Y-106.3719
G1 X173.7124 Y-106.5139
G1 X173.7474 Y-106.6620
G1 X173.7865 Y-106.8319
G1 X173.7886 Y-106.8400
G1 X173.7987 Y-106.8852
G1 X173.8310 Y-107.0338
G1 X173.8683 Y-107.2104
G1 X173.8701 Y-107.2172
G1 X173.8770 Y-107.2515
G1 X173.8777 Y-107.2563
G1 X173.9054 Y-107.3948
G1 X173.9069 Y-107.4034
G1 X173.9430 Y-107.5896
G1 X173.9666 Y-107.7176
G1 X173.9999 Y-107.9038
G1 X173.9997 Y-107.9038
G1 X174.0057 Y-107.9378
G1 X174.0060 Y-107.9401
G1 X174.0334 Y-108.1047
G1 X174.0624 Y-108.2850
G1 X174.0804 Y-108.4014
G1 X174.0809 Y-108.4052
G1 X174.1033 Y-108.5576
G1 X174.1371 Y-108.8014
G1 X174.1642 Y-109.0117
G1 X174.1655 Y-109.0229
G1 X174.1909 Y-109.2368
G1 X174.1914 Y-109.2429
G1 X174.2181 Y-109.4877
G1 X174.2422 Y-109.7310
G1 X174.2633 Y-109.9640
G1 X174.2636 Y-109.9721
G1 X174.2702 Y-110.0508
G1 X174.2796 Y-110.1705
G1 X174.2999 Y-110.4491
G1 X174.3062 Y-110.5505
G1 X174.3202 Y-110.8055
G1 X174.3205 Y-110.8055
G1 X174.3273 Y-110.9525
G1 X174.3365 Y-111.1763
G1 X174.3438 Y-111.4019
G1 X174.3436 Y-111.4019
G1 X174.3479 Y-111.5789
G1 X174.3502 Y-111.6968
G1 X174.3532 Y-111.9579
G1 X174.3537 Y-112.1656
G1 X174.3535 Y-112.2159
G1 X174.3507 Y-112.5220
G1 X174.3507 Y-112.5337
G1 X174.3502 Y-112.5692
G1 X174.3492 Y-112.5967
G1 X174.3461 Y-112.7417
G1 X174.3420 Y-112.8890
G1 X174.3418 Y-112.8931
G1 X174.3370 Y-113.0363
G1 X174.3311 Y-113.1837
G1 X174.3255 Y-113.3107
G1 X174.3139 Y-113.5327
G1 X174.3057 Y-113.6729
G1 X174.2978 Y-113.7940
G1 X174.2824 Y-114.0031
G1 X174.2636 Y-114.2319
G1 X174.2600 Y-114.2728
G1 X174.2346 Y-114.5360
G1 X174.2092 Y-114.7780
G1 X174.2074 Y-114.7910
G1 X174.1797 Y-115.0277
G1 X174.1790 Y-115.0320
G1 X174.1681 Y-115.1189
G1 X174.1457 Y-115.2853
G1 X174.0299 Y-115.2721
G1 X173.4576 Y-115.2114
G1 X173.0004 Y-115.1646
G1 X172.4017 Y-115.1070
G1 X172.0779 Y-115.0765
G1 X171.4401 Y-115.0191
G1 X170.7929 Y-114.9637
G1 X170.2829 Y-114.9213
G1 X169.4383 Y-114.8550
G1 X168.7421 Y-114.8024
G1 X168.2057 Y-114.7635
G1 X167.1320 Y-114.6889
G1 X166.3969 Y-114.6399
G1 X165.6573 Y-114.5929
G1 X164.9057 Y-114.5459
G1 X164.1409 Y-114.4999
G1 X162.6080 Y-114.4123
G1 X161.2478 Y-114.3389
G1 X159.6875 Y-114.2601
G1 X158.1226 Y-114.1847
G1 X156.7597 Y-114.1232
G1 X155.2118 Y-114.0557
G1 X154.0642 Y-114.0089
G1 X152.3710 Y-113.9421
G1 X150.5519 Y-113.8761
G1 X149.3187 Y-113.8337
G1 X148.1249 Y-113.7940
G1 X146.9794 Y-113.7590
G1 X145.6538 Y-113.7209
G1 X145.6548 Y-113.5438
G1 X145.6563 Y-113.3866
G1 X145.6563 Y-113.3843
G1 X145.6609 Y-113.1606
G1 X145.6670 Y-112.9447
G1 X145.6751 Y-112.7374
G1 X145.6873 Y-112.4918
G1 X145.7018 Y-112.2418
G1 X145.7160 Y-112.0308
G1 X145.7345 Y-111.7956
G1 X145.7343 Y-111.7956
G1 X145.7521 Y-111.5964
G1 X145.7759 Y-111.3584
G1 X145.7980 Y-111.1585
G1 X145.7978 Y-111.1585
G1 X145.8184 Y-110.9800
G1 X145.8194 Y-110.9734
G1 X145.8278 Y-110.9066
G1 X145.8313 Y-110.8801
G1 X145.8450 Y-110.7752
G1 X145.8727 Y-110.5753
G1 X145.8986 Y-110.3970
G1 X145.8996 Y-110.3920
G1 X145.9271 Y-110.2157
G1 X145.9502 Y-110.0765
G1 X145.9835 Y-109.8867
G1 X146.0106 Y-109.7379
G1 X146.0119 Y-109.7298
G1 X146.0264 Y-109.6531
G1 X146.0589 Y-109.4882
G1 X146.0612 Y-109.4773
G1 X146.0965 Y-109.3069
G1 X146.1229 Y-109.1849
G1 X146.1559 Y-109.0366
G1 X146.1574 Y-109.0285
G1 X146.1737 Y-108.9574
G1 X146.1760 Y-108.9480
G1 X146.1966 Y-108.8616
G1 X146.2049 Y-108.8271
G1 X146.2326 Y-108.7135
G1 X146.2430 Y-108.6719
G1 X146.2753 Y-108.5459
G1 X146.3228 Y-108.3676
G1 X146.3251 Y-108.3582
G1 X146.3784 Y-108.1654
G1 X146.3789 Y-108.1639
G1 X146.3815 Y-108.1542
G1 X146.4178 Y-108.0295
G1 X146.4175 Y-108.0295
G1 X146.4518 Y-107.9144
G1 X146.4889 Y-107.7938
G1 X146.5186 Y-107.6985
G1 X146.5793 Y-107.5116
G1 X146.6299 Y-107.3607
G1 X146.6751 Y-107.2309
G1 X146.7114 Y-107.1293
G1 X146.7495 Y-107.0254
G1 X146.8013 Y-106.8873
G1 X146.8041 Y-106.8789
G1 X146.8382 Y-106.7907
G1 X146.8737 Y-106.6998
G1 X146.9311 Y-106.5576
G1 X146.9746 Y-106.4524
G1 X146.9840 Y-106.4301
G1 X147.0434 Y-106.2914
G1 X147.0449 Y-106.2873
G1 X147.0904 Y-106.1837
G1 X147.0901 Y-106.1837
G1 X147.1318 Y-106.0905
G1 X147.1737 Y-105.9988
G1 X147.1800 Y-105.9856
G1 X147.2385 Y-105.8606
G1 X147.2430 Y-105.8509
G1 X147.2504 Y-105.8352
G1 X147.2545 Y-105.8271
G1 X147.3119 Y-105.7087
G1 X147.3556 Y-105.6208
G1 X147.4163 Y-105.5012
G1 X147.4643 Y-105.4087
G1 X147.5349 Y-105.2751
G1 X147.5753 Y-105.2007
G1 X147.6477 Y-105.0701
G1 X147.6558 Y-105.0547
G1 X147.6560 Y-105.0547
G1 X147.7376 Y-104.9122
G1 X147.7805 Y-104.8390
G1 X147.8077 Y-104.7933
G1 X147.8727 Y-104.6853
G1 X147.8806 Y-104.6726
G1 X147.9123 Y-104.6206
G1 X147.9555 Y-104.5517
G1 X148.0434 Y-104.4138
G1 X148.0934 Y-104.3371
G1 X148.1778 Y-104.2099
G1 X148.2250 Y-104.1405
G1 X148.2552 Y-104.0968
G1 X148.3365 Y-103.9807
G1 X148.4038 Y-103.8868
G1 X148.4678 Y-103.7994
G1 X148.5534 Y-103.6848
G1 X148.5671 Y-103.6665
G1 X148.6383 Y-103.5741
G1 X148.6385 Y-103.5743
G1 X148.6477 Y-103.5627
G1 X148.6565 Y-103.5502
G1 X148.6807 Y-103.5197
G1 X148.7602 Y-103.4199
G1 X148.8392 Y-103.3226
G1 X148.9116 Y-103.2353
G1 X148.9481 Y-103.1918
G1 X148.9657 Y-103.1710
G1 X148.9771 Y-103.1578
G1 X149.0767 Y-103.0432
G1 X149.1353 Y-102.9762
G1 X149.1851 Y-102.9205
G1 X149.2984 Y-102.7961
G1 X149.3566 Y-102.7336
G1 X149.3855 Y-102.7031
G1 X149.5082 Y-102.5754
G1 X149.6042 Y-102.4778
G1 X149.6611 Y-102.4212
G1 X149.7109 Y-102.3727
G1 X149.7719 Y-102.3127
G1 X149.7846 Y-102.3008
G1 X149.9151 Y-102.1771
G1 X149.9713 Y-102.1255
G1 X150.1074 Y-102.0021
G1 X150.1849 Y-101.9335
G1 X150.2527 Y-101.8741
G1 X150.2545 Y-101.8723
G1 X150.2758 Y-101.8540
G1 X150.3096 Y-101.8253
G1 X150.4551 Y-101.7031
G1 X150.4912 Y-101.6732
G1 X150.5392 Y-101.6338
G1 X150.5943 Y-101.5891
G1 X150.6362 Y-101.5553
G1 X150.7510 Y-101.4651
G1 X150.8128 Y-101.4171
G1 X150.9044 Y-101.3470
G1 X150.9103 Y-101.3430
G1 X151.0391 Y-101.2469
G1 X151.0457 Y-101.2416
G1 X151.1231 Y-101.1855
G1 X151.1295 Y-101.1812
G1 X151.2156 Y-101.1194
G1 X151.2903 Y-101.0666
G1 X151.4312 Y-100.9693
G1 X151.5582 Y-100.8837
G1 X151.6017 Y-100.8553
G1 X151.7520 Y-100.7575
G1 X151.7968 Y-100.7285
G1 X151.8346 Y-100.7047
G1 X151.8455 Y-100.6983
G1 X152.0218 Y-100.5888
G1 X152.1087 Y-100.5357
G1 X152.2392 Y-100.4585
G1 X152.3837 Y-100.3750
G1 X152.3949 Y-100.3686
G1 X152.4577 Y-100.3328
G1 X152.6108 Y-100.2475
G1 X152.7106 Y-100.1931
G1 X152.8806 Y-100.1027
G1 X152.8831 Y-100.1014
G1 X153.0182 Y-100.0315
G1 X153.0838 Y-99.9983
G1 X153.1694 Y-99.9551
G1 X153.2311 Y-99.9246
G1 X153.2311 Y-99.9249
G1 X153.3121 Y-99.8852
G1 X153.4709 Y-99.8088
G1 X153.5191 Y-99.7859
G1 X153.5250 Y-99.7834
G1 X153.7144 Y-99.6960
G1 X153.7144 Y-99.6958
G1 X153.8582 Y-99.6312
G1 X153.8582 Y-99.6315
G1 X153.9530 Y-99.5896
G1 X154.0220 Y-99.5594
G1 X154.1033 Y-99.5243
G1 X154.2387 Y-99.4674
G1 X154.2532 Y-99.4616
G1 X154.3543 Y-99.4199
G1 X154.4457 Y-99.3826
G1 X154.5913 Y-99.3249
G1 X154.7627 Y-99.2586
G1 X154.9804 Y-99.1768
G1 X154.5336 Y-97.9879
G1 X154.5336 Y-97.9876
G1 X154.6060 Y-97.9609
G1 X154.7772 Y-97.8995
G1 X155.0091 Y-97.8187
G1 X155.2052 Y-97.7524
G1 X155.3802 Y-97.6947
G1 X155.5996 Y-97.6252
G1 X155.6934 Y-97.5959
G1 X155.9029 Y-97.5327
G1 X156.1160 Y-97.4705
G1 X156.2387 Y-97.4354
G1 X156.2456 Y-97.4331
G1 X156.4648 Y-97.3722
G1 X156.5196 Y-97.3572
G1 X156.5382 Y-97.3526
G1 X156.6708 Y-97.3173
G1 X156.6802 Y-97.3145
G1 X156.8785 Y-97.2630
G1 X156.8828 Y-97.2619
G1 X157.0810 Y-97.2124
G1 X157.0990 Y-97.2083
G1 X157.2062 Y-97.1822
G1 X157.4637 Y-97.1212
G1 X157.5509 Y-97.1012
G1 X157.6822 Y-97.0717
G1 X157.9194 Y-97.0199
G1 X158.1475 Y-96.9721
G1 X158.1546 Y-96.9708
G1 X158.2885 Y-96.9432
G1 X158.2885 Y-96.9434
G1 X158.5217 Y-96.8974
G1 X158.7421 Y-96.8560
G1 X159.0365 Y-96.8030
G1 X159.1625 Y-96.7809
G1 X159.2623 Y-96.7641
G1 X159.3723 Y-96.7458
G1 X159.3883 Y-96.7435
G1 X159.5082 Y-96.7240
G1 X159.5211 Y-96.7224
G1 X159.6875 Y-96.6960
G1 X159.7022 Y-96.6935
G1 X159.7721 Y-96.6831
G1 X159.9161 Y-96.6617
G1 X160.1686 Y-96.6254
G1 X160.3230 Y-96.6043
G1 X160.5796 Y-96.5705
G1 X160.7190 Y-96.5533
G1 X160.8374 Y-96.5391
G1 X160.9689 Y-96.5241
G1 X161.0820 Y-96.5119
G1 X161.2227 Y-96.4974
G1 X161.3362 Y-96.4862
G1 X161.4762 Y-96.4733
G1 X161.5831 Y-96.4639
G1 X161.7271 Y-96.4519
G1 X161.8226 Y-96.4446
G1 X162.0390 Y-96.4296
G1 X162.3057 Y-96.4146
G1 X162.4325 Y-96.4082
G1 X162.5067 Y-96.4049
G1 X162.5128 Y-96.4049
G1 X162.6380 Y-96.4004
G1 X162.7688 Y-96.3955
G1 X162.7688 Y-96.3958
G1 X162.8651 Y-96.3935
G1 X162.9982 Y-96.3907
G1 X163.0604 Y-96.3894
G1 X163.0797 Y-96.3897
G1 X163.2212 Y-96.3884
G1 X163.3131 Y-96.3879
G1 X163.4020 Y-96.3884
G1 X163.5252 Y-96.3897
G1 X163.6545 Y-96.3915
G1 X163.6545 Y-96.3912
G1 X163.7261 Y-96.3925
G1 X163.7289 Y-96.3927
G1 X163.8264 Y-96.3953
G1 X163.9517 Y-96.3996
G1 X164.0500 Y-96.4037
G1 X164.1493 Y-96.4082
G1 X164.2748 Y-96.4146
G1 X164.2806 Y-96.4146
G1 X164.3456 Y-96.4187
G1 X164.4493 Y-96.4253
G1 X164.5686 Y-96.4336
G1 X164.6334 Y-96.4385
G1 X164.7518 Y-96.4484
G1 X164.8422 Y-96.4565
G1 X164.9435 Y-96.4662
G1 X165.0355 Y-96.4755
G1 X165.1378 Y-96.4865
G1 X165.2422 Y-96.4984
G1 X165.3032 Y-96.5058
G1 X165.3954 Y-96.5177
G1 X165.4985 Y-96.5317
G1 X165.5775 Y-96.5429
G1 X165.6936 Y-96.5601
G1 X165.7030 Y-96.5611
G1 X165.7492 Y-96.5685
G1 X165.8559 Y-96.5858
G1 X165.9181 Y-96.5962
G1 X166.0403 Y-96.6178
G1 X166.1196 Y-96.6320
G1 X166.1937 Y-96.6462
G1 X166.2844 Y-96.6640
G1 X166.3705 Y-96.6815
G1 X166.4386 Y-96.6958
G1 X166.5300 Y-96.7158
G1 X166.6448 Y-96.7412
G1 X166.6624 Y-96.7453
G1 X166.6761 Y-96.7489
G1 X166.7794 Y-96.7735
G1 X166.8468 Y-96.7903
G1 X166.9552 Y-96.8177
G1 X166.9809 Y-96.8243
G1 X167.0004 Y-96.8299
G1 X167.1036 Y-96.8571
G1 X167.1036 Y-96.8573
G1 X167.1566 Y-96.8720
G1 X167.2242 Y-96.8911
G1 X167.3154 Y-96.9180
G1 X167.4188 Y-96.9488
G1 X167.4744 Y-96.9655
G1 X167.5234 Y-96.9810
G1 X167.5348 Y-96.9851
G1 X167.6161 Y-97.0112
G1 X167.6743 Y-97.0305
G1 X167.7505 Y-97.0564
G1 X167.8348 Y-97.0857
G1 X167.8455 Y-97.0890
G1 X167.8902 Y-97.1050
G1 X167.9532 Y-97.1278
G1 X168.0238 Y-97.1542
G1 X168.1295 Y-97.1936
G1 X168.1295 Y-97.1939
G1 X168.1795 Y-97.2132
G1 X168.2786 Y-97.2528
G1 X168.2933 Y-97.2591
G1 X168.3845 Y-97.2967
G1 X168.3923 Y-97.2998
G1 X168.4315 Y-97.3163
G1 X168.5018 Y-97.3465
G1 X168.5747 Y-97.3785
G1 X168.6466 Y-97.4103
G1 X168.6476 Y-97.4108
G1 X168.7147 Y-97.4413
G1 X168.7452 Y-97.4555
G1 X168.8315 Y-97.4966
G1 X168.8922 Y-97.5258
G1 X168.9644 Y-97.5611
G1 X169.0141 Y-97.5860
G1 X169.0855 Y-97.6224
G1 X169.1196 Y-97.6399
G1 X169.1196 Y-97.6401
G1 X169.1871 Y-97.6760
G1 X169.2610 Y-97.7158
G1 X169.3344 Y-97.7557
G1 X169.3829 Y-97.7826
G1 X169.4340 Y-97.8118
G1 X169.5084 Y-97.8545
G1 X169.5127 Y-97.8568
G1 X169.5600 Y-97.8845
G1 X169.6667 Y-97.9482
G1 X169.7187 Y-97.9805
G1 X169.7713 Y-98.0133
G1 X169.8930 Y-98.0912
G1 X169.9410 Y-98.1225
G1 X170.0515 Y-98.1967
G1 X170.1099 Y-98.2368
G1 X170.1505 Y-98.2650
G1 X170.2971 Y-98.3696
G1 X170.3090 Y-98.3783
G1 X170.3804 Y-98.4311
G1 X170.4482 Y-98.4819
G1 X170.5160 Y-98.5342
G1 X170.5811 Y-98.5853
G1 X170.6400 Y-98.6320
G1 X170.6763 Y-98.6612
G1 X170.7251 Y-98.7011
G1 X170.7886 Y-98.7539
G1 X170.8272 Y-98.7864
G1 X170.8846 Y-98.8355
G1 X170.9240 Y-98.8695
G1 X170.9237 Y-98.8698
G1 X170.9903 Y-98.9282
G1 X171.0299 Y-98.9635
G1 X171.0863 Y-99.0143
G1 X171.1261 Y-99.0506
G1 X171.1650 Y-99.0867
G1 X171.2156 Y-99.1342
G1 X171.2189 Y-99.1372
G1 X171.3357 Y-99.2497
G1 X171.3418 Y-99.2556
G1 X171.3520 Y-99.2660
G1 X171.4716 Y-99.3856
G1 X171.5066 Y-99.4212
G1 X171.5397 Y-99.4552
G1 X171.5399 Y-99.4550
G1 X171.5823 Y-99.4999
G1 X171.6286 Y-99.5489
G1 X171.7340 Y-99.6627
G1 X171.7690 Y-99.7016
G1 X171.7987 Y-99.7346
G1 X171.8066 Y-99.7440
G1 X171.8734 Y-99.8197
G1 X171.8854 Y-99.8327
G1 X171.8965 Y-99.8459
G1 X171.9539 Y-99.9124
G1 X171.9892 Y-99.9538
G1 X172.0345 Y-100.0077
G1 X172.0690 Y-100.0493
G1 X172.1140 Y-100.1047
G1 X172.1663 Y-100.1692
G1 X172.1957 Y-100.2060
G1 X172.2379 Y-100.2599
G1 X172.2877 Y-100.3239
G1 X172.3380 Y-100.3892
G1 X172.3415 Y-100.3935
G1 X172.4000 Y-100.4710
G1 X172.4030 Y-100.4753
G1 X172.4472 Y-100.5350
G1 X172.5348 Y-100.6556
G1 X172.5635 Y-100.6958
G1 X172.6611 Y-100.8352
G1 X172.7350 Y-100.9439
G1 X172.7431 Y-100.9561
G1 X172.7517 Y-100.9698
G1 X172.8622 Y-101.1382
G1 X172.9336 Y-101.2492
G1 X172.9631 Y-101.2967
G1 X172.9803 Y-101.3242
G1 X172.9824 Y-101.3277
G1 X173.0786 Y-101.4857
G1 X173.1447 Y-101.5975
G1 X173.1482 Y-101.6038
G1 X173.1808 Y-101.6589
G1 X173.2577 Y-101.7930
G1 X173.3240 Y-101.9122
G1 X173.3520 Y-101.9630
G1 X173.3555 Y-101.9698
G1 X173.3890 Y-102.0315
G1 X173.3893 Y-102.0315
G1 X173.4475 Y-102.1408
G1 X173.5305 Y-102.3010
G1 X173.5534 Y-102.3457
G1 X173.6225 Y-102.4842
G1 X173.6547 Y-102.5497
G1 X173.7203 Y-102.6856
G1 X173.7604 Y-102.7704
G1 X173.7756 Y-102.8029
G1 X173.8447 Y-102.9541
G1 X173.9029 Y-103.0846
G1 X173.9092 Y-103.0999
G1 X173.9438 Y-103.1786
G1 X173.9453 Y-103.1817
G1 X174.0009 Y-103.3127
G1 X174.0012 Y-103.3127
G1 X174.0243 Y-103.3681
G1 X174.0903 Y-103.5281
G1 X174.1076 Y-103.5703
G1 X174.1716 Y-103.7318
G1 X174.1952 Y-103.7925
G1 X174.2625 Y-103.9696
G1 X174.3065 Y-104.0877
G1 X174.3067 Y-104.0882
G1 X174.3281 Y-104.1471
G1 X174.3837 Y-104.3036
G1 X174.3862 Y-104.3122
G1 X174.4444 Y-104.4801
G1 X174.4485 Y-104.4905
G1 X174.4833 Y-104.5936
G1 X174.5389 Y-104.7641
G1 X174.5577 Y-104.8222
G1 X174.6082 Y-104.9835
G1 X174.6504 Y-105.1227
G1 X174.7091 Y-105.3198
G1 X174.7388 Y-105.4230
G1 X174.7459 Y-105.4496
G1 X174.7655 Y-105.5185
G1 X174.8102 Y-105.6813
G1 X174.8495 Y-105.8296
G1 X174.8897 Y-105.9851
G1 X174.9102 Y-106.0671
G1 X174.9483 Y-106.2213
G1 X174.9834 Y-106.3694
G1 X175.0243 Y-106.5472
G1 X175.0245 Y-106.5472
G1 X175.0398 Y-106.6155
G1 X175.0736 Y-106.7709
G1 X175.1109 Y-106.9475
G1 X175.1112 Y-106.9475
G1 X175.1216 Y-106.9988
G1 X175.1231 Y-107.0069
G1 X175.1533 Y-107.1578
G1 X175.1543 Y-107.1644
G1 X175.1904 Y-107.3526
G1 X175.1919 Y-107.3594
G1 X175.2168 Y-107.4946
G1 X175.2503 Y-107.6825
G1 X175.2577 Y-107.7242
G1 X175.2585 Y-107.7303
G1 X175.2874 Y-107.9033
G1 X175.3164 Y-108.0836
G1 X175.3375 Y-108.2197
G1 X175.3372 Y-108.2197
G1 X175.3613 Y-108.3833
G1 X175.3951 Y-108.6272
G1 X175.4261 Y-108.8687
G1 X175.4266 Y-108.8733
G1 X175.4541 Y-109.1047
G1 X175.4538 Y-109.1047
G1 X175.4820 Y-109.3625
G1 X175.5061 Y-109.6058
G1 X175.5295 Y-109.8659
G1 X175.5292 Y-109.8659
G1 X175.5358 Y-109.9447
G1 X175.5463 Y-110.0785
G1 X175.5673 Y-110.3688
G1 X175.5745 Y-110.4811
G1 X175.5884 Y-110.7361
G1 X175.5963 Y-110.9007
G1 X175.6054 Y-111.1245
G1 X175.6133 Y-111.3716
G1 X175.6176 Y-111.5538
G1 X175.6202 Y-111.6825
G1 X175.6232 Y-111.9548
G1 X175.6237 Y-112.1712
G1 X175.6235 Y-112.2286
G1 X175.6207 Y-112.5083
G1 X175.6209 Y-112.5317
G1 X175.6197 Y-112.6084
G1 X175.6189 Y-112.6241
G1 X175.6156 Y-112.7770
G1 X175.6113 Y-112.9322
G1 X175.6110 Y-112.9358
G1 X175.6059 Y-113.0869
G1 X175.5999 Y-113.2398
G1 X175.5938 Y-113.3775
G1 X175.5818 Y-113.6045
G1 X175.5729 Y-113.7552
G1 X175.5643 Y-113.8880
G1 X175.5480 Y-114.1070
G1 X175.5287 Y-114.3419
G1 X175.5242 Y-114.3945
G1 X175.4977 Y-114.6688
G1 X175.4711 Y-114.9223
G1 X175.4688 Y-114.9391
G1 X175.4393 Y-115.1900
G1 X175.4391 Y-115.1900
G1 X175.4269 Y-115.2873
G1 X175.4002 Y-115.4867
G1 X175.3725 Y-115.6807
G1 X175.3446 Y-115.8634
G1 X175.3268 Y-115.9734
G1 X175.2905 Y-116.1865
G1 X175.2628 Y-116.3414
G1 X175.2610 Y-116.3505
G1 X175.2290 Y-116.5187
G1 X175.2046 Y-116.6411
G1 X175.1950 Y-116.6881
G1 X175.1213 Y-116.6787
G1 X174.7345 Y-116.6315
G1 X174.4541 Y-116.5982
G1 X173.8960 Y-116.5349
G1 X173.3283 Y-116.4747
G1 X172.8787 Y-116.4288
G1 X172.2829 Y-116.3714
G1 X171.9641 Y-116.3414
G1 X171.3319 Y-116.2845
G1 X170.6877 Y-116.2294
G1 X170.1836 Y-116.1875
G1 X169.3426 Y-116.1214
G1 X168.6504 Y-116.0691
G1 X168.1175 Y-116.0305
G1 X167.0474 Y-115.9561
G1 X166.3162 Y-115.9073
G1 X165.5780 Y-115.8603
G1 X164.8295 Y-115.8136
G1 X164.0685 Y-115.7679
G1 X162.5397 Y-115.6805
G1 X161.1838 Y-115.6073
G1 X159.6263 Y-115.5286
G1 X158.0652 Y-115.4534
G1 X156.7043 Y-115.3919
G1 X155.1600 Y-115.3246
G1 X154.0142 Y-115.2779
G1 X152.3248 Y-115.2114
G1 X150.5082 Y-115.1453
G1 X149.2768 Y-115.1029
G1 X148.0861 Y-115.0635
G1 X146.9428 Y-115.0285
G1 X145.4059 Y-114.9843
G1 X144.4099 Y-114.9574
G1 X144.4061 Y-114.8806
G1 X144.4064 Y-114.8806
G1 X144.4000 Y-114.7130
G1 X144.4000 Y-114.7051
G1 X144.3921 Y-114.4471
G1 X144.3876 Y-114.2385
G1 X144.3873 Y-114.2357
G1 X144.3848 Y-114.0328
G1 X144.3833 Y-113.8380
G1 X144.3848 Y-113.5316
G1 X144.3863 Y-113.3744
G1 X144.3866 Y-113.3607
G1 X144.3866 Y-113.3612
G1 X144.3914 Y-113.1252
G1 X144.3977 Y-112.8977
G1 X144.3980 Y-112.8949
G1 X144.4066 Y-112.6747
G1 X144.4193 Y-112.4181
G1 X144.4346 Y-112.1562
G1 X144.4498 Y-111.9309
G1 X144.4683 Y-111.6957
G1 X144.4884 Y-111.4697
G1 X144.5136 Y-111.2190
G1 X144.5357 Y-111.0191
G1 X144.5590 Y-110.8154
G1 X144.5593 Y-110.8154
G1 X144.5697 Y-110.7323
G1 X144.5720 Y-110.7158
G1 X144.5870 Y-110.6010
G1 X144.6159 Y-110.3920
G1 X144.6439 Y-110.2004
G1 X144.6446 Y-110.1966
G1 X144.6720 Y-110.0204
G1 X144.6992 Y-109.8570
G1 X144.7340 Y-109.6587
G1 X144.7612 Y-109.5098
G1 X144.7610 Y-109.5098
G1 X144.7805 Y-109.4064
G1 X144.8153 Y-109.2307
G1 X144.8552 Y-109.0381
G1 X144.8831 Y-108.9091
G1 X144.9161 Y-108.7608
G1 X144.9159 Y-108.7608
G1 X144.9382 Y-108.6635
G1 X144.9644 Y-108.5535
G1 X144.9710 Y-108.5271
G1 X145.0002 Y-108.4069
G1 X145.0127 Y-108.3569
G1 X145.0480 Y-108.2190
G1 X145.0955 Y-108.0407
G1 X145.0952 Y-108.0407
G1 X145.1544 Y-107.8258
G1 X145.1547 Y-107.8258
G1 X145.1620 Y-107.7991
G1 X145.1983 Y-107.6744
G1 X145.2377 Y-107.5421
G1 X145.2766 Y-107.4153
G1 X145.3078 Y-107.3153
G1 X145.3106 Y-107.3064
G1 X145.3713 Y-107.1194
G1 X145.4305 Y-106.9434
G1 X145.4793 Y-106.8032
G1 X145.5189 Y-106.6924
G1 X145.5603 Y-106.5794
G1 X145.6121 Y-106.4412
G1 X145.6119 Y-106.4412
G1 X145.6555 Y-106.3277
G1 X145.6959 Y-106.2246
G1 X145.7533 Y-106.0823
G1 X145.8034 Y-105.9612
G1 X145.8166 Y-105.9297
G1 X145.8760 Y-105.7910
G1 X145.8758 Y-105.7910
G1 X145.9271 Y-105.6739
G1 X145.9771 Y-105.5619
G1 X146.0254 Y-105.4565
G1 X146.0297 Y-105.4473
G1 X146.0927 Y-105.3127
G1 X146.0983 Y-105.3010
G1 X146.1008 Y-105.2954
G1 X146.1064 Y-105.2835
G1 X146.1117 Y-105.2728
G1 X146.1691 Y-105.1545
G1 X146.2237 Y-105.0445
G1 X146.2870 Y-104.9203
G1 X146.2890 Y-104.9162
G1 X146.3413 Y-104.8154
G1 X146.4119 Y-104.6818
G1 X146.4645 Y-104.5848
G1 X146.5369 Y-104.4542
G1 X146.5392 Y-104.4496
G1 X146.5537 Y-104.4240
G1 X146.6352 Y-104.2815
G1 X146.6896 Y-104.1888
G1 X146.7203 Y-104.1372
G1 X146.7929 Y-104.0168
G1 X146.7963 Y-104.0115
G1 X146.8280 Y-103.9594
G1 X146.8844 Y-103.8692
G1 X146.9723 Y-103.7313
G1 X147.0348 Y-103.6356
G1 X147.1191 Y-103.5083
G1 X147.1798 Y-103.4191
G1 X147.2148 Y-103.3683
G1 X147.2961 Y-103.2523
G1 X147.3792 Y-103.1362
G1 X147.4432 Y-103.0488
G1 X147.4495 Y-103.0404
G1 X147.5374 Y-102.9228
G1 X147.5511 Y-102.9045
G1 X147.6383 Y-102.7915
G1 X147.6474 Y-102.7798
G1 X147.6472 Y-102.7798
G1 X147.6873 Y-102.7285
G1 X147.7747 Y-102.6188
G1 X147.8608 Y-102.5129
G1 X147.9400 Y-102.4171
G1 X147.9766 Y-102.3737
G1 X148.0121 Y-102.3320
G1 X148.0177 Y-102.3257
G1 X148.1209 Y-102.2068
G1 X148.1795 Y-102.1397
G1 X148.2458 Y-102.0656
G1 X148.3591 Y-101.9411
G1 X148.4264 Y-101.8687
G1 X148.4693 Y-101.8235
G1 X148.5920 Y-101.6958
G1 X148.6987 Y-101.5873
G1 X148.7648 Y-101.5215
G1 X148.8199 Y-101.4677
G1 X148.8859 Y-101.4026
G1 X148.9111 Y-101.3788
G1 X149.0416 Y-101.2551
G1 X149.1181 Y-101.1847
G1 X149.2573 Y-101.0585
G1 X149.3477 Y-100.9785
G1 X149.4155 Y-100.9190
G1 X149.4155 Y-100.9188
G1 X149.4500 Y-100.8888
G1 X149.4927 Y-100.8527
G1 X149.6433 Y-100.7262
G1 X149.6794 Y-100.6963
G1 X149.7396 Y-100.6470
G1 X149.7985 Y-100.5992
G1 X149.8516 Y-100.5566
G1 X149.9713 Y-100.4626
G1 X150.0330 Y-100.4146
G1 X150.1465 Y-100.3280
G1 X150.1511 Y-100.3247
G1 X150.2799 Y-100.2287
G1 X150.2796 Y-100.2284
G1 X150.3896 Y-100.1486
G1 X150.3896 Y-100.1489
G1 X150.4757 Y-100.0872
G1 X150.5689 Y-100.0214
G1 X150.7099 Y-99.9241
G1 X150.8603 Y-99.8228
G1 X150.9093 Y-99.7905
G1 X151.0596 Y-99.6927
G1 X151.1089 Y-99.6610
G1 X151.1755 Y-99.6191
G1 X151.1755 Y-99.6193
G1 X151.3517 Y-99.5098
G1 X151.4622 Y-99.4425
G1 X151.5928 Y-99.3653
G1 X151.7589 Y-99.2693
G1 X151.7647 Y-99.2660
G1 X151.8394 Y-99.2233
G1 X151.9926 Y-99.1380
G1 X152.1031 Y-99.0778
G1 X152.2999 Y-98.9729
G1 X152.2999 Y-98.9731
G1 X152.4351 Y-98.9033
G1 X152.5097 Y-98.8654
G1 X152.6068 Y-98.8167
G1 X152.6730 Y-98.7839
G1 X152.7541 Y-98.7443
G1 X152.9283 Y-98.6605
G1 X152.9885 Y-98.6320
G1 X152.9931 Y-98.6300
G1 X153.1826 Y-98.5426
G1 X153.3444 Y-98.4700
G1 X153.4391 Y-98.4280
G1 X153.5189 Y-98.3932
G1 X153.6024 Y-98.3572
G1 X153.6057 Y-98.3559
G1 X153.7566 Y-98.2924
G1 X153.7693 Y-98.2873
G1 X153.8747 Y-98.2439
G1 X153.9781 Y-98.2017
G1 X154.1333 Y-98.1403
G1 X154.3159 Y-98.0697
G1 X154.5336 Y-97.9879
G1 X154.0868 Y-96.7989
G1 X154.1767 Y-96.7656
G1 X154.3535 Y-96.7021
G1 X154.3594 Y-96.7001
G1 X154.5913 Y-96.6193
G1 X154.7988 Y-96.5492
G1 X154.9964 Y-96.4842
G1 X155.2158 Y-96.4146
G1 X155.3218 Y-96.3816
G1 X155.3258 Y-96.3803
G1 X155.5468 Y-96.3135
G1 X155.7599 Y-96.2513
G1 X155.8897 Y-96.2142
G1 X155.8897 Y-96.2139
G1 X156.1241 Y-96.1487
G1 X156.1998 Y-96.1281
G1 X156.2113 Y-96.1253
G1 X156.3439 Y-96.0900
G1 X156.3439 Y-96.0897
G1 X156.5745 Y-96.0298
G1 X156.5745 Y-96.0300
G1 X156.7896 Y-95.9762
G1 X156.7980 Y-95.9744
G1 X156.9136 Y-95.9462
G1 X157.1711 Y-95.8853
G1 X157.2727 Y-95.8619
G1 X157.4041 Y-95.8324
G1 X157.6540 Y-95.7778
G1 X157.9014 Y-95.7260
G1 X157.9014 Y-95.7262
G1 X158.0350 Y-95.6991
G1 X158.0429 Y-95.6973
G1 X158.2760 Y-95.6513
G1 X158.5181 Y-95.6059
G1 X158.8028 Y-95.5548
G1 X158.8105 Y-95.5533
G1 X158.9362 Y-95.5314
G1 X158.9514 Y-95.5284
G1 X159.0540 Y-95.5114
G1 X159.1777 Y-95.4908
G1 X159.1851 Y-95.4898
G1 X159.3167 Y-95.4684
G1 X159.3243 Y-95.4677
G1 X159.4683 Y-95.4451
G1 X159.4930 Y-95.4408
G1 X159.5859 Y-95.4268
G1 X159.7299 Y-95.4054
G1 X159.9969 Y-95.3671
G1 X160.1513 Y-95.3460
G1 X160.4193 Y-95.3107
G1 X160.5671 Y-95.2924
G1 X160.6936 Y-95.2772
G1 X160.8252 Y-95.2622
G1 X160.9519 Y-95.2485
G1 X161.0926 Y-95.2340
G1 X161.2191 Y-95.2216
G1 X161.3591 Y-95.2086
G1 X161.4721 Y-95.1987
G1 X161.6225 Y-95.1862
G1 X161.7355 Y-95.1776
G1 X161.9646 Y-95.1619
G1 X162.2422 Y-95.1461
G1 X162.3690 Y-95.1398
G1 X162.4663 Y-95.1354
G1 X162.4663 Y-95.1357
G1 X162.5978 Y-95.1309
G1 X162.7264 Y-95.1268
G1 X162.7386 Y-95.1260
G1 X162.8348 Y-95.1238
G1 X162.9722 Y-95.1210
G1 X163.0515 Y-95.1194
G1 X163.0683 Y-95.1197
G1 X163.2097 Y-95.1184
G1 X163.3131 Y-95.1179
G1 X163.4147 Y-95.1184
G1 X163.5427 Y-95.1197
G1 X163.6720 Y-95.1215
G1 X163.7594 Y-95.1230
G1 X163.7617 Y-95.1233
G1 X163.8699 Y-95.1260
G1 X164.0037 Y-95.1306
G1 X164.0042 Y-95.1306
G1 X164.1025 Y-95.1347
G1 X164.2135 Y-95.1398
G1 X164.3390 Y-95.1461
G1 X164.3390 Y-95.1459
G1 X164.4226 Y-95.1509
G1 X164.5382 Y-95.1583
G1 X164.6575 Y-95.1667
G1 X164.7393 Y-95.1728
G1 X164.8577 Y-95.1827
G1 X164.9618 Y-95.1921
G1 X165.0665 Y-95.2020
G1 X165.1704 Y-95.2127
G1 X165.2821 Y-95.2246
G1 X165.3865 Y-95.2365
G1 X165.4655 Y-95.2462
G1 X165.5661 Y-95.2591
G1 X165.6766 Y-95.2741
G1 X165.7645 Y-95.2866
G1 X165.8805 Y-95.3038
G1 X165.8805 Y-95.3036
G1 X165.9522 Y-95.3148
G1 X166.0589 Y-95.3320
G1 X166.1391 Y-95.3455
G1 X166.2613 Y-95.3671
G1 X166.3588 Y-95.3846
G1 X166.4330 Y-95.3988
G1 X166.5376 Y-95.4194
G1 X166.6237 Y-95.4369
G1 X166.6989 Y-95.4527
G1 X166.8064 Y-95.4763
G1 X166.9146 Y-95.5004
G1 X166.9247 Y-95.5025
G1 X166.9628 Y-95.5114
G1 X166.9717 Y-95.5137
G1 X167.0799 Y-95.5396
G1 X167.1518 Y-95.5573
G1 X167.2671 Y-95.5866
G1 X167.3207 Y-95.6005
G1 X167.3311 Y-95.6036
G1 X167.4348 Y-95.6315
G1 X167.4421 Y-95.6333
G1 X167.5018 Y-95.6498
G1 X167.5801 Y-95.6719
G1 X167.6773 Y-95.7006
G1 X167.7807 Y-95.7313
G1 X167.8435 Y-95.7504
G1 X167.9240 Y-95.7758
G1 X167.9240 Y-95.7760
G1 X168.0053 Y-95.8022
G1 X168.0825 Y-95.8278
G1 X168.1663 Y-95.8563
G1 X168.2506 Y-95.8855
G1 X168.2506 Y-95.8853
G1 X168.3235 Y-95.9112
G1 X168.3977 Y-95.9381
G1 X168.4731 Y-95.9663
G1 X168.5785 Y-96.0062
G1 X168.5867 Y-96.0090
G1 X168.6367 Y-96.0283
G1 X168.7695 Y-96.0813
G1 X168.7774 Y-96.0849
G1 X168.8686 Y-96.1225
G1 X168.8729 Y-96.1240
G1 X168.9321 Y-96.1492
G1 X169.0108 Y-96.1829
G1 X169.0881 Y-96.2167
G1 X169.1731 Y-96.2543
G1 X169.1731 Y-96.2546
G1 X169.2402 Y-96.2850
G1 X169.2902 Y-96.3084
G1 X169.3822 Y-96.3521
G1 X169.4429 Y-96.3813
G1 X169.5237 Y-96.4209
G1 X169.5902 Y-96.4542
G1 X169.6616 Y-96.4905
G1 X169.7144 Y-96.5180
G1 X169.7820 Y-96.5538
G1 X169.8673 Y-96.5998
G1 X169.9407 Y-96.6396
G1 X170.0009 Y-96.6732
G1 X170.0657 Y-96.7100
G1 X170.1401 Y-96.7527
G1 X170.1401 Y-96.7524
G1 X170.2021 Y-96.7887
G1 X170.3311 Y-96.8659
G1 X170.3911 Y-96.9030
G1 X170.4566 Y-96.9439
G1 X170.5783 Y-97.0219
G1 X170.6463 Y-97.0664
G1 X170.7716 Y-97.1504
G1 X170.8343 Y-97.1936
G1 X170.8859 Y-97.2294
G1 X171.0350 Y-97.3358
G1 X171.0647 Y-97.3574
G1 X171.1419 Y-97.4146
G1 X171.2097 Y-97.4654
G1 X171.3004 Y-97.5352
G1 X171.3654 Y-97.5863
G1 X171.4353 Y-97.6419
G1 X171.4805 Y-97.6782
G1 X171.5364 Y-97.7240
G1 X171.6067 Y-97.7824
G1 X171.6453 Y-97.8149
G1 X171.7111 Y-97.8713
G1 X171.7617 Y-97.9152
G1 X171.8282 Y-97.9736
G1 X171.8800 Y-98.0199
G1 X171.9415 Y-98.0752
G1 X171.9814 Y-98.1116
G1 X172.0342 Y-98.1606
G1 X172.0880 Y-98.2111
G1 X172.2224 Y-98.3404
G1 X172.2427 Y-98.3602
G1 X172.2501 Y-98.3679
G1 X172.3697 Y-98.4875
G1 X172.4182 Y-98.5368
G1 X172.4513 Y-98.5708
G1 X172.5066 Y-98.6290
G1 X172.5607 Y-98.6864
G1 X172.6771 Y-98.8121
G1 X172.7121 Y-98.8510
G1 X172.7591 Y-98.9033
G1 X172.7589 Y-98.9035
G1 X172.8257 Y-98.9792
G1 X172.8346 Y-98.9886
G1 X172.8473 Y-99.0034
G1 X172.8587 Y-99.0168
G1 X172.9204 Y-99.0884
G1 X172.9557 Y-99.1299
G1 X173.0113 Y-99.1961
G1 X173.0550 Y-99.2487
G1 X173.1000 Y-99.3041
G1 X173.1574 Y-99.3752
G1 X173.1952 Y-99.4225
G1 X173.2404 Y-99.4801
G1 X173.2938 Y-99.5487
G1 X173.3441 Y-99.6140
G1 X173.3443 Y-99.6140
G1 X173.4248 Y-99.7207
G1 X173.4246 Y-99.7207
G1 X173.4749 Y-99.7887
G1 X173.5679 Y-99.9167
G1 X173.5966 Y-99.9569
G1 X173.7119 Y-100.1220
G1 X173.7871 Y-100.2327
G1 X173.8081 Y-100.2642
G1 X173.8137 Y-100.2731
G1 X173.9242 Y-100.4415
G1 X174.0019 Y-100.5624
G1 X174.0372 Y-100.6191
G1 X174.0672 Y-100.6666
G1 X174.0670 Y-100.6668
G1 X174.1632 Y-100.8248
G1 X174.2435 Y-100.9602
G1 X174.2432 Y-100.9602
G1 X174.2824 Y-101.0267
G1 X174.3593 Y-101.1608
G1 X174.4363 Y-101.2990
G1 X174.4718 Y-101.3635
G1 X174.4716 Y-101.3635
G1 X174.5051 Y-101.4252
G1 X174.5750 Y-101.5563
G1 X174.6613 Y-101.7229
G1 X174.6842 Y-101.7676
G1 X174.7622 Y-101.9241
G1 X174.7985 Y-101.9980
G1 X174.8681 Y-102.1423
G1 X174.9110 Y-102.2330
G1 X174.9308 Y-102.2754
G1 X175.0045 Y-102.4367
G1 X175.0698 Y-102.5830
G1 X175.0723 Y-102.5896
G1 X175.1068 Y-102.6683
G1 X175.1086 Y-102.6719
G1 X175.1698 Y-102.8159
G1 X175.1983 Y-102.8835
G1 X175.2669 Y-103.0496
G1 X175.2884 Y-103.1027
G1 X175.3552 Y-103.2713
G1 X175.3789 Y-103.3320
G1 X175.4508 Y-103.5215
G1 X175.4525 Y-103.5261
G1 X175.4990 Y-103.6508
G1 X175.5003 Y-103.6546
G1 X175.5249 Y-103.7224
G1 X175.5866 Y-103.8964
G1 X175.5864 Y-103.8964
G1 X175.6446 Y-104.0643
G1 X175.6448 Y-104.0643
G1 X175.6905 Y-104.1994
G1 X175.7479 Y-104.3752
G1 X175.7688 Y-104.4400
G1 X175.8201 Y-104.6035
G1 X175.8686 Y-104.7633
G1 X175.9260 Y-104.9579
G1 X175.9293 Y-104.9680
G1 X175.9656 Y-105.0940
G1 X175.9682 Y-105.1044
G1 X175.9903 Y-105.1827
G1 X176.0362 Y-105.3503
G1 X176.0794 Y-105.5126
G1 X176.1216 Y-105.6762
G1 X176.1421 Y-105.7582
G1 X176.1843 Y-105.9289
G1 X176.2211 Y-106.0846
G1 X176.2620 Y-106.2624
G1 X176.2806 Y-106.3450
G1 X176.3161 Y-106.5080
G1 X176.3535 Y-106.6846
G1 X176.3679 Y-106.7549
G1 X176.3685 Y-106.7577
G1 X176.4020 Y-106.9254
G1 X176.4017 Y-106.9254
G1 X176.4378 Y-107.1136
G1 X176.4391 Y-107.1192
G1 X176.4668 Y-107.2688
G1 X176.5008 Y-107.4600
G1 X176.5115 Y-107.5210
G1 X176.5112 Y-107.5210
G1 X176.5414 Y-107.7018
G1 X176.5704 Y-107.8822
G1 X176.5938 Y-108.0348
G1 X176.6194 Y-108.2091
G1 X176.6532 Y-108.4529
G1 X176.6532 Y-108.4534
G1 X176.6880 Y-108.7242
G1 X176.6877 Y-108.7242
G1 X176.7164 Y-108.9670
G1 X176.7459 Y-109.2373
G1 X176.7700 Y-109.4806
G1 X176.7949 Y-109.7597
G1 X176.8015 Y-109.8385
G1 X176.8132 Y-109.9889
G1 X176.8338 Y-110.2794
G1 X176.8348 Y-110.2896
G1 X176.8424 Y-110.4115
G1 X176.8569 Y-110.6749
G1 X176.8653 Y-110.8486
G1 X176.8749 Y-111.0844
G1 X176.8831 Y-111.3414
G1 X176.8874 Y-111.5235
G1 X176.8902 Y-111.6683
G1 X176.8932 Y-111.9406
G1 X176.8937 Y-112.1763
G1 X176.8935 Y-112.2413
G1 X176.8907 Y-112.5210
G1 X176.8909 Y-112.5317
G1 X176.8892 Y-112.6452
G1 X176.8886 Y-112.6523
G1 X176.8851 Y-112.8128
G1 X176.8805 Y-112.9746
G1 X176.8803 Y-112.9782
G1 X176.8749 Y-113.1377
G1 X176.8686 Y-113.2964
G1 X176.8620 Y-113.4443
G1 X176.8495 Y-113.6802
G1 X176.8401 Y-113.8377
G1 X176.8307 Y-113.9820
G1 X176.8137 Y-114.2111
G1 X176.7939 Y-114.4519
G1 X176.7883 Y-114.5162
G1 X176.7606 Y-114.8037
G1 X176.7335 Y-115.0579
G1 X176.7324 Y-115.0709
G1 X176.7312 Y-115.0818
G1 X176.7299 Y-115.0899
G1 X176.6999 Y-115.3404
G1 X176.6992 Y-115.3490
G1 X176.6857 Y-115.4557
G1 X176.6590 Y-115.6551
G1 X176.6278 Y-115.8730
G1 X176.5983 Y-116.0653
G1 X176.5788 Y-116.1867
G1 X176.5424 Y-116.3998
G1 X176.5104 Y-116.5791
G1 X176.5087 Y-116.5870
G1 X176.4744 Y-116.7679
G1 X176.4487 Y-116.8961
G1 X176.4276 Y-116.9990
G1 X176.3893 Y-117.1760
G1 X176.3639 Y-117.2888
G1 X176.3334 Y-117.4196
G1 X176.3319 Y-117.4270
G1 X176.3118 Y-117.5103
G1 X176.2816 Y-117.6315
G1 X176.2557 Y-117.7323
G1 X176.2318 Y-117.8230
G1 X176.1820 Y-118.0020
G1 X176.1531 Y-118.1024
G1 X175.9488 Y-118.0722
G1 X175.5993 Y-118.0229
G1 X175.3469 Y-117.9883
G1 X174.9671 Y-117.9393
G1 X174.5851 Y-117.8926
G1 X174.3108 Y-117.8601
G1 X173.7622 Y-117.7978
G1 X173.1993 Y-117.7381
G1 X172.7568 Y-117.6929
G1 X172.1640 Y-117.6358
G1 X171.8503 Y-117.6063
G1 X171.2234 Y-117.5499
G1 X170.5826 Y-117.4951
G1 X170.0840 Y-117.4537
G1 X169.2468 Y-117.3879
G1 X168.5585 Y-117.3358
G1 X168.0294 Y-117.2975
G1 X166.9628 Y-117.2233
G1 X166.2354 Y-117.1748
G1 X165.4990 Y-117.1278
G1 X164.7533 Y-117.0813
G1 X163.9961 Y-117.0358
G1 X162.4714 Y-116.9487
G1 X161.1196 Y-116.8758
G1 X159.5653 Y-116.7971
G1 X158.0078 Y-116.7221
G1 X156.6492 Y-116.6607
G1 X155.1081 Y-116.5936
G1 X153.9644 Y-116.5469
G1 X152.2786 Y-116.4806
G1 X150.4645 Y-116.4145
G1 X149.2349 Y-116.3721
G1 X148.0469 Y-116.3330
G1 X146.9062 Y-116.2980
G1 X145.3718 Y-116.2538
G1 X144.3670 Y-116.2268
G1 X143.2194 Y-116.1994
G1 X143.2085 Y-116.0752
G1 X143.1851 Y-115.7742
G1 X143.1658 Y-115.4801
G1 X143.1501 Y-115.2002
G1 X143.1371 Y-114.9281
G1 X143.1305 Y-114.7514
G1 X143.1305 Y-114.7437
G1 X143.1226 Y-114.4857
G1 X143.1178 Y-114.2665
G1 X143.1176 Y-114.2629
G1 X143.1148 Y-114.0493
G1 X143.1133 Y-113.8319
G1 X143.1148 Y-113.5184
G1 X143.1166 Y-113.3475
G1 X143.1168 Y-113.3356
G1 X143.1168 Y-113.3351
G1 X143.1219 Y-113.0897
G1 X143.1287 Y-112.8451
G1 X143.1290 Y-112.8451
G1 X143.1381 Y-112.6122
G1 X143.1514 Y-112.3445
G1 X143.1666 Y-112.0826
G1 X143.1839 Y-111.8309
G1 X143.2034 Y-111.5832
G1 X143.2248 Y-111.3432
G1 X143.2512 Y-111.0793
G1 X143.2743 Y-110.8702
G1 X143.2987 Y-110.6637
G1 X143.2992 Y-110.6579
G1 X143.3119 Y-110.5563
G1 X143.3126 Y-110.5512
G1 X143.3289 Y-110.4268
G1 X143.3591 Y-110.2086
G1 X143.3894 Y-110.0013
G1 X143.3896 Y-110.0013
G1 X143.4170 Y-109.8250
G1 X143.4483 Y-109.6376
G1 X143.4846 Y-109.4306
G1 X143.5118 Y-109.2817
G1 X143.5346 Y-109.1606
G1 X143.5717 Y-108.9726
G1 X143.6139 Y-108.7694
G1 X143.6433 Y-108.6333
G1 X143.6764 Y-108.4849
G1 X143.7025 Y-108.3709
G1 X143.7322 Y-108.2454
G1 X143.7371 Y-108.2261
G1 X143.7678 Y-108.1001
G1 X143.7823 Y-108.0419
G1 X143.8206 Y-107.8921
G1 X143.8681 Y-107.7138
G1 X143.9314 Y-107.4842
G1 X143.9423 Y-107.4450
G1 X143.9794 Y-107.3173
G1 X143.9812 Y-107.3122
G1 X144.0233 Y-107.1705
G1 X144.0642 Y-107.0369
G1 X144.0990 Y-106.9254
G1 X144.1016 Y-106.9175
G1 X144.1026 Y-106.9142
G1 X144.1633 Y-106.7272
G1 X144.2311 Y-106.5256
G1 X144.2837 Y-106.3747
G1 X144.3261 Y-106.2563
G1 X144.3711 Y-106.1334
G1 X144.4229 Y-105.9952
G1 X144.4734 Y-105.8636
G1 X144.5184 Y-105.7491
G1 X144.5796 Y-105.5975
G1 X144.6309 Y-105.4732
G1 X144.6492 Y-105.4293
G1 X144.7086 Y-105.2906
G1 X144.7676 Y-105.1560
G1 X144.8229 Y-105.0320
G1 X144.8755 Y-104.9175
G1 X144.9421 Y-104.7755
G1 X144.9446 Y-104.7699
G1 X144.9644 Y-104.7280
G1 X144.9690 Y-104.7186
G1 X145.0264 Y-104.6002
G1 X145.0919 Y-104.4682
G1 X145.1552 Y-104.3440
G1 X145.1549 Y-104.3440
G1 X145.2169 Y-104.2246
G1 X145.2171 Y-104.2246
G1 X145.2949 Y-104.0778
G1 X145.3538 Y-103.9688
G1 X145.4262 Y-103.8382
G1 X145.4262 Y-103.8380
G1 X145.4513 Y-103.7933
G1 X145.5329 Y-103.6508
G1 X145.5981 Y-103.5395
G1 X145.6332 Y-103.4806
G1 X145.7091 Y-103.3549
G1 X145.7442 Y-103.2975
G1 X145.8133 Y-103.1867
G1 X145.9012 Y-103.0488
G1 X145.9761 Y-102.9340
G1 X146.0604 Y-102.8068
G1 X146.1336 Y-102.6993
G1 X146.1745 Y-102.6399
G1 X146.2557 Y-102.5238
G1 X146.3467 Y-102.3968
G1 X146.4244 Y-102.2906
G1 X146.4325 Y-102.2797
G1 X146.5214 Y-102.1608
G1 X146.5450 Y-102.1293
G1 X146.6380 Y-102.0087
G1 X146.6472 Y-101.9970
G1 X146.6939 Y-101.9373
G1 X146.7813 Y-101.8276
G1 X146.8824 Y-101.7031
G1 X146.9616 Y-101.6074
G1 X147.0101 Y-101.5500
G1 X147.0556 Y-101.4966
G1 X147.0579 Y-101.4941
G1 X147.1651 Y-101.3704
G1 X147.2237 Y-101.3033
G1 X147.3065 Y-101.2106
G1 X147.4198 Y-101.0862
G1 X147.5054 Y-100.9942
G1 X147.5532 Y-100.9439
G1 X147.6759 Y-100.8162
G1 X147.7929 Y-100.6970
G1 X147.8768 Y-100.6135
G1 X147.9344 Y-100.5571
G1 X147.9989 Y-100.4943
G1 X148.0076 Y-100.4854
G1 X148.0376 Y-100.4567
G1 X148.1681 Y-100.3330
G1 X148.1719 Y-100.3295
G1 X148.2646 Y-100.2441
G1 X148.4074 Y-100.1146
G1 X148.5105 Y-100.0234
G1 X148.5783 Y-99.9640
G1 X148.6289 Y-99.9200
G1 X148.6756 Y-99.8804
G1 X148.8316 Y-99.7494
G1 X148.8676 Y-99.7194
G1 X148.9395 Y-99.6607
G1 X149.0027 Y-99.6094
G1 X149.0558 Y-99.5667
G1 X149.1912 Y-99.4603
G1 X149.2634 Y-99.4042
G1 X149.3827 Y-99.3132
G1 X149.3860 Y-99.3107
G1 X149.3919 Y-99.3064
G1 X149.5207 Y-99.2104
G1 X149.6497 Y-99.1166
G1 X149.7358 Y-99.0549
G1 X149.8473 Y-98.9762
G1 X149.9933 Y-98.8753
G1 X150.1506 Y-98.7694
G1 X150.2169 Y-98.7257
G1 X150.3672 Y-98.6279
G1 X150.4226 Y-98.5924
G1 X150.4292 Y-98.5883
G1 X150.5054 Y-98.5403
G1 X150.6817 Y-98.4308
G1 X150.8018 Y-98.3577
G1 X150.9575 Y-98.2655
G1 X151.1295 Y-98.1662
G1 X151.2212 Y-98.1138
G1 X151.3743 Y-98.0285
G1 X151.5082 Y-97.9556
G1 X151.7109 Y-97.8482
G1 X151.7167 Y-97.8449
G1 X151.8519 Y-97.7750
G1 X151.9395 Y-97.7306
G1 X152.0436 Y-97.6782
G1 X152.1150 Y-97.6429
G1 X152.1960 Y-97.6033
G1 X152.3848 Y-97.5126
G1 X152.4566 Y-97.4786
G1 X152.4612 Y-97.4766
G1 X152.6507 Y-97.3892
G1 X152.8305 Y-97.3084
G1 X152.9253 Y-97.2665
G1 X153.0162 Y-97.2269
G1 X153.1082 Y-97.1873
G1 X153.1127 Y-97.1855
G1 X153.2755 Y-97.1169
G1 X153.2854 Y-97.1131
G1 X153.3952 Y-97.0679
G1 X153.4985 Y-97.0257
G1 X153.6753 Y-96.9556
G1 X153.8691 Y-96.8807
G1 X154.0868 Y-96.7989
G1 X153.6400 Y-95.6099
G1 X153.7371 Y-95.5741
G1 X153.9392 Y-95.5015
G1 X153.9415 Y-95.5007
G1 X154.1734 Y-95.4199
G1 X154.3921 Y-95.3460
G1 X154.6123 Y-95.2736
G1 X154.8381 Y-95.2020
G1 X154.9540 Y-95.1659
G1 X155.1790 Y-95.0979
G1 X155.4109 Y-95.0300
G1 X155.5407 Y-94.9930
G1 X155.7840 Y-94.9251
G1 X155.7909 Y-94.9231
G1 X155.8750 Y-94.9002
G1 X155.8844 Y-94.8980
G1 X156.0170 Y-94.8627
G1 X156.2664 Y-94.7979
G1 X156.4970 Y-94.7402
G1 X156.4970 Y-94.7405
G1 X156.6210 Y-94.7103
G1 X156.8785 Y-94.6493
G1 X156.9946 Y-94.6226
G1 X157.1259 Y-94.5932
G1 X157.3830 Y-94.5370
G1 X157.6481 Y-94.4817
G1 X157.7818 Y-94.4545
G1 X157.7818 Y-94.4542
G1 X158.0413 Y-94.4032
G1 X158.2941 Y-94.3557
G1 X158.5788 Y-94.3046
G1 X158.5788 Y-94.3044
G1 X158.7198 Y-94.2800
G1 X158.7279 Y-94.2782
G1 X158.8452 Y-94.2586
G1 X158.9799 Y-94.2363
G1 X158.9827 Y-94.2360
G1 X159.1274 Y-94.2127
G1 X159.1274 Y-94.2129
G1 X159.2715 Y-94.1903
G1 X159.2834 Y-94.1880
G1 X159.3997 Y-94.1705
G1 X159.5437 Y-94.1492
G1 X159.8252 Y-94.1088
G1 X159.9796 Y-94.0877
G1 X160.2633 Y-94.0504
G1 X160.4112 Y-94.0321
G1 X160.5488 Y-94.0156
G1 X160.6883 Y-93.9996
G1 X160.8219 Y-93.9851
G1 X160.9626 Y-93.9706
G1 X161.0965 Y-93.9574
G1 X161.2425 Y-93.9439
G1 X161.3675 Y-93.9330
G1 X161.5178 Y-93.9206
G1 X161.6398 Y-93.9112
G1 X161.8922 Y-93.8939
G1 X162.1724 Y-93.8779
G1 X162.3065 Y-93.8713
G1 X162.4195 Y-93.8665
G1 X162.5577 Y-93.8614
G1 X162.6862 Y-93.8573
G1 X162.6862 Y-93.8571
G1 X162.8089 Y-93.8540
G1 X162.9463 Y-93.8512
G1 X163.0477 Y-93.8494
G1 X163.0568 Y-93.8497
G1 X163.1983 Y-93.8484
G1 X163.3131 Y-93.8479
G1 X163.4269 Y-93.8484
G1 X163.5603 Y-93.8497
G1 X163.6895 Y-93.8515
G1 X163.7914 Y-93.8535
G1 X163.7942 Y-93.8538
G1 X163.9133 Y-93.8568
G1 X164.0472 Y-93.8614
G1 X164.0502 Y-93.8614
G1 X164.1549 Y-93.8657
G1 X164.2778 Y-93.8713
G1 X164.4033 Y-93.8776
G1 X164.5028 Y-93.8835
G1 X164.6271 Y-93.8914
G1 X164.7464 Y-93.8997
G1 X164.8452 Y-93.9071
G1 X164.9636 Y-93.9170
G1 X165.0761 Y-93.9272
G1 X165.1955 Y-93.9386
G1 X165.3050 Y-93.9498
G1 X165.4264 Y-93.9627
G1 X165.5308 Y-93.9747
G1 X165.6199 Y-93.9856
G1 X165.7363 Y-94.0006
G1 X165.8546 Y-94.0166
G1 X165.9425 Y-94.0290
G1 X166.0672 Y-94.0476
G1 X166.1551 Y-94.0610
G1 X166.2618 Y-94.0783
G1 X166.3601 Y-94.0948
G1 X166.4823 Y-94.1164
G1 X166.5902 Y-94.1360
G1 X166.6784 Y-94.1527
G1 X166.7906 Y-94.1748
G1 X166.8843 Y-94.1939
G1 X166.9679 Y-94.2114
G1 X167.0789 Y-94.2358
G1 X167.1914 Y-94.2609
G1 X167.1983 Y-94.2622
G1 X167.2636 Y-94.2774
G1 X167.2674 Y-94.2784
G1 X167.3756 Y-94.3044
G1 X167.4637 Y-94.3262
G1 X167.5790 Y-94.3554
G1 X167.6618 Y-94.3770
G1 X167.6618 Y-94.3773
G1 X167.7655 Y-94.4052
G1 X167.7655 Y-94.4049
G1 X167.8414 Y-94.4260
G1 X167.9382 Y-94.4535
G1 X168.0393 Y-94.4832
G1 X168.1427 Y-94.5139
G1 X168.2135 Y-94.5355
G1 X168.3131 Y-94.5670
G1 X168.3944 Y-94.5932
G1 X168.4830 Y-94.6226
G1 X168.5821 Y-94.6561
G1 X168.6664 Y-94.6854
G1 X168.7568 Y-94.7174
G1 X168.8310 Y-94.7443
G1 X168.9224 Y-94.7783
G1 X169.0279 Y-94.8182
G1 X169.0279 Y-94.8179
G1 X169.1086 Y-94.8492
G1 X169.2615 Y-94.9104
G1 X169.2615 Y-94.9107
G1 X169.3527 Y-94.9482
G1 X169.3527 Y-94.9480
G1 X169.4271 Y-94.9795
G1 X169.5199 Y-95.0194
G1 X169.5971 Y-95.0532
G1 X169.6913 Y-95.0953
G1 X169.6987 Y-95.0984
G1 X169.7657 Y-95.1288
G1 X169.8343 Y-95.1608
G1 X169.9329 Y-95.2076
G1 X169.9936 Y-95.2368
G1 X170.0840 Y-95.2812
G1 X170.1643 Y-95.3214
G1 X170.2399 Y-95.3597
G1 X170.3075 Y-95.3950
G1 X170.3840 Y-95.4354
G1 X170.4736 Y-95.4837
G1 X170.5470 Y-95.5236
G1 X170.6187 Y-95.5634
G1 X170.6974 Y-95.6081
G1 X170.7718 Y-95.6508
G1 X170.8544 Y-95.6991
G1 X170.9936 Y-95.7824
G1 X171.0634 Y-95.8256
G1 X171.1289 Y-95.8665
G1 X171.2725 Y-95.9584
G1 X171.3514 Y-96.0100
G1 X171.4917 Y-96.1042
G1 X171.5544 Y-96.1474
G1 X171.6230 Y-96.1951
G1 X171.7794 Y-96.3066
G1 X171.8203 Y-96.3366
G1 X171.8975 Y-96.3938
G1 X171.9717 Y-96.4494
G1 X172.0847 Y-96.5363
G1 X172.1498 Y-96.5873
G1 X172.2303 Y-96.6516
G1 X172.2857 Y-96.6960
G1 X172.3476 Y-96.7468
G1 X172.4180 Y-96.8052
G1 X172.4713 Y-96.8502
G1 X172.5437 Y-96.9122
G1 X172.5996 Y-96.9607
G1 X172.6662 Y-97.0191
G1 X172.7302 Y-97.0763
G1 X172.7916 Y-97.1316
G1 X172.8450 Y-97.1804
G1 X172.9044 Y-97.2355
G1 X172.9687 Y-97.2960
G1 X173.1030 Y-97.4253
G1 X173.1485 Y-97.4695
G1 X173.1482 Y-97.4697
G1 X173.2679 Y-97.5893
G1 X173.3243 Y-97.6467
G1 X173.3715 Y-97.6955
G1 X173.4309 Y-97.7580
G1 X173.4929 Y-97.8238
G1 X173.6093 Y-97.9495
G1 X173.6545 Y-97.9995
G1 X173.7111 Y-98.0631
G1 X173.7779 Y-98.1387
G1 X173.7782 Y-98.1385
G1 X173.8142 Y-98.1799
G1 X173.8208 Y-98.1878
G1 X173.8826 Y-98.2594
G1 X173.9288 Y-98.3137
G1 X173.9882 Y-98.3846
G1 X174.0393 Y-98.4461
G1 X174.0883 Y-98.5065
G1 X174.1457 Y-98.5777
G1 X174.1935 Y-98.6373
G1 X174.2430 Y-98.7003
G1 X174.2999 Y-98.7735
G1 X174.3502 Y-98.8388
G1 X174.4462 Y-98.9660
G1 X174.4965 Y-99.0341
G1 X174.6016 Y-99.1791
G1 X174.6377 Y-99.2297
G1 X174.7530 Y-99.3948
G1 X174.8419 Y-99.5256
G1 X174.8729 Y-99.5718
G1 X174.8757 Y-99.5764
G1 X174.9862 Y-99.7448
G1 X175.0708 Y-99.8766
G1 X175.1155 Y-99.9480
G1 X175.1510 Y-100.0051
G1 X175.1515 Y-100.0059
G1 X175.2478 Y-100.1639
G1 X175.3382 Y-100.3165
G1 X175.3773 Y-100.3831
G1 X175.4612 Y-100.5294
G1 X175.5488 Y-100.6866
G1 X175.5877 Y-100.7572
G1 X175.6212 Y-100.8190
G1 X175.7025 Y-100.9719
G1 X175.7921 Y-101.1448
G1 X175.8208 Y-101.2010
G1 X175.9024 Y-101.3645
G1 X175.9428 Y-101.4468
G1 X176.0162 Y-101.5992
G1 X176.0164 Y-101.6000
G1 X176.0596 Y-101.6914
G1 X176.0624 Y-101.6970
G1 X176.0863 Y-101.7483
G1 X176.1642 Y-101.9193
G1 X176.2356 Y-102.0793
G1 X176.2354 Y-102.0793
G1 X176.2699 Y-102.1580
G1 X176.2702 Y-102.1580
G1 X176.3385 Y-102.3186
G1 X176.3725 Y-102.3996
G1 X176.4434 Y-102.5716
G1 X176.4693 Y-102.6353
G1 X176.5386 Y-102.8106
G1 X176.5663 Y-102.8817
G1 X176.6382 Y-103.0712
G1 X176.6395 Y-103.0740
G1 X176.6941 Y-103.2210
G1 X176.6946 Y-103.2228
G1 X176.7218 Y-103.2980
G1 X176.7865 Y-103.4806
G1 X176.8447 Y-103.6485
G1 X176.8978 Y-103.8055
G1 X176.9567 Y-103.9861
G1 X176.9806 Y-104.0602
G1 X177.0350 Y-104.2337
G1 X177.0868 Y-104.4039
G1 X177.1442 Y-104.5985
G1 X177.1459 Y-104.6035
G1 X177.1901 Y-104.7577
G1 X177.1904 Y-104.7593
G1 X177.2125 Y-104.8375
G1 X177.2636 Y-105.0239
G1 X177.3067 Y-105.1862
G1 X177.3535 Y-105.3673
G1 X177.3740 Y-105.4494
G1 X177.4200 Y-105.6363
G1 X177.4589 Y-105.8004
G1 X177.5010 Y-105.9840
G1 X177.5214 Y-106.0745
G1 X177.5584 Y-106.2446
G1 X177.5973 Y-106.4280
G1 X177.6141 Y-106.5093
G1 X177.6138 Y-106.5093
G1 X177.6491 Y-106.6864
G1 X177.6852 Y-106.8746
G1 X177.6854 Y-106.8746
G1 X177.7172 Y-107.0463
G1 X177.7512 Y-107.2375
G1 X177.7639 Y-107.3117
G1 X177.7942 Y-107.4925
G1 X177.8244 Y-107.6810
G1 X177.8503 Y-107.8502
G1 X177.8775 Y-108.0351
G1 X177.9130 Y-108.2921
G1 X177.9128 Y-108.2921
G1 X177.9491 Y-108.5756
G1 X177.9791 Y-108.8299
G1 X178.0098 Y-109.1126
G1 X178.0350 Y-109.3673
G1 X178.0606 Y-109.6536
G1 X178.0672 Y-109.7323
G1 X178.0802 Y-109.8992
G1 X178.1007 Y-110.1898
G1 X178.1010 Y-110.1898
G1 X178.1104 Y-110.3417
G1 X178.1254 Y-110.6134
G1 X178.1343 Y-110.7966
G1 X178.1444 Y-111.0445
G1 X178.1528 Y-111.3112
G1 X178.1571 Y-111.4933
G1 X178.1602 Y-111.6541
G1 X178.1632 Y-111.9264
G1 X178.1637 Y-112.1806
G1 X178.1635 Y-112.2540
G1 X178.1607 Y-112.5337
G1 X178.1609 Y-112.5337
G1 X178.1586 Y-112.6810
G1 X178.1584 Y-112.6810
G1 X178.1546 Y-112.8494
G1 X178.1498 Y-113.0170
G1 X178.1495 Y-113.0206
G1 X178.1439 Y-113.1882
G1 X178.1373 Y-113.3538
G1 X178.1302 Y-113.5111
G1 X178.1172 Y-113.7567
G1 X178.1073 Y-113.9208
G1 X178.0972 Y-114.0757
G1 X178.0794 Y-114.3157
G1 X178.0591 Y-114.5616
G1 X178.0525 Y-114.6378
G1 X178.0235 Y-114.9386
G1 X177.9963 Y-115.1928
G1 X177.9958 Y-115.1999
G1 X177.9913 Y-115.2408
G1 X177.9910 Y-115.2408
G1 X177.9610 Y-115.4913
G1 X177.9613 Y-115.4913
G1 X177.9458 Y-115.6147
G1 X177.9161 Y-115.8354
G1 X177.8831 Y-116.0656
G1 X177.8521 Y-116.2675
G1 X177.8307 Y-116.3998
G1 X177.7944 Y-116.6132
G1 X177.7566 Y-116.8240
G1 X177.7563 Y-116.8240
G1 X177.7197 Y-117.0165
G1 X177.6928 Y-117.1514
G1 X177.6689 Y-117.2677
G1 X177.6283 Y-117.4554
G1 X177.6009 Y-117.5771
G1 X177.5704 Y-117.7079
G1 X177.5706 Y-117.7079
G1 X177.5442 Y-117.8171
G1 X177.5137 Y-117.9396
G1 X177.4835 Y-118.0569
G1 X177.4556 Y-118.1626
G1 X177.4050 Y-118.3447
G1 X177.3616 Y-118.4940
G1 X177.3532 Y-118.5222
G1 X177.3032 Y-118.6835
G1 X177.2544 Y-118.8347
G1 X177.2181 Y-118.9421
G1 X177.1950 Y-119.0087
G1 X177.1556 Y-119.1184
G1 X177.1269 Y-119.1956
G1 X177.1030 Y-119.2583
G1 X177.0662 Y-119.3513
G1 X177.0296 Y-119.4410
G1 X177.0101 Y-119.4877
G1 X176.9913 Y-119.5306
G1 X176.8500 Y-119.5045
G1 X176.6524 Y-119.4694
G1 X176.5366 Y-119.4493
G1 X176.2216 Y-119.3980
G1 X176.0012 Y-119.3637
G1 X175.7718 Y-119.3297
G1 X175.4274 Y-119.2812
G1 X175.1841 Y-119.2479
G1 X174.8127 Y-119.1999
G1 X174.4355 Y-119.1537
G1 X174.1678 Y-119.1219
G1 X173.6281 Y-119.0607
G1 X173.0705 Y-119.0015
G1 X172.6347 Y-118.9571
G1 X172.0454 Y-118.9002
G1 X171.7365 Y-118.8712
G1 X171.1150 Y-118.8154
G1 X170.4777 Y-118.7607
G1 X169.9844 Y-118.7199
G1 X169.1510 Y-118.6543
G1 X168.4665 Y-118.6025
G1 X167.9412 Y-118.5644
G1 X166.8783 Y-118.4905
G1 X166.1544 Y-118.4422
G1 X165.4203 Y-118.3952
G1 X164.6771 Y-118.3490
G1 X163.9237 Y-118.3038
G1 X162.4030 Y-118.2169
G1 X161.0550 Y-118.1443
G1 X159.5044 Y-118.0656
G1 X157.9504 Y-117.9909
G1 X156.5940 Y-117.9294
G1 X155.0561 Y-117.8626
G1 X153.9146 Y-117.8159
G1 X152.2324 Y-117.7498
G1 X150.4206 Y-117.6838
G1 X149.1933 Y-117.6414
G1 X148.0078 Y-117.6025
G1 X146.8697 Y-117.5675
G1 X145.3380 Y-117.5233
G1 X144.3368 Y-117.4966
G1 X142.9022 Y-117.4623
G1 X142.0746 Y-117.4455
G1 X142.0477 Y-117.2276
G1 X142.0081 Y-116.8748
G1 X141.9860 Y-116.6586
G1 X141.9715 Y-116.5065
G1 X141.9433 Y-116.1867
G1 X141.9189 Y-115.8725
G1 X141.8986 Y-115.5634
G1 X141.8821 Y-115.2721
G1 X141.8687 Y-114.9883
G1 X141.8608 Y-114.7823
G1 X141.8610 Y-114.7823
G1 X141.8532 Y-114.5243
G1 X141.8481 Y-114.2947
G1 X141.8478 Y-114.2947
G1 X141.8448 Y-114.0663
G1 X141.8433 Y-113.8258
G1 X141.8448 Y-113.5045
G1 X141.8468 Y-113.3211
G1 X141.8524 Y-113.0518
G1 X141.8600 Y-112.7966
G1 X141.8600 Y-112.7953
G1 X141.8697 Y-112.5497
G1 X141.8834 Y-112.2708
G1 X141.8986 Y-112.0089
G1 X141.9169 Y-111.7435
G1 X141.9385 Y-111.4704
G1 X141.9611 Y-111.2167
G1 X141.9888 Y-110.9401
G1 X142.0129 Y-110.7214
G1 X142.0373 Y-110.5149
G1 X142.0371 Y-110.5149
G1 X142.0531 Y-110.3866
G1 X142.0533 Y-110.3866
G1 X142.0708 Y-110.2525
G1 X142.1011 Y-110.0343
G1 X142.1338 Y-109.8126
G1 X142.1346 Y-109.8065
G1 X142.1623 Y-109.6282
G1 X142.1638 Y-109.6193
G1 X142.1643 Y-109.6157
G1 X142.1973 Y-109.4181
G1 X142.2352 Y-109.2025
G1 X142.2624 Y-109.0536
G1 X142.2626 Y-109.0524
G1 X142.2888 Y-108.9139
G1 X142.3281 Y-108.7150
G1 X142.3726 Y-108.5004
G1 X142.4036 Y-108.3574
G1 X142.4366 Y-108.2091
G1 X142.4668 Y-108.0780
G1 X142.4991 Y-107.9419
G1 X142.5031 Y-107.9254
G1 X142.5357 Y-107.7920
G1 X142.5519 Y-107.7270
G1 X142.5903 Y-107.5771
G1 X142.6439 Y-107.3760
G1 X142.7089 Y-107.1402
G1 X142.7226 Y-107.0915
G1 X142.7637 Y-106.9495
G1 X142.7640 Y-106.9495
G1 X142.8090 Y-106.7986
G1 X142.8521 Y-106.6576
G1 X142.8910 Y-106.5334
G1 X142.9596 Y-106.3221
G1 X143.0317 Y-106.1077
G1 X143.0843 Y-105.9569
G1 X143.1333 Y-105.8200
G1 X143.1818 Y-105.6874
G1 X143.2336 Y-105.5492
G1 X143.2916 Y-105.3986
G1 X143.3408 Y-105.2733
G1 X143.4056 Y-105.1131
G1 X143.4584 Y-104.9851
G1 X143.4818 Y-104.9289
G1 X143.5412 Y-104.7902
G1 X143.5428 Y-104.7872
G1 X143.6083 Y-104.6373
G1 X143.6687 Y-104.5022
G1 X143.7256 Y-104.3783
G1 X143.7907 Y-104.2396
G1 X143.7975 Y-104.2248
G1 X143.8219 Y-104.1735
G1 X143.8885 Y-104.0364
G1 X143.9601 Y-103.8918
G1 X144.0233 Y-103.7676
G1 X144.0950 Y-103.6297
G1 X144.1778 Y-103.4735
G1 X144.2430 Y-103.3529
G1 X144.3154 Y-103.2223
G1 X144.3187 Y-103.2165
G1 X144.3490 Y-103.1626
G1 X144.4305 Y-103.0201
G1 X144.5059 Y-102.8916
G1 X144.5463 Y-102.8235
G1 X144.6256 Y-102.6925
G1 X144.6667 Y-102.6251
G1 X144.7422 Y-102.5042
G1 X144.8300 Y-102.3663
G1 X144.9174 Y-102.2325
G1 X145.0017 Y-102.1052
G1 X145.0871 Y-101.9797
G1 X145.1341 Y-101.9114
G1 X145.2154 Y-101.7953
G1 X145.3139 Y-101.6577
G1 X145.4084 Y-101.5286
G1 X145.4107 Y-101.5256
G1 X145.4155 Y-101.5190
G1 X145.5044 Y-101.4001
G1 X145.5395 Y-101.3536
G1 X145.6423 Y-101.2203
G1 X145.6472 Y-101.2142
G1 X145.6939 Y-101.1545
G1 X145.6941 Y-101.1542
G1 X145.7957 Y-101.0265
G1 X145.9040 Y-100.8934
G1 X145.9918 Y-100.7872
G1 X146.0434 Y-100.7262
G1 X146.0975 Y-100.6627
G1 X146.0980 Y-100.6620
G1 X146.0983 Y-100.6620
G1 X146.2093 Y-100.5340
G1 X146.2679 Y-100.4669
G1 X146.3596 Y-100.3643
G1 X146.4805 Y-100.2314
G1 X146.5844 Y-100.1197
G1 X146.6370 Y-100.0643
G1 X146.7597 Y-99.9366
G1 X146.8869 Y-99.8070
G1 X146.9883 Y-99.7059
G1 X147.0490 Y-99.6465
G1 X147.1135 Y-99.5837
G1 X147.1132 Y-99.5835
G1 X147.1646 Y-99.5345
G1 X147.3076 Y-99.3991
G1 X147.4112 Y-99.3036
G1 X147.5539 Y-99.1740
G1 X147.6733 Y-99.0684
G1 X147.7411 Y-99.0089
G1 X147.8051 Y-98.9536
G1 X147.8585 Y-98.9081
G1 X148.0144 Y-98.7770
G1 X148.0642 Y-98.7359
G1 X148.1392 Y-98.6747
G1 X148.2080 Y-98.6188
G1 X148.2710 Y-98.5683
G1 X148.4112 Y-98.4580
G1 X148.4833 Y-98.4019
G1 X148.6238 Y-98.2950
G1 X148.7744 Y-98.1827
G1 X148.9098 Y-98.0844
G1 X148.9959 Y-98.0227
G1 X149.1264 Y-97.9305
G1 X149.2794 Y-97.8251
G1 X149.2837 Y-97.8220
G1 X149.4409 Y-97.7161
G1 X149.5245 Y-97.6610
G1 X149.6748 Y-97.5632
G1 X149.7462 Y-97.5175
G1 X149.7513 Y-97.5144
G1 X149.8354 Y-97.4613
G1 X150.0116 Y-97.3518
G1 X150.1549 Y-97.2647
G1 X150.3223 Y-97.1657
G1 X150.4942 Y-97.0664
G1 X150.5923 Y-97.0105
G1 X150.7559 Y-96.9193
G1 X150.9133 Y-96.8334
G1 X151.1160 Y-96.7260
G1 X151.1160 Y-96.7257
G1 X151.2776 Y-96.6422
G1 X151.3693 Y-96.5957
G1 X151.4734 Y-96.5434
G1 X151.5570 Y-96.5020
G1 X151.6380 Y-96.4623
G1 X151.6433 Y-96.4598
G1 X151.6454 Y-96.4588
G1 X151.8404 Y-96.3651
G1 X151.9293 Y-96.3229
G1 X151.9293 Y-96.3231
G1 X152.1188 Y-96.2358
G1 X152.3098 Y-96.1499
G1 X152.4122 Y-96.1047
G1 X152.5097 Y-96.0623
G1 X152.6167 Y-96.0163
G1 X152.6197 Y-96.0150
G1 X152.7957 Y-95.9409
G1 X152.8021 Y-95.9386
G1 X152.9156 Y-95.8919
G1 X153.0190 Y-95.8497
G1 X153.2174 Y-95.7710
G1 X153.4223 Y-95.6917
G1 X153.6400 Y-95.6099
G1 X153.2004 Y-94.4184
G1 X153.2974 Y-94.3826
G1 X153.5234 Y-94.3013
G1 X153.5234 Y-94.3016
G1 X153.7660 Y-94.2170
G1 X153.9903 Y-94.1410
G1 X154.2164 Y-94.0669
G1 X154.4599 Y-93.9897
G1 X154.5862 Y-93.9503
G1 X154.8145 Y-93.8812
G1 X155.0619 Y-93.8088
G1 X155.1917 Y-93.7717
G1 X155.4434 Y-93.7016
G1 X155.4434 Y-93.7014
G1 X155.5575 Y-93.6704
G1 X155.5575 Y-93.6706
G1 X155.6901 Y-93.6353
G1 X155.9476 Y-93.5685
G1 X156.1960 Y-93.5065
G1 X156.3200 Y-93.4763
G1 X156.5943 Y-93.4115
G1 X156.7160 Y-93.3836
G1 X156.8549 Y-93.3524
G1 X157.1120 Y-93.2962
G1 X157.3949 Y-93.2370
G1 X157.5285 Y-93.2099
G1 X157.8066 Y-93.1550
G1 X158.0700 Y-93.1055
G1 X158.3548 Y-93.0544
G1 X158.5024 Y-93.0288
G1 X158.5024 Y-93.0285
G1 X158.6380 Y-93.0057
G1 X158.7807 Y-92.9820
G1 X158.7807 Y-92.9823
G1 X158.9306 Y-92.9582
G1 X159.0746 Y-92.9356
G1 X159.0746 Y-92.9353
G1 X159.2135 Y-92.9142
G1 X159.3576 Y-92.8929
G1 X159.6535 Y-92.8505
G1 X159.8079 Y-92.8294
G1 X160.1074 Y-92.7900
G1 X160.2552 Y-92.7717
G1 X160.4035 Y-92.7539
G1 X160.5514 Y-92.7369
G1 X160.6918 Y-92.7217
G1 X160.8325 Y-92.7072
G1 X160.9743 Y-92.6932
G1 X161.1262 Y-92.6793
G1 X161.2628 Y-92.6673
G1 X161.4132 Y-92.6549
G1 X161.5526 Y-92.6442
G1 X161.8188 Y-92.6259
G1 X162.1003 Y-92.6099
G1 X162.2463 Y-92.6028
G1 X162.3728 Y-92.5972
G1 X162.5176 Y-92.5919
G1 X162.6461 Y-92.5878
G1 X162.7830 Y-92.5843
G1 X162.9204 Y-92.5815
G1 X163.0454 Y-92.5794
G1 X163.0454 Y-92.5797
G1 X163.1869 Y-92.5784
G1 X163.3131 Y-92.5779
G1 X163.4386 Y-92.5784
G1 X163.5778 Y-92.5797
G1 X163.7071 Y-92.5815
G1 X163.8277 Y-92.5840
G1 X163.8277 Y-92.5843
G1 X163.9529 Y-92.5876
G1 X164.0896 Y-92.5921
G1 X164.0896 Y-92.5919
G1 X164.2069 Y-92.5967
G1 X164.3421 Y-92.6028
G1 X164.4675 Y-92.6092
G1 X164.5826 Y-92.6160
G1 X164.7160 Y-92.6244
G1 X164.8353 Y-92.6328
G1 X164.9512 Y-92.6414
G1 X165.0695 Y-92.6513
G1 X165.1904 Y-92.6622
G1 X165.3172 Y-92.6744
G1 X165.4396 Y-92.6869
G1 X165.5610 Y-92.6998
G1 X165.6758 Y-92.7130
G1 X165.7822 Y-92.7260
G1 X165.8986 Y-92.7410
G1 X166.0246 Y-92.7580
G1 X166.1292 Y-92.7727
G1 X166.2539 Y-92.7913
G1 X166.3565 Y-92.8070
G1 X166.4721 Y-92.8258
G1 X166.5811 Y-92.8441
G1 X166.7032 Y-92.8657
G1 X166.8168 Y-92.8863
G1 X166.9156 Y-92.9051
G1 X167.0357 Y-92.9287
G1 X167.1447 Y-92.9508
G1 X167.2405 Y-92.9709
G1 X167.3515 Y-92.9952
G1 X167.4693 Y-93.0217
G1 X167.4693 Y-93.0214
G1 X167.5633 Y-93.0432
G1 X167.5633 Y-93.0435
G1 X167.6799 Y-93.0714
G1 X167.7756 Y-93.0951
G1 X167.8910 Y-93.1243
G1 X167.9926 Y-93.1509
G1 X168.0962 Y-93.1789
G1 X168.1881 Y-93.2043
G1 X168.2956 Y-93.2348
G1 X168.4012 Y-93.2658
G1 X168.5046 Y-93.2965
G1 X168.5966 Y-93.3247
G1 X168.7017 Y-93.3580
G1 X168.7949 Y-93.3879
G1 X168.8897 Y-93.4194
G1 X168.9979 Y-93.4560
G1 X169.0822 Y-93.4852
G1 X169.1894 Y-93.5233
G1 X169.2742 Y-93.5540
G1 X169.3718 Y-93.5904
G1 X169.4772 Y-93.6302
G1 X169.5719 Y-93.6668
G1 X169.7457 Y-93.7364
G1 X169.8368 Y-93.7740
G1 X169.9290 Y-93.8129
G1 X170.0218 Y-93.8527
G1 X170.1157 Y-93.8939
G1 X170.2100 Y-93.9361
G1 X170.2100 Y-93.9358
G1 X170.3027 Y-93.9780
G1 X170.3784 Y-94.0133
G1 X170.4769 Y-94.0600
G1 X170.5544 Y-94.0973
G1 X170.6519 Y-94.1454
G1 X170.7383 Y-94.1885
G1 X170.8140 Y-94.2269
G1 X170.9009 Y-94.2721
G1 X170.9854 Y-94.3168
G1 X171.0799 Y-94.3676
G1 X171.1533 Y-94.4075
G1 X171.2364 Y-94.4537
G1 X171.3291 Y-94.5063
G1 X171.4035 Y-94.5490
G1 X171.4952 Y-94.6026
G1 X171.6458 Y-94.6927
G1 X171.7357 Y-94.7481
G1 X171.8013 Y-94.7890
G1 X171.9666 Y-94.8949
G1 X172.0456 Y-94.9465
G1 X172.2117 Y-95.0580
G1 X172.2745 Y-95.1012
G1 X172.3601 Y-95.1608
G1 X172.5165 Y-95.2724
G1 X172.5762 Y-95.3160
G1 X172.6595 Y-95.3778
G1 X172.7337 Y-95.4334
G1 X172.8696 Y-95.5378
G1 X172.9420 Y-95.5947
G1 X173.0225 Y-95.6589
G1 X173.0911 Y-95.7141
G1 X173.1589 Y-95.7697
G1 X173.2293 Y-95.8281
G1 X173.2973 Y-95.8855
G1 X173.3751 Y-95.9521
G1 X173.4375 Y-96.0062
G1 X173.5041 Y-96.0646
G1 X173.5803 Y-96.1326
G1 X173.6418 Y-96.1880
G1 X173.7086 Y-96.2492
G1 X173.7751 Y-96.3110
G1 X173.8493 Y-96.3808
G1 X173.9836 Y-96.5101
G1 X174.0464 Y-96.5716
G1 X174.1660 Y-96.6912
G1 X174.2310 Y-96.7575
G1 X174.2918 Y-96.8202
G1 X174.3558 Y-96.8875
G1 X174.4251 Y-96.9612
G1 X174.5414 Y-97.0869
G1 X174.6016 Y-97.1535
G1 X174.6634 Y-97.2226
G1 X174.7302 Y-97.2983
G1 X174.7837 Y-97.3592
G1 X174.7835 Y-97.3595
G1 X174.8493 Y-97.4359
G1 X174.9019 Y-97.4976
G1 X174.9613 Y-97.5685
G1 X175.0258 Y-97.6462
G1 X175.0748 Y-97.7067
G1 X175.1381 Y-97.7852
G1 X175.1904 Y-97.8507
G1 X175.2455 Y-97.9206
G1 X175.3024 Y-97.9937
G1 X175.3639 Y-98.0737
G1 X175.4678 Y-98.2114
G1 X175.5181 Y-98.2795
G1 X175.6362 Y-98.4425
G1 X175.6788 Y-98.5025
G1 X175.7942 Y-98.6676
G1 X175.8973 Y-98.8190
G1 X175.9379 Y-98.8797
G1 X175.9377 Y-98.8797
G1 X176.0482 Y-99.0481
G1 X176.1399 Y-99.1911
G1 X176.1934 Y-99.2764
G1 X176.2359 Y-99.3445
G1 X176.2356 Y-99.3445
G1 X176.3405 Y-99.5164
G1 X176.4332 Y-99.6729
G1 X176.4723 Y-99.7394
G1 X176.5633 Y-99.8982
G1 X176.6616 Y-100.0745
G1 X176.7007 Y-100.1456
G1 X176.7429 Y-100.2233
G1 X176.8300 Y-100.3874
G1 X176.9229 Y-100.5667
G1 X176.9575 Y-100.6343
G1 X177.0428 Y-100.8055
G1 X177.0873 Y-100.8962
G1 X177.1650 Y-101.0577
G1 X177.1647 Y-101.0577
G1 X177.2079 Y-101.1491
G1 X177.2082 Y-101.1491
G1 X177.2417 Y-101.2213
G1 X177.3197 Y-101.3922
G1 X177.3984 Y-101.5690
G1 X177.4330 Y-101.6478
G1 X177.5094 Y-101.8268
G1 X177.5435 Y-101.9078
G1 X177.6204 Y-102.0950
G1 X177.6207 Y-102.0950
G1 X177.6504 Y-102.1685
G1 X177.7223 Y-102.3503
G1 X177.7538 Y-102.4313
G1 X177.8257 Y-102.6208
G1 X177.8259 Y-102.6208
G1 X177.8884 Y-102.7890
G1 X177.8881 Y-102.7890
G1 X177.9189 Y-102.8736
G1 X177.9867 Y-103.0648
G1 X178.0449 Y-103.2327
G1 X178.1051 Y-103.4113
G1 X178.1655 Y-103.5964
G1 X178.1927 Y-103.6808
G1 X178.2501 Y-103.8642
G1 X178.3050 Y-104.0445
G1 X178.3624 Y-104.2391
G1 X178.3626 Y-104.2391
G1 X178.4129 Y-104.4146
G1 X178.4126 Y-104.4146
G1 X178.4373 Y-104.5019
G1 X178.4909 Y-104.6975
G1 X178.5366 Y-104.8695
G1 X178.5849 Y-105.0569
G1 X178.6075 Y-105.1466
G1 X178.6557 Y-105.3432
G1 X178.6969 Y-105.5167
G1 X178.7403 Y-105.7062
G1 X178.7624 Y-105.8047
G1 X178.8010 Y-105.9823
G1 X178.8411 Y-106.1723
G1 X178.8594 Y-106.2612
G1 X178.8965 Y-106.4473
G1 X178.9326 Y-106.6355
G1 X178.9674 Y-106.8235
G1 X179.0027 Y-107.0216
G1 X179.0167 Y-107.1027
G1 X179.0482 Y-107.2914
G1 X179.0799 Y-107.4892
G1 X179.1068 Y-107.6655
G1 X179.1340 Y-107.8504
G1 X179.1726 Y-108.1311
G1 X179.2105 Y-108.4273
G1 X179.2417 Y-108.6929
G1 X179.2737 Y-108.9881
G1 X179.2999 Y-109.2535
G1 X179.3263 Y-109.5474
G1 X179.3329 Y-109.6261
G1 X179.3471 Y-109.8095
G1 X179.3677 Y-110.1001
G1 X179.3784 Y-110.2716
G1 X179.3938 Y-110.5517
G1 X179.4032 Y-110.7445
G1 X179.4139 Y-111.0049
G1 X179.4226 Y-111.2810
G1 X179.4269 Y-111.4631
G1 X179.4302 Y-111.6404
G1 X179.4332 Y-111.9238
G1 X179.4337 Y-112.1844
G1 X179.4335 Y-112.2667
G1 X179.4307 Y-112.5464
G1 X179.4281 Y-112.7105
G1 X179.4241 Y-112.8860
G1 X179.4190 Y-113.0628
G1 X179.4187 Y-113.0628
G1 X179.4129 Y-113.2383
G1 X179.4060 Y-113.4123
G1 X179.3984 Y-113.5779
G1 X179.3850 Y-113.8339
G1 X179.3745 Y-114.0049
G1 X179.3636 Y-114.1694
G1 X179.3451 Y-114.4199
G1 X179.3243 Y-114.6729
G1 X179.3166 Y-114.7595
G1 X179.2864 Y-115.0734
G1 X179.2592 Y-115.3277
G1 X179.2595 Y-115.3277
G1 X179.2521 Y-115.3917
G1 X179.2221 Y-115.6421
G1 X179.2044 Y-115.7844
G1 X179.1731 Y-116.0160
G1 X179.1383 Y-116.2583
G1 X179.1058 Y-116.4702
G1 X179.0827 Y-116.6132
G1 X179.0454 Y-116.8324
G1 X179.0040 Y-117.0617
G1 X178.9664 Y-117.2591
G1 X178.9366 Y-117.4079
G1 X178.9112 Y-117.5311
G1 X178.8673 Y-117.7346
G1 X178.8378 Y-117.8654
G1 X178.8074 Y-117.9962
G1 X178.7766 Y-118.1235
G1 X178.7436 Y-118.2563
G1 X178.7111 Y-118.3825
G1 X178.6824 Y-118.4907
G1 X178.6291 Y-118.6835
G1 X178.5798 Y-118.8527
G1 X178.5663 Y-118.8984
G1 X178.5145 Y-119.0655
G1 X178.4576 Y-119.2413
G1 X178.4213 Y-119.3488
G1 X178.3903 Y-119.4377
G1 X178.3509 Y-119.5474
G1 X178.3136 Y-119.6480
G1 X178.2839 Y-119.7259
G1 X178.2422 Y-119.8311
G1 X178.2056 Y-119.9208
G1 X178.1744 Y-119.9949
G1 X178.1383 Y-120.0777
G1 X178.0992 Y-120.1646
G1 X178.0588 Y-120.2510
G1 X178.0245 Y-120.3218
G1 X177.9943 Y-120.3823
G1 X177.9506 Y-120.4666
G1 X177.9168 Y-120.5291
G1 X177.8871 Y-120.5822
G1 X177.8498 Y-120.6467
G1 X177.8122 Y-120.7087
G1 X177.7868 Y-120.7491
G1 X177.7644 Y-120.7833
G1 X177.7335 Y-120.8296
G1 X177.7063 Y-120.8687
G1 X177.6821 Y-120.9015
G1 X177.6661 Y-120.9225
G1 X177.6303 Y-120.9680
G1 X177.5884 Y-120.9571
G1 X177.5023 Y-120.9360
G1 X177.3390 Y-120.8982
G1 X177.1724 Y-120.8616
G1 X176.9946 Y-120.8248
G1 X176.8152 Y-120.7897
G1 X176.6278 Y-120.7549
G1 X176.4363 Y-120.7209
G1 X176.3319 Y-120.7028
G1 X176.0271 Y-120.6530
G1 X175.8142 Y-120.6200
G1 X175.5940 Y-120.5873
G1 X175.2564 Y-120.5395
G1 X175.0210 Y-120.5075
G1 X174.6578 Y-120.4605
G1 X174.2859 Y-120.4148
G1 X174.0248 Y-120.3838
G1 X173.4937 Y-120.3236
G1 X172.9423 Y-120.2649
G1 X172.5122 Y-120.2212
G1 X171.9270 Y-120.1646
G1 X171.6230 Y-120.1362
G1 X171.0063 Y-120.0808
G1 X170.3730 Y-120.0264
G1 X169.8849 Y-119.9860
G1 X169.0550 Y-119.9208
G1 X168.3746 Y-119.8692
G1 X167.8531 Y-119.8314
G1 X166.7939 Y-119.7577
G1 X166.0728 Y-119.7097
G1 X165.3416 Y-119.6627
G1 X164.6011 Y-119.6167
G1 X163.8513 Y-119.5718
G1 X162.3347 Y-119.4852
G1 X160.9905 Y-119.4128
G1 X159.4434 Y-119.3340
G1 X157.8928 Y-119.2596
G1 X156.5389 Y-119.1981
G1 X155.0040 Y-119.1316
G1 X153.8648 Y-119.0849
G1 X152.1861 Y-119.0191
G1 X150.3766 Y-118.9530
G1 X149.1518 Y-118.9106
G1 X147.9687 Y-118.8720
G1 X146.8328 Y-118.8369
G1 X145.3045 Y-118.7928
G1 X144.3063 Y-118.7663
G1 X142.8765 Y-118.7320
G1 X141.7371 Y-118.7089
G1 X140.9741 Y-118.6965
G1 X140.9228 Y-118.3782
G1 X140.8745 Y-118.0516
G1 X140.8280 Y-117.7125
G1 X140.7856 Y-117.3693
G1 X140.7460 Y-117.0165
G1 X140.7216 Y-116.7798
G1 X140.7218 Y-116.7798
G1 X140.7063 Y-116.6180
G1 X140.6782 Y-116.2982
G1 X140.6528 Y-115.9706
G1 X140.6314 Y-115.6470
G1 X140.6141 Y-115.3444
G1 X140.6002 Y-115.0480
G1 X140.5915 Y-114.8210
G1 X140.5837 Y-114.5629
G1 X140.5783 Y-114.3229
G1 X140.5748 Y-114.0739
G1 X140.5733 Y-113.8199
G1 X140.5748 Y-113.4895
G1 X140.5771 Y-113.2947
G1 X140.5829 Y-113.0140
G1 X140.5905 Y-112.7587
G1 X140.5910 Y-112.7470
G1 X140.5910 Y-112.7453
G1 X140.6012 Y-112.4875
G1 X140.6154 Y-112.1971
G1 X140.6307 Y-111.9353
G1 X140.6500 Y-111.6559
G1 X140.6736 Y-111.3574
G1 X140.6975 Y-111.0899
G1 X140.7264 Y-110.8014
G1 X140.7516 Y-110.5725
G1 X140.7759 Y-110.3660
G1 X140.7940 Y-110.2218
G1 X140.8128 Y-110.0783
G1 X140.8430 Y-109.8601
G1 X140.8775 Y-109.6267
G1 X140.8773 Y-109.6267
G1 X140.9095 Y-109.4199
G1 X140.9464 Y-109.1984
G1 X140.9857 Y-108.9744
G1 X141.0129 Y-108.8255
G1 X141.0147 Y-108.8164
G1 X141.0429 Y-108.6673
G1 X141.0846 Y-108.4570
G1 X141.1313 Y-108.2317
G1 X141.1638 Y-108.0816
G1 X141.1968 Y-107.9332
G1 X141.2311 Y-107.7846
G1 X141.2669 Y-107.6338
G1 X141.2692 Y-107.6246
G1 X141.3040 Y-107.4819
G1 X141.3218 Y-107.4113
G1 X141.3629 Y-107.2510
G1 X141.4196 Y-107.0379
G1 X141.4861 Y-106.7968
G1 X141.5029 Y-106.7371
G1 X141.5031 Y-106.7371
G1 X141.5468 Y-106.5868
G1 X141.5948 Y-106.4257
G1 X141.6403 Y-106.2777
G1 X141.6832 Y-106.1408
G1 X141.7561 Y-105.9165
G1 X141.8326 Y-105.6897
G1 X141.8887 Y-105.5286
G1 X141.9377 Y-105.3917
G1 X141.9929 Y-105.2411
G1 X142.0482 Y-105.0935
G1 X142.1100 Y-104.9330
G1 X142.1633 Y-104.7976
G1 X142.2281 Y-104.6373
G1 X142.2865 Y-104.4959
G1 X142.3147 Y-104.4283
G1 X142.3789 Y-104.2784
G1 X142.3792 Y-104.2784
G1 X142.4490 Y-104.1187
G1 X142.5148 Y-103.9716
G1 X142.5758 Y-103.8390
G1 X142.6469 Y-103.6874
G1 X142.6505 Y-103.6800
G1 X142.6794 Y-103.6190
G1 X142.7505 Y-103.4725
G1 X142.8222 Y-103.3280
G1 X142.8961 Y-103.1827
G1 X142.9723 Y-103.0359
G1 X143.0556 Y-102.8784
G1 X143.1326 Y-102.7366
G1 X143.2082 Y-102.6003
G1 X143.2463 Y-102.5324
G1 X143.3355 Y-102.3765
G1 X143.4137 Y-102.2434
G1 X143.4597 Y-102.1659
G1 X143.5423 Y-102.0295
G1 X143.5895 Y-101.9523
G1 X143.6710 Y-101.8217
G1 X143.7589 Y-101.6838
G1 X143.8587 Y-101.5309
G1 X143.9431 Y-101.4037
G1 X144.0414 Y-101.2591
G1 X144.0937 Y-101.1832
G1 X144.1826 Y-101.0562
G1 X144.2811 Y-100.9185
G1 X144.3909 Y-100.7687
G1 X144.4869 Y-100.6401
G1 X144.5344 Y-100.5774
G1 X144.6421 Y-100.4380
G1 X144.6931 Y-100.3727
G1 X144.6995 Y-100.3645
G1 X144.7000 Y-100.3640
G1 X144.8102 Y-100.2254
G1 X144.9184 Y-100.0923
G1 X145.0216 Y-99.9678
G1 X145.0767 Y-99.9025
G1 X145.1308 Y-99.8390
G1 X145.1356 Y-99.8334
G1 X145.1386 Y-99.8299
G1 X145.2496 Y-99.7019
G1 X145.3129 Y-99.6297
G1 X145.4208 Y-99.5091
G1 X145.5506 Y-99.3666
G1 X145.6621 Y-99.2467
G1 X145.7208 Y-99.1847
G1 X145.8435 Y-99.0570
G1 X145.9807 Y-98.9173
G1 X146.0993 Y-98.7989
G1 X146.1635 Y-98.7359
G1 X146.2281 Y-98.6732
G1 X146.2913 Y-98.6125
G1 X146.4356 Y-98.4758
G1 X146.5575 Y-98.3633
G1 X146.7061 Y-98.2284
G1 X146.8361 Y-98.1133
G1 X146.9039 Y-98.0539
G1 X146.9807 Y-97.9876
G1 X147.0414 Y-97.9358
G1 X147.1973 Y-97.8047
G1 X147.2601 Y-97.7529
G1 X147.3396 Y-97.6879
G1 X147.4132 Y-97.6282
G1 X147.4762 Y-97.5777
G1 X147.6319 Y-97.4552
G1 X147.7140 Y-97.3915
G1 X147.8544 Y-97.2845
G1 X148.0152 Y-97.1647
G1 X148.1699 Y-97.0521
G1 X148.2560 Y-96.9904
G1 X148.4058 Y-96.8847
G1 X148.5692 Y-96.7722
G1 X148.7416 Y-96.6559
G1 X148.8252 Y-96.6008
G1 X148.9893 Y-96.4941
G1 X149.0729 Y-96.4405
G1 X149.0729 Y-96.4408
G1 X149.1653 Y-96.3823
G1 X149.3416 Y-96.2729
G1 X149.5021 Y-96.1753
G1 X149.6875 Y-96.0656
G1 X149.8653 Y-95.9630
G1 X149.9634 Y-95.9071
G1 X150.1483 Y-95.8040
G1 X150.3185 Y-95.7113
G1 X150.5212 Y-95.6038
G1 X150.7025 Y-95.5098
G1 X150.7990 Y-95.4608
G1 X150.9032 Y-95.4085
G1 X150.9994 Y-95.3607
G1 X151.0878 Y-95.3176
G1 X151.2903 Y-95.2203
G1 X151.3975 Y-95.1697
G1 X151.5869 Y-95.0824
G1 X151.7968 Y-94.9881
G1 X151.8991 Y-94.9429
G1 X152.0038 Y-94.8974
G1 X152.1155 Y-94.8494
G1 X152.1155 Y-94.8492
G1 X152.3187 Y-94.7638
G1 X152.3187 Y-94.7641
G1 X152.4323 Y-94.7174
G1 X152.5402 Y-94.6734
G1 X152.7594 Y-94.5863
G1 X152.9644 Y-94.5070
G1 X153.2004 Y-94.4184
; Retract
G1 Z2.5400 F2540

; Path 1
; Rapid to initial position
G1 X274.1287 Y-107.8329 F2540
G1 Z0.0000
; plunge
G1 Z-0.7937 F127
; cut
G1 X274.1615 Y-107.5390 F1016
G1 X274.1818 Y-107.3688
G1 X274.2179 Y-107.0874
G1 X274.2435 Y-106.9005
G1 X274.2700 Y-106.7156
G1 X274.2982 Y-106.5284
G1 X274.3276 Y-106.3414
G1 X274.3599 Y-106.1446
G1 X274.3896 Y-105.9706
G1 X274.4234 Y-105.7816
G1 X274.4572 Y-105.5980
G1 X274.4932 Y-105.4110
G1 X274.4935 Y-105.4110
G1 X274.5329 Y-105.2142
G1 X274.5684 Y-105.0430
G1 X274.6294 Y-104.7618
G1 X274.6710 Y-104.5774
G1 X274.7142 Y-104.3930
G1 X274.7617 Y-104.1971
G1 X274.8046 Y-104.0257
G1 X274.8524 Y-103.8418
G1 X274.9017 Y-103.6569
G1 X274.9263 Y-103.5672
G1 X274.9807 Y-103.3727
G1 X275.0294 Y-103.2027
G1 X275.0868 Y-103.0092
G1 X275.1673 Y-102.7476
G1 X275.1953 Y-102.6597
G1 X275.2240 Y-102.5708
G1 X275.2870 Y-102.3788
G1 X275.3129 Y-102.3015
G1 X275.3728 Y-102.1260
G1 X275.4366 Y-101.9457
G1 X275.5052 Y-101.7557
G1 X275.5649 Y-101.5949
G1 X275.6324 Y-101.4181
G1 X275.7005 Y-101.2444
G1 X275.7716 Y-101.0679
G1 X275.8059 Y-100.9846
G1 X275.8839 Y-100.7986
G1 X275.9514 Y-100.6411
G1 X276.0271 Y-100.4700
G1 X276.1059 Y-100.2962
G1 X276.1427 Y-100.2162
G1 X276.2286 Y-100.0338
G1 X276.3027 Y-99.8799
G1 X276.3030 Y-99.8799
G1 X276.3921 Y-99.6996
G1 X276.4704 Y-99.5459
G1 X276.5166 Y-99.4565
G1 X276.6045 Y-99.2896
G1 X276.6847 Y-99.1413
G1 X276.7820 Y-98.9655
G1 X276.8656 Y-98.8187
G1 X276.9111 Y-98.7405
G1 X277.0129 Y-98.5675
G1 X277.0995 Y-98.4242
G1 X277.0998 Y-98.4242
G1 X277.1468 Y-98.3480
G1 X277.2534 Y-98.1779
G1 X277.2532 Y-98.1779
G1 X277.2933 Y-98.1154
G1 X277.3919 Y-97.9637
G1 X277.4986 Y-97.8042
G1 X277.5989 Y-97.6577
G1 X277.6512 Y-97.5825
G1 X277.6563 Y-97.5754
G1 X277.7091 Y-97.5004
G1 X277.7543 Y-97.4374
G1 X277.8724 Y-97.2751
G1 X277.9151 Y-97.2180
G1 X278.0241 Y-97.0737
G1 X278.1473 Y-96.9150
G1 X278.1470 Y-96.9150
G1 X278.1932 Y-96.8565
G1 X278.2512 Y-96.7844
G1 X278.3088 Y-96.7133
G1 X278.3616 Y-96.6488
G1 X278.4836 Y-96.5035
G1 X278.5488 Y-96.4268
G1 X278.6614 Y-96.2972
G1 X278.7815 Y-96.1631
G1 X278.8417 Y-96.0968
G1 X278.9100 Y-96.0227
G1 X279.0271 Y-95.8982
G1 X279.0970 Y-95.8253
G1 X279.2265 Y-95.6930
G1 X279.2804 Y-95.6391
G1 X279.2804 Y-95.6394
G1 X279.3522 Y-95.5683
G1 X279.4107 Y-95.5111
G1 X279.4168 Y-95.5053
G1 X279.4737 Y-95.4504
G1 X279.5473 Y-95.3806
G1 X279.6070 Y-95.3247
G1 X279.6736 Y-95.2632
G1 X279.7487 Y-95.1946
G1 X279.8161 Y-95.1339
G1 X279.8778 Y-95.0793
G1 X279.9545 Y-95.0120
G1 X280.0825 Y-94.9025
G1 X280.1610 Y-94.8367
G1 X280.2230 Y-94.7854
G1 X280.2938 Y-94.7278
G1 X280.3652 Y-94.6704
G1 X280.4457 Y-94.6066
G1 X280.5052 Y-94.5599
G1 X280.6621 Y-94.4397
G1 X280.8023 Y-94.3359
G1 X280.8780 Y-94.2810
G1 X280.9530 Y-94.2274
G1 X281.0299 Y-94.1733
G1 X281.1155 Y-94.1139
G1 X281.2588 Y-94.0166
G1 X281.3352 Y-93.9660
G1 X281.4231 Y-93.9089
G1 X281.4955 Y-93.8624
G1 X281.5717 Y-93.8141
G1 X281.6540 Y-93.7631
G1 X281.7439 Y-93.7080
G1 X281.9093 Y-93.6094
G1 X281.9771 Y-93.5700
G1 X282.0589 Y-93.5233
G1 X282.1518 Y-93.4710
G1 X282.2334 Y-93.4260
G1 X282.3182 Y-93.3798
G1 X282.3936 Y-93.3397
G1 X282.4889 Y-93.2896
G1 X282.5755 Y-93.2447
G1 X282.6494 Y-93.2073
G1 X282.7317 Y-93.1664
G1 X282.9273 Y-93.0717
G1 X282.9979 Y-93.0384
G1 X283.0883 Y-92.9968
G1 X283.1882 Y-92.9516
G1 X283.2697 Y-92.9152
G1 X283.2697 Y-92.9155
G1 X283.3708 Y-92.8713
G1 X283.4528 Y-92.8362
G1 X283.5496 Y-92.7959
G1 X283.6349 Y-92.7608
G1 X283.7251 Y-92.7245
G1 X283.8293 Y-92.6836
G1 X283.9253 Y-92.6465
G1 X284.0091 Y-92.6150
G1 X284.1033 Y-92.5802
G1 X284.1943 Y-92.5474
G1 X284.4091 Y-92.4725
G1 X284.4902 Y-92.4453
G1 X284.5991 Y-92.4095
G1 X284.6878 Y-92.3811
G1 X284.7866 Y-92.3501
G1 X284.8973 Y-92.3163
G1 X284.9994 Y-92.2858
G1 X285.0886 Y-92.2599
G1 X285.1889 Y-92.2317
G1 X285.3022 Y-92.2007
G1 X285.3022 Y-92.2005
G1 X285.3957 Y-92.1756
G1 X285.5016 Y-92.1482
G1 X285.6169 Y-92.1189
G1 X285.7094 Y-92.0963
G1 X285.8259 Y-92.0686
G1 X285.9207 Y-92.0466
G1 X286.0383 Y-92.0204
G1 X286.1483 Y-91.9965
G1 X286.2448 Y-91.9762
G1 X286.2448 Y-91.9764
G1 X286.3644 Y-91.9523
G1 X286.4625 Y-91.9333
G1 X286.5834 Y-91.9107
G1 X286.6860 Y-91.8919
G1 X286.8036 Y-91.8713
G1 X286.9204 Y-91.8517
G1 X287.0327 Y-91.8337
G1 X287.1356 Y-91.8177
G1 X287.1356 Y-91.8180
G1 X287.2555 Y-91.8004
G1 X287.3751 Y-91.7837
G1 X287.4838 Y-91.7692
G1 X287.5966 Y-91.7547
G1 X287.7238 Y-91.7395
G1 X287.7238 Y-91.7392
G1 X287.8346 Y-91.7268
G1 X287.9499 Y-91.7143
G1 X288.0690 Y-91.7024
G1 X288.1991 Y-91.6902
G1 X288.3230 Y-91.6790
G1 X288.4386 Y-91.6696
G1 X288.5537 Y-91.6610
G1 X288.6766 Y-91.6526
G1 X288.8099 Y-91.6442
G1 X288.9296 Y-91.6374
G1 X289.0505 Y-91.6313
G1 X289.1800 Y-91.6254
G1 X289.3090 Y-91.6206
G1 X289.4307 Y-91.6168
G1 X289.5663 Y-91.6130
G1 X289.6939 Y-91.6104
G1 X289.6939 Y-91.6102
G1 X289.8145 Y-91.6087
G1 X289.8145 Y-91.6089
G1 X289.9540 Y-91.6076
G1 X290.0794 Y-91.6074
G1 X290.2057 Y-91.6076
G1 X290.3471 Y-91.6089
G1 X290.4777 Y-91.6109
G1 X290.7386 Y-91.6170
G1 X291.0139 Y-91.6267
G1 X291.1462 Y-91.6325
G1 X291.2923 Y-91.6396
G1 X291.2923 Y-91.6394
G1 X291.4208 Y-91.6465
G1 X291.4208 Y-91.6468
G1 X291.5684 Y-91.6556
G1 X291.7086 Y-91.6648
G1 X291.8399 Y-91.6742
G1 X291.9794 Y-91.6849
G1 X292.1297 Y-91.6973
G1 X292.2633 Y-91.7090
G1 X292.4150 Y-91.7232
G1 X292.5602 Y-91.7374
G1 X292.7007 Y-91.7519
G1 X292.8412 Y-91.7672
G1 X292.9890 Y-91.7842
G1 X293.1373 Y-91.8019
G1 X293.2933 Y-91.8213
G1 X293.4312 Y-91.8390
G1 X293.7408 Y-91.8809
G1 X293.8793 Y-91.9002
G1 X294.1805 Y-91.9447
G1 X294.3177 Y-91.9655
G1 X294.3177 Y-91.9658
G1 X294.4617 Y-91.9884
G1 X294.6116 Y-92.0125
G1 X294.7518 Y-92.0359
G1 X295.0418 Y-92.0854
G1 X295.1709 Y-92.1083
G1 X295.3085 Y-92.1334
G1 X295.5851 Y-92.1855
G1 X295.8724 Y-92.2421
G1 X295.9986 Y-92.2678
G1 X296.1338 Y-92.2960
G1 X296.2750 Y-92.3260
G1 X296.2750 Y-92.3257
G1 X296.5310 Y-92.3818
G1 X296.7987 Y-92.4430
G1 X296.9263 Y-92.4730
G1 X297.1988 Y-92.5388
G1 X297.3253 Y-92.5700
G1 X297.5686 Y-92.6323
G1 X297.8343 Y-92.7026
G1 X298.0830 Y-92.7710
G1 X298.3187 Y-92.8380
G1 X298.4475 Y-92.8756
G1 X298.6933 Y-92.9490
G1 X298.7992 Y-92.9815
G1 X299.0400 Y-93.0572
G1 X299.1648 Y-93.0973
G1 X299.4025 Y-93.1756
G1 X299.5089 Y-93.2114
G1 X299.7472 Y-93.2937
G1 X299.9600 Y-93.3694
G1 X300.1874 Y-93.4527
G1 X300.2940 Y-93.4926
G1 X300.5282 Y-93.5822
G1 X300.7307 Y-93.6620
G1 X300.9593 Y-93.7547
G1 X301.0548 Y-93.7943
G1 X301.1673 Y-93.8416
G1 X301.1673 Y-93.8413
G1 X301.2653 Y-93.8830
G1 X301.2653 Y-93.8832
G1 X301.3766 Y-93.9312
G1 X301.4807 Y-93.9767
G1 X301.4807 Y-93.9764
G1 X301.5722 Y-94.0171
G1 X301.5722 Y-94.0173
G1 X301.7906 Y-94.1161
G1 X301.8775 Y-94.1563
G1 X302.0919 Y-94.2571
G1 X302.1805 Y-94.2995
G1 X302.2765 Y-94.3463
G1 X302.3814 Y-94.3981
G1 X302.5661 Y-94.4905
G1 X302.7718 Y-94.5965
G1 X302.9468 Y-94.6889
G1 X303.1475 Y-94.7974
G1 X303.3187 Y-94.8924
G1 X303.4170 Y-94.9480
G1 X303.5910 Y-95.0483
G1 X303.6872 Y-95.1047
G1 X303.8564 Y-95.2056
G1 X303.9509 Y-95.2630
G1 X304.1147 Y-95.3640
G1 X304.2831 Y-95.4707
G1 X304.4655 Y-95.5891
G1 X304.6339 Y-95.7006
G1 X304.7007 Y-95.7456
G1 X304.8635 Y-95.8573
G1 X305.0377 Y-95.9797
G1 X305.1856 Y-96.0859
G1 X305.2613 Y-96.1413
G1 X305.4299 Y-96.2665
G1 X305.5818 Y-96.3821
G1 X305.6466 Y-96.4321
G1 X305.7284 Y-96.4961
G1 X305.8698 Y-96.6084
G1 X305.9417 Y-96.6666
G1 X306.0896 Y-96.7880
G1 X306.1680 Y-96.8535
G1 X306.2318 Y-96.9071
G1 X306.3006 Y-96.9660
G1 X306.4535 Y-97.0986
G1 X306.5188 Y-97.1563
G1 X306.6550 Y-97.2782
G1 X306.7187 Y-97.3361
G1 X306.8523 Y-97.4598
G1 X306.9247 Y-97.5279
G1 X307.0494 Y-97.6473
G1 X307.1203 Y-97.7161
G1 X307.1785 Y-97.7732
G1 X307.2399 Y-97.8342
G1 X307.3781 Y-97.9734
G1 X307.4939 Y-98.0928
G1 X307.5612 Y-98.1631
G1 X307.6738 Y-98.2828
G1 X307.7944 Y-98.4138
G1 X307.8589 Y-98.4852
G1 X307.9709 Y-98.6107
G1 X308.0261 Y-98.6734
G1 X308.1429 Y-98.8088
G1 X308.2046 Y-98.8814
G1 X308.2600 Y-98.9472
G1 X308.3631 Y-99.0714
G1 X308.4721 Y-99.2061
G1 X308.5892 Y-99.3536
G1 X308.6331 Y-99.4100
G1 X308.6903 Y-99.4842
G1 X308.6905 Y-99.4842
G1 X308.7883 Y-99.6127
G1 X308.8899 Y-99.7491
G1 X308.9994 Y-99.8992
G1 X309.0888 Y-100.0247
G1 X309.1861 Y-100.1636
G1 X309.2328 Y-100.2317
G1 X309.3283 Y-100.3729
G1 X309.3740 Y-100.4418
G1 X309.4744 Y-100.5947
G1 X309.6019 Y-100.7948
G1 X309.6440 Y-100.8624
G1 X309.7390 Y-101.0171
G1 X309.8234 Y-101.1575
G1 X309.8592 Y-101.2182
G1 X309.9420 Y-101.3602
G1 X310.0230 Y-101.5027
G1 X310.1101 Y-101.6594
G1 X310.1104 Y-101.6594
G1 X310.1820 Y-101.7913
G1 X310.2658 Y-101.9487
G1 X310.3700 Y-102.1497
G1 X310.4825 Y-102.3747
G1 X310.5168 Y-102.4448
G1 X310.5932 Y-102.6038
G1 X310.6567 Y-102.7389
G1 X310.7251 Y-102.8873
G1 X310.7611 Y-102.9673
G1 X310.8569 Y-103.1839
G1 X310.9222 Y-103.3369
G1 X310.9806 Y-103.4768
G1 X311.0464 Y-103.6376
G1 X311.1002 Y-103.7727
G1 X311.1630 Y-103.9340
G1 X311.2199 Y-104.0836
G1 X311.2706 Y-104.2208
G1 X311.3248 Y-104.3704
G1 X311.3816 Y-104.5317
G1 X311.4291 Y-104.6696
G1 X311.4782 Y-104.8161
G1 X311.5523 Y-105.0447
G1 X311.5993 Y-105.1944
G1 X311.6450 Y-105.3442
G1 X311.6931 Y-105.5060
G1 X311.7545 Y-105.7201
G1 X311.7957 Y-105.8687
G1 X311.8604 Y-106.1108
G1 X311.9145 Y-106.3214
G1 X311.9542 Y-106.4824
G1 X311.9885 Y-106.6249
G1 X312.0050 Y-106.6955
G1 X312.0558 Y-106.9198
G1 X312.1076 Y-107.1601
G1 X312.1515 Y-107.3732
G1 X312.1830 Y-107.5327
G1 X312.2229 Y-107.7438
G1 X312.2630 Y-107.9683
G1 X312.3009 Y-108.1903
G1 X312.3387 Y-108.4270
G1 X312.3590 Y-108.5609
G1 X312.3931 Y-108.7961
G1 X312.4210 Y-109.0018
G1 X312.4490 Y-109.2225
G1 X312.4749 Y-109.4420
G1 X312.4987 Y-109.6581
G1 X312.5208 Y-109.8768
G1 X312.5409 Y-110.0922
G1 X312.5602 Y-110.3196
G1 X312.5605 Y-110.3196
G1 X312.5808 Y-110.5901
G1 X312.5805 Y-110.5901
G1 X312.5991 Y-110.8718
G1 X312.6146 Y-111.1522
G1 X312.6278 Y-111.4450
G1 X312.6372 Y-111.7079
G1 X312.6412 Y-111.8519
G1 X312.6415 Y-111.8519
G1 X312.6458 Y-112.0442
G1 X312.6496 Y-112.3127
G1 X312.6511 Y-112.5797
G1 X312.6506 Y-112.7760
G1 X312.6481 Y-113.0490
G1 X312.6450 Y-113.2268
G1 X312.6387 Y-113.4801
G1 X312.6306 Y-113.7308
G1 X312.6204 Y-113.9838
G1 X312.6059 Y-114.2759
G1 X312.5887 Y-114.5692
G1 X312.5645 Y-114.9165
G1 X312.5467 Y-115.1418
G1 X312.5320 Y-115.3150
G1 X312.5323 Y-115.3150
G1 X312.5135 Y-115.5215
G1 X312.4982 Y-115.6774
G1 X312.4650 Y-115.9962
G1 X312.4441 Y-116.1811
G1 X312.3974 Y-116.5606
G1 X312.3336 Y-117.0275
G1 X312.3057 Y-117.2169
G1 X312.2691 Y-117.4524
G1 X312.2689 Y-117.4524
G1 X312.2328 Y-117.6718
G1 X312.2041 Y-117.8357
G1 X311.4375 Y-117.8443
G1 X309.6832 Y-117.8712
G1 X308.3286 Y-117.8964
G1 X307.3016 Y-117.9177
G1 X305.4124 Y-117.9606
G1 X303.7296 Y-118.0031
G1 X302.1454 Y-118.0468
G1 X300.5069 Y-118.0953
G1 X298.6390 Y-118.1555
G1 X297.1183 Y-118.2080
G1 X295.9674 Y-118.2505
G1 X294.4284 Y-118.3104
G1 X293.4652 Y-118.3503
G1 X292.3126 Y-118.4003
G1 X290.7881 Y-118.4707
G1 X289.4706 Y-118.5360
G1 X288.1749 Y-118.6045
G1 X287.4454 Y-118.6454
G1 X286.5483 Y-118.6980
G1 X285.8435 Y-118.7414
G1 X285.4947 Y-118.7635
G1 X284.9778 Y-118.7973
G1 X284.3012 Y-118.8436
G1 X283.8021 Y-118.8789
G1 X283.1513 Y-118.9271
G1 X282.6725 Y-118.9639
G1 X282.0500 Y-119.0145
G1 X281.4472 Y-119.0661
G1 X281.1498 Y-119.0925
G1 X280.5753 Y-119.1461
G1 X280.2943 Y-119.1732
G1 X279.8836 Y-119.2149
G1 X279.6151 Y-119.2431
G1 X279.2235 Y-119.2860
G1 X278.8470 Y-119.3297
G1 X278.6004 Y-119.3594
G1 X278.3599 Y-119.3897
G1 X278.0106 Y-119.4356
G1 X277.6786 Y-119.4824
G1 X277.4589 Y-119.5146
G1 X277.1506 Y-119.5629
G1 X276.9507 Y-119.5959
G1 X276.8516 Y-119.6132
G1 X276.6619 Y-119.6470
G1 X276.5661 Y-119.6647
G1 X276.3835 Y-119.7000
G1 X276.2049 Y-119.7366
G1 X276.0342 Y-119.7740
G1 X275.8760 Y-119.8108
G1 X275.7929 Y-119.8311
G1 X275.7592 Y-119.8397
G1 X275.7521 Y-119.8311
G1 X275.7307 Y-119.8039
G1 X275.7165 Y-119.7854
G1 X275.6827 Y-119.7394
G1 X275.6675 Y-119.7181
G1 X275.6408 Y-119.6795
G1 X275.6057 Y-119.6264
G1 X275.5765 Y-119.5802
G1 X275.5369 Y-119.5146
G1 X275.5059 Y-119.4618
G1 X275.4539 Y-119.3681
G1 X275.4135 Y-119.2921
G1 X275.4005 Y-119.2667
G1 X275.3611 Y-119.1882
G1 X275.3307 Y-119.1255
G1 X275.2888 Y-119.0361
G1 X275.2397 Y-118.9271
G1 X275.1844 Y-118.7973
G1 X275.1450 Y-118.7011
G1 X275.1077 Y-118.6073
G1 X275.0731 Y-118.5169
G1 X275.0416 Y-118.4326
G1 X274.9817 Y-118.2652
G1 X274.9479 Y-118.1669
G1 X274.9151 Y-118.0691
G1 X274.8651 Y-117.9124
G1 X274.8308 Y-117.8011
G1 X274.7929 Y-117.6746
G1 X274.7602 Y-117.5611
G1 X274.7297 Y-117.4524
G1 X274.6812 Y-117.2726
G1 X274.6464 Y-117.1382
G1 X274.6154 Y-117.0142
G1 X274.5849 Y-116.8880
G1 X274.5544 Y-116.7577
G1 X274.5255 Y-116.6304
G1 X274.4810 Y-116.4250
G1 X274.4389 Y-116.2202
G1 X274.4015 Y-116.0285
G1 X274.3594 Y-115.8006
G1 X274.3093 Y-115.5103
G1 X274.2867 Y-115.3701
G1 X274.2537 Y-115.1572
G1 X274.2303 Y-114.9967
G1 X274.1981 Y-114.7638
G1 X274.1785 Y-114.6134
G1 X274.1402 Y-114.2959
G1 X274.1242 Y-114.1527
G1 X274.1064 Y-113.9838
G1 X274.0901 Y-113.8217
G1 X274.0759 Y-113.6678
G1 X274.0538 Y-113.4123
G1 X274.0411 Y-113.2500
G1 X274.0292 Y-113.0844
G1 X274.0127 Y-112.8306
G1 X274.0035 Y-112.6747
G1 X273.9944 Y-112.4956
G1 X273.9862 Y-112.3226
G1 X273.9794 Y-112.1509
G1 X273.9738 Y-111.9894
G1 X273.9687 Y-111.8065
G1 X273.9685 Y-111.8065
G1 X273.9644 Y-111.6297
G1 X273.9606 Y-111.3737
G1 X273.9591 Y-111.1913
G1 X273.9588 Y-110.9348
G1 X273.9601 Y-110.7470
G1 X273.9634 Y-110.4877
G1 X273.9636 Y-110.4877
G1 X273.9674 Y-110.3066
G1 X273.9677 Y-110.2982
G1 X273.9725 Y-110.1166
G1 X273.9814 Y-109.8555
G1 X273.9893 Y-109.6721
G1 X273.9979 Y-109.4905
G1 X274.0078 Y-109.3081
G1 X274.0190 Y-109.1232
G1 X274.0254 Y-109.0267
G1 X274.0251 Y-109.0267
G1 X274.0444 Y-108.7559
G1 X274.0589 Y-108.5718
G1 X274.0754 Y-108.3770
G1 X274.0998 Y-108.1131
G1 X274.1287 Y-107.8329
G1 X275.3919 Y-107.9635
G1 X275.4226 Y-107.6897
G1 X275.4429 Y-107.5195
G1 X275.4760 Y-107.2601
G1 X275.4762 Y-107.2601
G1 X275.5008 Y-107.0800
G1 X275.5273 Y-106.8951
G1 X275.5527 Y-106.7260
G1 X275.5809 Y-106.5469
G1 X275.6118 Y-106.3584
G1 X275.6416 Y-106.1844
G1 X275.6736 Y-106.0051
G1 X275.7040 Y-105.8385
G1 X275.7358 Y-105.6734
G1 X275.7388 Y-105.6602
G1 X275.7764 Y-105.4725
G1 X275.8120 Y-105.3013
G1 X275.8117 Y-105.3013
G1 X275.8681 Y-105.0417
G1 X275.9075 Y-104.8669
G1 X275.9484 Y-104.6924
G1 X275.9959 Y-104.4966
G1 X276.0337 Y-104.3450
G1 X276.0340 Y-104.3450
G1 X276.0817 Y-104.1611
G1 X276.0815 Y-104.1611
G1 X276.1262 Y-103.9934
G1 X276.1496 Y-103.9089
G1 X276.2039 Y-103.7143
G1 X276.2471 Y-103.5639
G1 X276.3007 Y-103.3828
G1 X276.3777 Y-103.1324
G1 X276.4038 Y-103.0498
G1 X276.4307 Y-102.9665
G1 X276.4937 Y-102.7745
G1 X276.5146 Y-102.7120
G1 X276.5148 Y-102.7120
G1 X276.5748 Y-102.5365
G1 X276.6311 Y-102.3770
G1 X276.6997 Y-102.1870
G1 X276.7510 Y-102.0483
G1 X276.7513 Y-102.0483
G1 X276.8189 Y-101.8715
G1 X276.8186 Y-101.8715
G1 X276.8785 Y-101.7189
G1 X276.9461 Y-101.5512
G1 X276.9771 Y-101.4758
G1 X277.0510 Y-101.2993
G1 X277.1130 Y-101.1547
G1 X277.1140 Y-101.1525
G1 X277.1163 Y-101.1474
G1 X277.1839 Y-100.9942
G1 X277.1884 Y-100.9843
G1 X277.1887 Y-100.9835
G1 X277.2595 Y-100.8273
G1 X277.2918 Y-100.7572
G1 X277.3777 Y-100.5749
G1 X277.3774 Y-100.5749
G1 X277.4373 Y-100.4509
G1 X277.4414 Y-100.4428
G1 X277.5240 Y-100.2756
G1 X277.6022 Y-100.1220
G1 X277.6403 Y-100.0483
G1 X277.7216 Y-99.8939
G1 X277.7960 Y-99.7562
G1 X277.8933 Y-99.5804
G1 X277.9636 Y-99.4567
G1 X278.0055 Y-99.3849
G1 X278.1074 Y-99.2119
G1 X278.1808 Y-99.0907
G1 X278.2227 Y-99.0227
G1 X278.3294 Y-98.8525
G1 X278.3324 Y-98.8474
G1 X278.3581 Y-98.8075
G1 X278.4475 Y-98.6699
G1 X278.5542 Y-98.5103
G1 X278.6413 Y-98.3831
G1 X278.6847 Y-98.3206
G1 X278.6936 Y-98.3079
G1 X278.6941 Y-98.3071
G1 X278.7409 Y-98.2408
G1 X278.7813 Y-98.1847
G1 X278.8994 Y-98.0224
G1 X278.9286 Y-97.9833
G1 X279.0375 Y-97.8390
G1 X279.1506 Y-97.6935
G1 X279.1892 Y-97.6447
G1 X279.2377 Y-97.5843
G1 X279.2954 Y-97.5131
G1 X279.3345 Y-97.4651
G1 X279.4508 Y-97.3264
G1 X279.5077 Y-97.2596
G1 X279.6202 Y-97.1301
G1 X279.7218 Y-97.0168
G1 X279.7757 Y-96.9574
G1 X279.8351 Y-96.8929
G1 X279.9522 Y-96.7684
G1 X280.0045 Y-96.7138
G1 X280.1247 Y-96.5911
G1 X280.1785 Y-96.5373
G1 X280.2456 Y-96.4710
G1 X280.2895 Y-96.4281
G1 X280.2984 Y-96.4194
G1 X280.3553 Y-96.3646
G1 X280.4152 Y-96.3077
G1 X280.4688 Y-96.2576
G1 X280.5295 Y-96.2015
G1 X280.5349 Y-96.1967
G1 X280.5354 Y-96.1962
G1 X280.5994 Y-96.1377
G1 X280.6667 Y-96.0770
G1 X280.7155 Y-96.0338
G1 X280.7800 Y-95.9772
G1 X280.9080 Y-95.8677
G1 X280.9768 Y-95.8101
G1 X280.9768 Y-95.8098
G1 X281.0246 Y-95.7704
G1 X281.0899 Y-95.7174
G1 X281.1536 Y-95.6661
G1 X281.2308 Y-95.6048
G1 X281.2771 Y-95.5685
G1 X281.4340 Y-95.4484
G1 X281.5585 Y-95.3562
G1 X281.6169 Y-95.3138
G1 X281.6169 Y-95.3140
G1 X281.6918 Y-95.2604
G1 X281.6918 Y-95.2602
G1 X281.7543 Y-95.2162
G1 X281.7543 Y-95.2165
G1 X281.8399 Y-95.1570
G1 X281.9590 Y-95.0760
G1 X282.0276 Y-95.0308
G1 X282.1155 Y-94.9736
G1 X282.1818 Y-94.9310
G1 X282.2412 Y-94.8934
G1 X282.3177 Y-94.8459
G1 X282.4015 Y-94.7946
G1 X282.5595 Y-94.7003
G1 X282.6073 Y-94.6727
G1 X282.6890 Y-94.6259
G1 X282.7746 Y-94.5777
G1 X282.8409 Y-94.5411
G1 X282.9146 Y-94.5010
G1 X282.9842 Y-94.4639
G1 X283.0739 Y-94.4169
G1 X283.1605 Y-94.3719
G1 X283.2146 Y-94.3447
G1 X283.2969 Y-94.3038
G1 X283.4810 Y-94.2147
G1 X283.5392 Y-94.1873
G1 X283.6123 Y-94.1535
G1 X283.6123 Y-94.1537
G1 X283.7122 Y-94.1085
G1 X283.7751 Y-94.0803
G1 X283.7785 Y-94.0791
G1 X283.8696 Y-94.0392
G1 X283.9517 Y-94.0041
G1 X284.0322 Y-93.9706
G1 X284.1094 Y-93.9389
G1 X284.1140 Y-93.9371
G1 X284.1175 Y-93.9355
G1 X284.1894 Y-93.9066
G1 X284.2936 Y-93.8657
G1 X284.3830 Y-93.8312
G1 X284.4490 Y-93.8063
G1 X284.5338 Y-93.7750
G1 X284.6248 Y-93.7423
G1 X284.8232 Y-93.6732
G1 X284.8867 Y-93.6518
G1 X284.9872 Y-93.6188
G1 X285.0759 Y-93.5904
G1 X285.1666 Y-93.5619
G1 X285.2605 Y-93.5332
G1 X285.3626 Y-93.5027
G1 X285.4322 Y-93.4824
G1 X285.4322 Y-93.4827
G1 X285.5326 Y-93.4545
G1 X285.6372 Y-93.4258
G1 X285.6405 Y-93.4248
G1 X285.7226 Y-93.4029
G1 X285.7226 Y-93.4027
G1 X285.8135 Y-93.3793
G1 X285.9225 Y-93.3516
G1 X286.0027 Y-93.3320
G1 X286.1193 Y-93.3044
G1 X286.1965 Y-93.2863
G1 X286.3141 Y-93.2602
G1 X286.4099 Y-93.2393
G1 X286.4937 Y-93.2218
G1 X286.4960 Y-93.2213
G1 X286.6067 Y-93.1989
G1 X286.6959 Y-93.1817
G1 X286.8168 Y-93.1591
G1 X286.9093 Y-93.1421
G1 X287.0225 Y-93.1222
G1 X287.1219 Y-93.1055
G1 X287.1219 Y-93.1057
G1 X287.2280 Y-93.0887
G1 X287.3235 Y-93.0740
G1 X287.4317 Y-93.0580
G1 X287.4317 Y-93.0582
G1 X287.5514 Y-93.0415
G1 X287.5514 Y-93.0412
G1 X287.6456 Y-93.0288
G1 X287.7477 Y-93.0156
G1 X287.7477 Y-93.0158
G1 X287.8750 Y-93.0006
G1 X287.8821 Y-92.9996
G1 X287.9763 Y-92.9889
G1 X288.0799 Y-92.9777
G1 X288.1958 Y-92.9660
G1 X288.3131 Y-92.9551
G1 X288.4259 Y-92.9449
G1 X288.5415 Y-92.9356
G1 X288.6486 Y-92.9274
G1 X288.7563 Y-92.9201
G1 X288.8826 Y-92.9122
G1 X288.9936 Y-92.9058
G1 X289.1145 Y-92.8997
G1 X289.2275 Y-92.8947
G1 X289.3553 Y-92.8898
G1 X289.4703 Y-92.8863
G1 X289.5956 Y-92.8827
G1 X289.7193 Y-92.8802
G1 X289.7223 Y-92.8799
G1 X289.8206 Y-92.8787
G1 X289.8262 Y-92.8789
G1 X289.9656 Y-92.8776
G1 X290.0794 Y-92.8774
G1 X290.1942 Y-92.8776
G1 X290.3357 Y-92.8789
G1 X290.4480 Y-92.8804
G1 X290.4480 Y-92.8807
G1 X290.7081 Y-92.8868
G1 X290.9687 Y-92.8959
G1 X291.0860 Y-92.9010
G1 X291.2306 Y-92.9081
G1 X291.2382 Y-92.9081
G1 X291.3342 Y-92.9135
G1 X291.3444 Y-92.9145
G1 X291.4919 Y-92.9234
G1 X291.6179 Y-92.9315
G1 X291.7492 Y-92.9409
G1 X291.8747 Y-92.9505
G1 X292.0190 Y-92.9625
G1 X292.1526 Y-92.9742
G1 X292.2963 Y-92.9876
G1 X292.4299 Y-93.0006
G1 X292.4299 Y-93.0008
G1 X292.5704 Y-93.0153
G1 X292.7043 Y-93.0298
G1 X292.8437 Y-93.0458
G1 X292.9814 Y-93.0623
G1 X293.1310 Y-93.0808
G1 X293.2608 Y-93.0976
G1 X293.5704 Y-93.1395
G1 X293.7038 Y-93.1581
G1 X293.9898 Y-93.2002
G1 X294.1124 Y-93.2188
G1 X294.1208 Y-93.2205
G1 X294.2648 Y-93.2431
G1 X294.2648 Y-93.2429
G1 X294.4028 Y-93.2652
G1 X294.5379 Y-93.2878
G1 X294.8280 Y-93.3374
G1 X294.8280 Y-93.3371
G1 X294.9428 Y-93.3574
G1 X294.9428 Y-93.3577
G1 X295.0736 Y-93.3816
G1 X295.3395 Y-93.4316
G1 X295.6268 Y-93.4883
G1 X295.7393 Y-93.5111
G1 X295.8744 Y-93.5393
G1 X296.0113 Y-93.5683
G1 X296.0164 Y-93.5693
G1 X296.2590 Y-93.6224
G1 X296.5155 Y-93.6810
G1 X296.6357 Y-93.7092
G1 X296.8942 Y-93.7717
G1 X297.0106 Y-93.8004
G1 X297.2539 Y-93.8627
G1 X297.4978 Y-93.9272
G1 X297.7403 Y-93.9937
G1 X297.9628 Y-94.0572
G1 X298.0916 Y-94.0948
G1 X298.3207 Y-94.1631
G1 X298.4266 Y-94.1956
G1 X298.6509 Y-94.2663
G1 X298.7756 Y-94.3064
G1 X298.7756 Y-94.3061
G1 X298.9974 Y-94.3793
G1 X299.1038 Y-94.4151
G1 X299.3253 Y-94.4916
G1 X299.5229 Y-94.5619
G1 X299.7502 Y-94.6452
G1 X299.7502 Y-94.6450
G1 X299.8399 Y-94.6785
G1 X300.0626 Y-94.7638
G1 X300.2651 Y-94.8436
G1 X300.4726 Y-94.9277
G1 X300.5630 Y-94.9653
G1 X300.6755 Y-95.0125
G1 X300.6811 Y-95.0145
G1 X300.7578 Y-95.0473
G1 X300.7622 Y-95.0493
G1 X300.8734 Y-95.0973
G1 X300.9725 Y-95.1405
G1 X300.9763 Y-95.1420
G1 X301.0423 Y-95.1715
G1 X301.0487 Y-95.1746
G1 X301.2671 Y-95.2734
G1 X301.3448 Y-95.3092
G1 X301.5437 Y-95.4027
G1 X301.6247 Y-95.4415
G1 X301.7208 Y-95.4883
G1 X301.8127 Y-95.5337
G1 X301.9974 Y-95.6262
G1 X302.1785 Y-95.7194
G1 X302.3535 Y-95.8118
G1 X302.5437 Y-95.9147
G1 X302.6931 Y-95.9978
G1 X302.7914 Y-96.0534
G1 X302.7914 Y-96.0531
G1 X302.9491 Y-96.1441
G1 X303.0370 Y-96.1956
G1 X303.2061 Y-96.2965
G1 X303.2839 Y-96.3437
G1 X303.4350 Y-96.4369
G1 X303.6034 Y-96.5436
G1 X303.7741 Y-96.6544
G1 X303.9247 Y-96.7542
G1 X303.9900 Y-96.7981
G1 X303.9915 Y-96.7991
G1 X304.1332 Y-96.8964
G1 X304.3075 Y-97.0189
G1 X304.4447 Y-97.1174
G1 X304.5041 Y-97.1608
G1 X304.6608 Y-97.2772
G1 X304.8053 Y-97.3872
G1 X304.8638 Y-97.4324
G1 X304.9455 Y-97.4964
G1 X305.0804 Y-97.6033
G1 X305.1401 Y-97.6516
G1 X305.2755 Y-97.7628
G1 X305.3540 Y-97.8284
G1 X305.3540 Y-97.8281
G1 X305.4058 Y-97.8718
G1 X305.4685 Y-97.9256
G1 X305.6214 Y-98.0582
G1 X305.6214 Y-98.0580
G1 X305.6715 Y-98.1022
G1 X305.6715 Y-98.1024
G1 X305.8076 Y-98.2243
G1 X305.8559 Y-98.2680
G1 X305.9824 Y-98.3851
G1 X306.0548 Y-98.4532
G1 X306.1645 Y-98.5584
G1 X306.2354 Y-98.6272
G1 X306.2841 Y-98.6749
G1 X306.3387 Y-98.7290
G1 X306.4665 Y-98.8578
G1 X306.5823 Y-98.9772
G1 X306.6362 Y-99.0333
G1 X306.7487 Y-99.1530
G1 X306.8523 Y-99.2655
G1 X306.9115 Y-99.3310
G1 X307.0235 Y-99.4565
G1 X307.0647 Y-99.5032
G1 X307.1815 Y-99.6386
G1 X307.2331 Y-99.6993
G1 X307.2828 Y-99.7585
G1 X307.3860 Y-99.8827
G1 X307.4772 Y-99.9955
G1 X307.5943 Y-100.1431
G1 X307.6270 Y-100.1852
G1 X307.6842 Y-100.2594
G1 X307.6867 Y-100.2624
G1 X307.7698 Y-100.3714
G1 X307.8714 Y-100.5078
G1 X307.9651 Y-100.6363
G1 X308.0484 Y-100.7532
G1 X308.1457 Y-100.8921
G1 X308.1807 Y-100.9432
G1 X308.2762 Y-101.0844
G1 X308.3161 Y-101.1443
G1 X308.4032 Y-101.2769
G1 X308.5244 Y-101.4672
G1 X308.5617 Y-101.5271
G1 X308.6501 Y-101.6709
G1 X308.7345 Y-101.8113
G1 X308.7621 Y-101.8581
G1 X308.8381 Y-101.9881
G1 X308.9130 Y-102.1197
G1 X309.0001 Y-102.2764
G1 X309.0024 Y-102.2805
G1 X309.0609 Y-102.3879
G1 X309.1447 Y-102.5454
G1 X309.2361 Y-102.7219
G1 X309.3466 Y-102.9426
G1 X309.3723 Y-102.9952
G1 X309.4439 Y-103.1441
G1 X309.5033 Y-103.2703
G1 X309.5673 Y-103.4092
G1 X309.6034 Y-103.4893
G1 X309.6953 Y-103.6973
G1 X309.7502 Y-103.8261
G1 X309.8051 Y-103.9576
G1 X309.8665 Y-104.1077
G1 X309.9166 Y-104.2332
G1 X309.9793 Y-104.3945
G1 X309.9796 Y-104.3945
G1 X310.0291 Y-104.5248
G1 X310.0288 Y-104.5248
G1 X310.0796 Y-104.6620
G1 X310.1304 Y-104.8022
G1 X310.1810 Y-104.9452
G1 X310.1807 Y-104.9452
G1 X310.2247 Y-105.0724
G1 X310.2701 Y-105.2081
G1 X310.3443 Y-105.4367
G1 X310.3847 Y-105.5649
G1 X310.4276 Y-105.7054
G1 X310.4723 Y-105.8565
G1 X310.5305 Y-106.0590
G1 X310.5716 Y-106.2076
G1 X310.6303 Y-106.4268
G1 X310.6844 Y-106.6373
G1 X310.7195 Y-106.7796
G1 X310.7517 Y-106.9139
G1 X310.7682 Y-106.9845
G1 X310.8142 Y-107.1875
G1 X310.8637 Y-107.4166
G1 X310.9057 Y-107.6193
G1 X310.9351 Y-107.7684
G1 X310.9727 Y-107.9673
G1 X311.0111 Y-108.1816
G1 X311.0489 Y-108.4036
G1 X311.0832 Y-108.6175
G1 X311.1022 Y-108.7427
G1 X311.1348 Y-108.9670
G1 X311.1345 Y-108.9670
G1 X311.1624 Y-109.1728
G1 X311.1627 Y-109.1728
G1 X311.1878 Y-109.3714
G1 X311.1876 Y-109.3714
G1 X311.2125 Y-109.5814
G1 X311.2351 Y-109.7859
G1 X311.2572 Y-110.0046
G1 X311.2574 Y-110.0046
G1 X311.2755 Y-110.1997
G1 X311.2948 Y-110.4270
G1 X311.2953 Y-110.4306
G1 X311.3128 Y-110.6637
G1 X311.3133 Y-110.6734
G1 X311.3311 Y-110.9419
G1 X311.3458 Y-111.2093
G1 X311.3585 Y-111.4905
G1 X311.3677 Y-111.7437
G1 X311.3717 Y-111.8878
G1 X311.3720 Y-111.8921
G1 X311.3761 Y-112.0727
G1 X311.3763 Y-112.0727
G1 X311.3796 Y-112.3201
G1 X311.3811 Y-112.5764
G1 X311.3806 Y-112.7641
G1 X311.3781 Y-113.0371
G1 X311.3756 Y-113.1951
G1 X311.3695 Y-113.4389
G1 X311.3616 Y-113.6797
G1 X311.3519 Y-113.9208
G1 X311.3375 Y-114.2129
G1 X311.3217 Y-114.4811
G1 X311.2983 Y-114.8166
G1 X311.2806 Y-115.0419
G1 X311.2666 Y-115.2073
G1 X311.2661 Y-115.2167
G1 X311.2496 Y-115.3980
G1 X311.2351 Y-115.5456
G1 X311.2028 Y-115.8540
G1 X311.1835 Y-116.0259
G1 X311.1376 Y-116.3998
G1 X311.1132 Y-116.5791
G1 X309.6595 Y-116.6015
G1 X308.3022 Y-116.6266
G1 X307.2727 Y-116.6480
G1 X305.3804 Y-116.6912
G1 X303.6946 Y-116.7336
G1 X302.1079 Y-116.7773
G1 X300.4660 Y-116.8260
G1 X298.5950 Y-116.8862
G1 X297.0715 Y-116.9388
G1 X295.9179 Y-116.9815
G1 X294.3758 Y-117.0414
G1 X293.4101 Y-117.0816
G1 X292.2539 Y-117.1316
G1 X290.7254 Y-117.2022
G1 X289.4035 Y-117.2677
G1 X288.1038 Y-117.3366
G1 X287.3710 Y-117.3777
G1 X286.4701 Y-117.4303
G1 X285.7632 Y-117.4740
G1 X285.4119 Y-117.4963
G1 X284.8912 Y-117.5304
G1 X284.2115 Y-117.5766
G1 X283.7081 Y-117.6124
G1 X283.0540 Y-117.6609
G1 X282.5697 Y-117.6980
G1 X281.9418 Y-117.7491
G1 X281.3350 Y-117.8011
G1 X281.0319 Y-117.8281
G1 X280.4531 Y-117.8819
G1 X280.1661 Y-117.9098
G1 X279.7510 Y-117.9518
G1 X279.4767 Y-117.9807
G1 X279.0772 Y-118.0244
G1 X278.6952 Y-118.0689
G1 X278.4422 Y-118.0993
G1 X278.1940 Y-118.1306
G1 X277.8336 Y-118.1781
G1 X277.4942 Y-118.2258
G1 X277.2626 Y-118.2599
G1 X276.9436 Y-118.3099
G1 X276.7325 Y-118.3447
G1 X276.6291 Y-118.3627
G1 X276.4300 Y-118.3983
G1 X276.3975 Y-118.4044
G1 X276.3571 Y-118.3099
G1 X276.3205 Y-118.2202
G1 X276.2903 Y-118.1443
G1 X276.2595 Y-118.0638
G1 X276.2314 Y-117.9883
G1 X276.1818 Y-117.8496
G1 X276.1491 Y-117.7541
G1 X276.1193 Y-117.6655
G1 X276.0749 Y-117.5261
G1 X276.0444 Y-117.4270
G1 X276.0127 Y-117.3211
G1 X275.9804 Y-117.2091
G1 X275.9525 Y-117.1095
G1 X275.9105 Y-116.9540
G1 X275.8785 Y-116.8301
G1 X275.8476 Y-116.7061
G1 X275.8214 Y-116.5987
G1 X275.8216 Y-116.5987
G1 X275.7912 Y-116.4684
G1 X275.7909 Y-116.4684
G1 X275.7668 Y-116.3620
G1 X275.7223 Y-116.1565
G1 X275.6852 Y-115.9761
G1 X275.6482 Y-115.7856
G1 X275.6083 Y-115.5695
G1 X275.5608 Y-115.2947
G1 X275.5405 Y-115.1679
G1 X275.5087 Y-114.9627
G1 X275.4871 Y-114.8138
G1 X275.4561 Y-114.5896
G1 X275.4394 Y-114.4610
G1 X275.4010 Y-114.1435
G1 X275.3873 Y-114.0198
G1 X275.3695 Y-113.8509
G1 X275.3538 Y-113.6950
G1 X275.3406 Y-113.5510
G1 X275.3403 Y-113.5510
G1 X275.3200 Y-113.3132
G1 X275.3073 Y-113.1509
G1 X275.2959 Y-112.9932
G1 X275.2799 Y-112.7481
G1 X275.2712 Y-112.6002
G1 X275.2626 Y-112.4308
G1 X275.2552 Y-112.2718
G1 X275.2484 Y-112.1001
G1 X275.2430 Y-111.9454
G1 X275.2382 Y-111.7712
G1 X275.2380 Y-111.7674
G1 X275.2341 Y-111.6005
G1 X275.2339 Y-111.6005
G1 X275.2303 Y-111.3630
G1 X275.2306 Y-111.3630
G1 X275.2291 Y-111.1806
G1 X275.2288 Y-110.9434
G1 X275.2301 Y-110.7633
G1 X275.2331 Y-110.5197
G1 X275.2334 Y-110.5144
G1 X275.2369 Y-110.3450
G1 X275.2372 Y-110.3320
G1 X275.2418 Y-110.1598
G1 X275.2507 Y-109.8987
G1 X275.2578 Y-109.7323
G1 X275.2659 Y-109.5593
G1 X275.2661 Y-109.5593
G1 X275.2755 Y-109.3848
G1 X275.2761 Y-109.3770
G1 X275.2862 Y-109.2065
G1 X275.2926 Y-109.1100
G1 X275.2928 Y-109.1029
G1 X275.3103 Y-108.8555
G1 X275.3106 Y-108.8555
G1 X275.3251 Y-108.6714
G1 X275.3401 Y-108.4938
G1 X275.3632 Y-108.2436
G1 X275.3921 Y-107.9635
G1 X275.3919 Y-107.9635
G1 X276.6560 Y-108.0877
G1 X276.6837 Y-107.8403
G1 X276.7028 Y-107.6800
G1 X276.7340 Y-107.4354
G1 X276.7345 Y-107.4323
G1 X276.7581 Y-107.2596
G1 X276.7833 Y-107.0836
G1 X276.8087 Y-106.9144
G1 X276.8341 Y-106.7529
G1 X276.8638 Y-106.5723
G1 X276.8935 Y-106.3983
G1 X276.8933 Y-106.3983
G1 X276.9227 Y-106.2337
G1 X276.9512 Y-106.0783
G1 X276.9799 Y-105.9289
G1 X276.9842 Y-105.9096
G1 X277.0200 Y-105.7308
G1 X277.0556 Y-105.5596
G1 X277.0574 Y-105.5492
G1 X277.1071 Y-105.3208
G1 X277.1465 Y-105.1461
G1 X277.1826 Y-104.9919
G1 X277.2280 Y-104.8042
G1 X277.2606 Y-104.6734
G1 X277.2634 Y-104.6643
G1 X277.3111 Y-104.4804
G1 X277.3139 Y-104.4682
G1 X277.3533 Y-104.3206
G1 X277.3726 Y-104.2505
G1 X277.3728 Y-104.2505
G1 X277.4246 Y-104.0648
G1 X277.4678 Y-103.9144
G1 X277.5146 Y-103.7560
G1 X277.5882 Y-103.5162
G1 X277.6121 Y-103.4405
G1 X277.6123 Y-103.4405
G1 X277.6393 Y-103.3572
G1 X277.6985 Y-103.1761
G1 X277.7122 Y-103.1349
G1 X277.7167 Y-103.1225
G1 X277.7767 Y-102.9470
G1 X277.8257 Y-102.8083
G1 X277.8943 Y-102.6183
G1 X277.9347 Y-102.5088
G1 X277.9377 Y-102.5017
G1 X278.0053 Y-102.3249
G1 X278.0076 Y-102.3186
G1 X278.0566 Y-102.1936
G1 X278.1242 Y-102.0260
G1 X278.1485 Y-101.9663
G1 X278.2181 Y-101.7999
G1 X278.2722 Y-101.6737
G1 X278.2735 Y-101.6706
G1 X278.2745 Y-101.6683
G1 X278.2783 Y-101.6599
G1 X278.3451 Y-101.5083
G1 X278.4132 Y-101.3582
G1 X278.4409 Y-101.2982
G1 X278.5267 Y-101.1159
G1 X278.5293 Y-101.1098
G1 X278.5732 Y-101.0188
G1 X278.5801 Y-101.0051
G1 X278.6558 Y-100.8517
G1 X278.7302 Y-100.7054
G1 X278.7642 Y-100.6399
G1 X278.8455 Y-100.4854
G1 X278.9072 Y-100.3711
G1 X279.0045 Y-100.1954
G1 X279.0675 Y-100.0846
G1 X279.0998 Y-100.0293
G1 X279.1000 Y-100.0293
G1 X279.2019 Y-99.8563
G1 X279.2623 Y-99.7565
G1 X279.2987 Y-99.6973
G1 X279.4005 Y-99.5345
G1 X279.4231 Y-99.4992
G1 X279.5031 Y-99.3760
G1 X279.6022 Y-99.2279
G1 X279.6842 Y-99.1080
G1 X279.7277 Y-99.0455
G1 X279.7274 Y-99.0455
G1 X279.7320 Y-99.0389
G1 X279.7322 Y-99.0389
G1 X279.7790 Y-98.9726
G1 X279.8082 Y-98.9320
G1 X279.9263 Y-98.7697
G1 X279.9420 Y-98.7486
G1 X280.0406 Y-98.6180
G1 X280.1463 Y-98.4819
G1 X280.1798 Y-98.4395
G1 X280.2242 Y-98.3841
G1 X280.2819 Y-98.3130
G1 X280.3075 Y-98.2812
G1 X280.4239 Y-98.1426
G1 X280.4665 Y-98.0925
G1 X280.5791 Y-97.9630
G1 X280.6629 Y-97.8695
G1 X280.7096 Y-97.8179
G1 X280.7602 Y-97.7631
G1 X280.8773 Y-97.6386
G1 X280.9215 Y-97.5924
G1 X281.0226 Y-97.4890
G1 X281.0228 Y-97.4893
G1 X281.0767 Y-97.4354
G1 X281.1330 Y-97.3795
G1 X281.1770 Y-97.3366
G1 X281.1800 Y-97.3336
G1 X281.2296 Y-97.2858
G1 X281.2895 Y-97.2289
G1 X281.3312 Y-97.1901
G1 X281.3817 Y-97.1433
G1 X281.3870 Y-97.1385
G1 X281.3916 Y-97.1342
G1 X281.4500 Y-97.0808
G1 X281.5173 Y-97.0201
G1 X281.5534 Y-96.9881
G1 X281.6055 Y-96.9424
G1 X281.7236 Y-96.8413
G1 X281.7924 Y-96.7837
G1 X281.7950 Y-96.7814
G1 X281.8326 Y-96.7504
G1 X281.8862 Y-96.7067
G1 X281.8912 Y-96.7026
G1 X281.9425 Y-96.6612
G1 X282.0154 Y-96.6036
G1 X282.0490 Y-96.5772
G1 X282.2059 Y-96.4570
G1 X282.3047 Y-96.3839
G1 X282.3502 Y-96.3508
G1 X282.3558 Y-96.3470
G1 X282.4307 Y-96.2934
G1 X282.4358 Y-96.2896
G1 X282.4749 Y-96.2622
G1 X282.4787 Y-96.2596
G1 X282.5643 Y-96.2002
G1 X282.6680 Y-96.1296
G1 X282.7200 Y-96.0953
G1 X282.7200 Y-96.0956
G1 X282.8079 Y-96.0384
G1 X282.8079 Y-96.0382
G1 X282.8607 Y-96.0041
G1 X282.8607 Y-96.0044
G1 X282.9202 Y-95.9668
G1 X282.9880 Y-95.9246
G1 X282.9880 Y-95.9244
G1 X283.0520 Y-95.8853
G1 X283.1965 Y-95.7991
G1 X283.2443 Y-95.7715
G1 X283.3192 Y-95.7285
G1 X283.3881 Y-95.6897
G1 X283.4485 Y-95.6564
G1 X283.5222 Y-95.6163
G1 X283.5737 Y-95.5888
G1 X283.6634 Y-95.5418
G1 X283.7421 Y-95.5010
G1 X283.7797 Y-95.4822
G1 X283.8620 Y-95.4413
G1 X284.0286 Y-95.3605
G1 X284.0810 Y-95.3359
G1 X284.1234 Y-95.3163
G1 X284.1363 Y-95.3107
G1 X284.2311 Y-95.2678
G1 X284.2941 Y-95.2396
G1 X284.3685 Y-95.2071
G1 X284.4399 Y-95.1766
G1 X284.5204 Y-95.1431
G1 X284.5204 Y-95.1428
G1 X284.5918 Y-95.1136
G1 X284.5920 Y-95.1136
G1 X284.6537 Y-95.0887
G1 X284.7579 Y-95.0478
G1 X284.8310 Y-95.0196
G1 X284.8971 Y-94.9947
G1 X284.9644 Y-94.9698
G1 X285.0502 Y-94.9389
G1 X285.2278 Y-94.8771
G1 X285.2829 Y-94.8586
G1 X285.3835 Y-94.8256
G1 X285.4561 Y-94.8022
G1 X285.5468 Y-94.7737
G1 X285.6314 Y-94.7478
G1 X285.7185 Y-94.7219
G1 X285.7711 Y-94.7067
G1 X285.7759 Y-94.7054
G1 X285.8762 Y-94.6772
G1 X285.9672 Y-94.6518
G1 X285.9672 Y-94.6521
G1 X286.0492 Y-94.6302
G1 X286.0538 Y-94.6290
G1 X286.1295 Y-94.6094
G1 X286.2232 Y-94.5855
G1 X286.2961 Y-94.5678
G1 X286.4127 Y-94.5401
G1 X286.4724 Y-94.5261
G1 X286.5900 Y-94.4999
G1 X286.6799 Y-94.4804
G1 X286.7541 Y-94.4649
G1 X286.8483 Y-94.4458
G1 X286.9375 Y-94.4286
G1 X287.0502 Y-94.4075
G1 X287.0502 Y-94.4072
G1 X287.1307 Y-94.3925
G1 X287.2339 Y-94.3745
G1 X287.3177 Y-94.3602
G1 X287.3228 Y-94.3597
G1 X287.4216 Y-94.3440
G1 X287.5171 Y-94.3293
G1 X287.5171 Y-94.3290
G1 X287.5991 Y-94.3171
G1 X287.6080 Y-94.3160
G1 X287.7276 Y-94.2993
G1 X287.7348 Y-94.2980
G1 X287.8084 Y-94.2884
G1 X287.8917 Y-94.2777
G1 X287.8988 Y-94.2769
G1 X288.0335 Y-94.2604
G1 X288.1125 Y-94.2515
G1 X288.2074 Y-94.2414
G1 X288.3233 Y-94.2297
G1 X288.3233 Y-94.2294
G1 X288.4272 Y-94.2198
G1 X288.4272 Y-94.2200
G1 X288.5288 Y-94.2109
G1 X288.6443 Y-94.2015
G1 X288.7447 Y-94.1939
G1 X288.7447 Y-94.1936
G1 X288.8376 Y-94.1873
G1 X288.9552 Y-94.1802
G1 X289.0576 Y-94.1743
G1 X289.1785 Y-94.1682
G1 X289.2844 Y-94.1634
G1 X289.3944 Y-94.1591
G1 X289.3944 Y-94.1593
G1 X289.5095 Y-94.1558
G1 X289.6253 Y-94.1525
G1 X289.7454 Y-94.1499
G1 X289.7477 Y-94.1499
G1 X289.8295 Y-94.1487
G1 X289.8379 Y-94.1489
G1 X289.9773 Y-94.1476
G1 X290.0794 Y-94.1474
G1 X290.1828 Y-94.1476
G1 X290.3184 Y-94.1489
G1 X290.4155 Y-94.1502
G1 X290.4183 Y-94.1504
G1 X290.6776 Y-94.1565
G1 X290.9242 Y-94.1652
G1 X291.0235 Y-94.1695
G1 X291.1681 Y-94.1766
G1 X291.1838 Y-94.1771
G1 X291.2471 Y-94.1804
G1 X291.2679 Y-94.1822
G1 X291.4101 Y-94.1908
G1 X291.5361 Y-94.1989
G1 X291.6585 Y-94.2076
G1 X291.7701 Y-94.2162
G1 X291.9082 Y-94.2276
G1 X292.0418 Y-94.2393
G1 X292.1737 Y-94.2515
G1 X292.1737 Y-94.2518
G1 X292.2946 Y-94.2635
G1 X292.2996 Y-94.2642
G1 X292.4401 Y-94.2787
G1 X292.5676 Y-94.2924
G1 X292.6989 Y-94.3074
G1 X292.8252 Y-94.3226
G1 X292.9684 Y-94.3404
G1 X293.0903 Y-94.3562
G1 X293.4000 Y-94.3981
G1 X293.5186 Y-94.4143
G1 X293.5186 Y-94.4146
G1 X293.8046 Y-94.4568
G1 X293.9077 Y-94.4723
G1 X293.9240 Y-94.4753
G1 X294.0680 Y-94.4979
G1 X294.0743 Y-94.4987
G1 X294.1996 Y-94.5190
G1 X294.1996 Y-94.5187
G1 X294.3240 Y-94.5396
G1 X294.3240 Y-94.5398
G1 X294.6141 Y-94.5893
G1 X294.6260 Y-94.5909
G1 X294.7027 Y-94.6046
G1 X294.7147 Y-94.6071
G1 X294.8386 Y-94.6297
G1 X295.0967 Y-94.6782
G1 X295.3812 Y-94.7344
G1 X295.4800 Y-94.7544
G1 X295.6115 Y-94.7819
G1 X295.7622 Y-94.8136
G1 X295.7637 Y-94.8139
G1 X295.9758 Y-94.8604
G1 X296.2255 Y-94.9175
G1 X296.3456 Y-94.9457
G1 X296.5961 Y-95.0062
G1 X296.6959 Y-95.0308
G1 X296.9290 Y-95.0905
G1 X297.1729 Y-95.1550
G1 X297.4043 Y-95.2185
G1 X297.6070 Y-95.2764
G1 X297.7358 Y-95.3140
G1 X297.7358 Y-95.3138
G1 X297.9481 Y-95.3773
G1 X298.0540 Y-95.4098
G1 X298.2618 Y-95.4753
G1 X298.3865 Y-95.5154
G1 X298.3969 Y-95.5185
G1 X298.5922 Y-95.5827
G1 X298.5922 Y-95.5830
G1 X298.6987 Y-95.6188
G1 X298.6987 Y-95.6186
G1 X298.8993 Y-95.6879
G1 X299.0858 Y-95.7542
G1 X299.0858 Y-95.7544
G1 X299.3131 Y-95.8378
G1 X299.3233 Y-95.8411
G1 X299.3855 Y-95.8644
G1 X299.6004 Y-95.9467
G1 X299.7995 Y-96.0252
G1 X299.9852 Y-96.1004
G1 X300.0713 Y-96.1362
G1 X300.1838 Y-96.1834
G1 X300.1942 Y-96.1875
G1 X300.2465 Y-96.2099
G1 X300.2590 Y-96.2155
G1 X300.3702 Y-96.2635
G1 X300.3702 Y-96.2632
G1 X300.4589 Y-96.3016
G1 X300.4589 Y-96.3018
G1 X300.5061 Y-96.3229
G1 X300.5252 Y-96.3318
G1 X300.7436 Y-96.4306
G1 X300.7436 Y-96.4303
G1 X300.8046 Y-96.4585
G1 X301.0035 Y-96.5520
G1 X301.0690 Y-96.5835
G1 X301.1650 Y-96.6302
G1 X301.2440 Y-96.6694
G1 X301.4287 Y-96.7618
G1 X301.5907 Y-96.8451
G1 X301.7601 Y-96.9348
G1 X301.9265 Y-97.0247
G1 X302.0675 Y-97.1032
G1 X302.1658 Y-97.1588
G1 X302.1726 Y-97.1624
G1 X302.3065 Y-97.2396
G1 X302.3944 Y-97.2911
G1 X302.5465 Y-97.3818
G1 X302.6171 Y-97.4247
G1 X302.7637 Y-97.5152
G1 X302.7683 Y-97.5180
G1 X302.9237 Y-97.6165
G1 X302.9237 Y-97.6163
G1 X303.0725 Y-97.7130
G1 X303.2155 Y-97.8078
G1 X303.2796 Y-97.8507
G1 X303.4030 Y-97.9355
G1 X303.5663 Y-98.0503
G1 X303.7035 Y-98.1489
G1 X303.7472 Y-98.1807
G1 X303.8917 Y-98.2878
G1 X304.0362 Y-98.3978
G1 X304.0812 Y-98.4324
G1 X304.0809 Y-98.4326
G1 X304.1627 Y-98.4966
G1 X304.1627 Y-98.4964
G1 X304.2818 Y-98.5909
G1 X304.3415 Y-98.6391
G1 X304.4614 Y-98.7377
G1 X304.5399 Y-98.8032
G1 X304.5435 Y-98.8060
G1 X304.5871 Y-98.8428
G1 X304.6367 Y-98.8850
G1 X304.6364 Y-98.8852
G1 X304.7893 Y-99.0178
G1 X304.7926 Y-99.0206
G1 X304.8211 Y-99.0455
G1 X304.8241 Y-99.0486
G1 X304.9552 Y-99.1659
G1 X305.0035 Y-99.2096
G1 X305.1124 Y-99.3104
G1 X305.1759 Y-99.3701
G1 X305.2796 Y-99.4694
G1 X305.3469 Y-99.5347
G1 X305.3903 Y-99.5771
G1 X305.4370 Y-99.6236
G1 X305.5648 Y-99.7524
G1 X305.6707 Y-99.8616
G1 X305.6710 Y-99.8614
G1 X305.7111 Y-99.9035
G1 X305.8236 Y-100.0232
G1 X305.9097 Y-100.1166
G1 X305.9641 Y-100.1768
G1 X306.0703 Y-100.2957
G1 X306.1114 Y-100.3424
G1 X306.2135 Y-100.4608
G1 X306.2613 Y-100.5169
G1 X306.3057 Y-100.5698
G1 X306.4027 Y-100.6866
G1 X306.4822 Y-100.7849
G1 X306.5993 Y-100.9325
G1 X306.6209 Y-100.9604
G1 X306.6781 Y-101.0346
G1 X306.6821 Y-101.0397
G1 X306.7596 Y-101.1413
G1 X306.8528 Y-101.2665
G1 X306.9311 Y-101.3737
G1 X307.0080 Y-101.4816
G1 X307.1053 Y-101.6206
G1 X307.1287 Y-101.6546
G1 X307.2242 Y-101.7958
G1 X307.2547 Y-101.8418
G1 X307.3418 Y-101.9744
G1 X307.4464 Y-102.1387
G1 X307.4838 Y-102.1987
G1 X307.5612 Y-102.3247
G1 X307.6456 Y-102.4651
G1 X307.6654 Y-102.4984
G1 X307.7345 Y-102.6165
G1 X307.8094 Y-102.7481
G1 X307.8866 Y-102.8870
G1 X307.9397 Y-102.9846
G1 X308.0177 Y-103.1311
G1 X308.1083 Y-103.3061
G1 X308.2051 Y-103.4997
G1 X308.2308 Y-103.5522
G1 X308.2310 Y-103.5522
G1 X308.2950 Y-103.6851
G1 X308.2948 Y-103.6851
G1 X308.3542 Y-103.8113
G1 X308.4096 Y-103.9312
G1 X308.4419 Y-104.0026
G1 X308.5269 Y-104.1951
G1 X308.5813 Y-104.3226
G1 X308.6298 Y-104.4390
G1 X308.6913 Y-104.5891
G1 X308.7329 Y-104.6937
G1 X308.7957 Y-104.8550
G1 X308.7959 Y-104.8555
G1 X308.8368 Y-104.9627
G1 X308.8378 Y-104.9660
G1 X308.8886 Y-105.1032
G1 X308.9331 Y-105.2253
G1 X308.9786 Y-105.3541
G1 X308.9803 Y-105.3597
G1 X309.0205 Y-105.4760
G1 X309.0621 Y-105.6000
G1 X309.1330 Y-105.8182
G1 X309.1701 Y-105.9360
G1 X309.2097 Y-106.0656
G1 X309.2516 Y-106.2073
G1 X309.3098 Y-106.4097
G1 X309.3448 Y-106.5360
G1 X309.4002 Y-106.7427
G1 X309.4512 Y-106.9411
G1 X309.4845 Y-107.0760
G1 X309.5150 Y-107.2030
G1 X309.5315 Y-107.2736
G1 X309.5729 Y-107.4560
G1 X309.6224 Y-107.6851
G1 X309.6598 Y-107.8654
G1 X309.6872 Y-108.0044
G1 X309.7228 Y-108.1928
G1 X309.7591 Y-108.3950
G1 X309.7949 Y-108.6048
G1 X309.8277 Y-108.8085
G1 X309.8455 Y-108.9249
G1 X309.8749 Y-109.1286
G1 X309.8759 Y-109.1380
G1 X309.9039 Y-109.3437
G1 X309.9057 Y-109.3536
G1 X309.9257 Y-109.5131
G1 X309.9265 Y-109.5207
G1 X309.9501 Y-109.7209
G1 X309.9714 Y-109.9137
G1 X309.9935 Y-110.1324
G1 X309.9943 Y-110.1382
G1 X310.0100 Y-110.3071
G1 X310.0294 Y-110.5344
G1 X310.0296 Y-110.5357
G1 X310.0456 Y-110.7506
G1 X310.0461 Y-110.7572
G1 X310.0639 Y-111.0257
G1 X310.0771 Y-111.2667
G1 X310.0893 Y-111.5362
G1 X310.0982 Y-111.7796
G1 X310.1028 Y-111.9205
G1 X310.1022 Y-111.9205
G1 X310.1063 Y-112.1011
G1 X310.1066 Y-112.1049
G1 X310.1096 Y-112.3277
G1 X310.1111 Y-112.5728
G1 X310.1106 Y-112.7521
G1 X310.1081 Y-113.0252
G1 X310.1061 Y-113.1633
G1 X310.1002 Y-113.3975
G1 X310.0926 Y-113.6289
G1 X310.0835 Y-113.8578
G1 X310.0690 Y-114.1499
G1 X310.0548 Y-114.3930
G1 X310.0321 Y-114.7168
G1 X310.0144 Y-114.9421
G1 X310.0146 Y-114.9421
G1 X310.0014 Y-115.1016
G1 X309.9857 Y-115.2741
G1 X309.9806 Y-115.3264
G1 X309.6359 Y-115.3317
G1 X308.2757 Y-115.3569
G1 X307.2437 Y-115.3782
G1 X305.3484 Y-115.4217
G1 X303.6595 Y-115.4641
G1 X302.0703 Y-115.5078
G1 X300.4251 Y-115.5568
G1 X298.5513 Y-115.6170
G1 X297.0246 Y-115.6696
G1 X295.8686 Y-115.7125
G1 X294.3230 Y-115.7724
G1 X293.3553 Y-115.8128
G1 X292.1952 Y-115.8629
G1 X290.6624 Y-115.9337
G1 X289.3365 Y-115.9995
G1 X288.0327 Y-116.0686
G1 X287.2971 Y-116.1097
G1 X286.3919 Y-116.1628
G1 X285.6824 Y-116.2065
G1 X285.3291 Y-116.2291
G1 X284.8051 Y-116.2634
G1 X284.1214 Y-116.3099
G1 X283.6141 Y-116.3460
G1 X282.9570 Y-116.3947
G1 X282.4668 Y-116.4321
G1 X281.8333 Y-116.4836
G1 X281.2224 Y-116.5362
G1 X280.9143 Y-116.5634
G1 X280.3301 Y-116.6180
G1 X280.0386 Y-116.6462
G1 X279.6177 Y-116.6889
G1 X279.3388 Y-116.7183
G1 X278.9304 Y-116.7630
G1 X278.5433 Y-116.8080
G1 X278.2834 Y-116.8392
G1 X278.0281 Y-116.8715
G1 X277.6565 Y-116.9205
G1 X277.3096 Y-116.9693
G1 X277.2362 Y-116.9800
G1 X277.2331 Y-116.9695
G1 X277.2009 Y-116.8575
G1 X277.1757 Y-116.7679
G1 X277.1369 Y-116.6233
G1 X277.1107 Y-116.5220
G1 X277.0797 Y-116.3980
G1 X277.0589 Y-116.3124
G1 X277.0584 Y-116.3094
G1 X277.0279 Y-116.1791
G1 X277.0256 Y-116.1702
G1 X277.0071 Y-116.0884
G1 X276.9652 Y-115.8951
G1 X276.9293 Y-115.7204
G1 X276.8948 Y-115.5431
G1 X276.8572 Y-115.3391
G1 X276.8122 Y-115.0783
G1 X276.7945 Y-114.9670
G1 X276.7637 Y-114.7686
G1 X276.7439 Y-114.6315
G1 X276.7142 Y-114.4158
G1 X276.6987 Y-114.2967
G1 X276.6634 Y-114.0036
G1 X276.6497 Y-113.8799
G1 X276.6327 Y-113.7181
G1 X276.6174 Y-113.5675
G1 X276.6052 Y-113.4349
G1 X276.6047 Y-113.4306
G1 X276.5854 Y-113.2050
G1 X276.5735 Y-113.0518
G1 X276.5626 Y-112.9015
G1 X276.5471 Y-112.6653
G1 X276.5395 Y-112.5355
G1 X276.5397 Y-112.5355
G1 X276.5311 Y-112.3660
G1 X276.5240 Y-112.2131
G1 X276.5174 Y-112.0493
G1 X276.5123 Y-111.9017
G1 X276.5077 Y-111.7361
G1 X276.5077 Y-111.7338
G1 X276.5039 Y-111.5715
G1 X276.5034 Y-111.5619
G1 X276.5003 Y-111.3615
G1 X276.5006 Y-111.3523
G1 X276.4991 Y-111.1700
G1 X276.4988 Y-110.9523
G1 X276.5001 Y-110.7793
G1 X276.5031 Y-110.5357
G1 X276.5067 Y-110.3699
G1 X276.5067 Y-110.3658
G1 X276.5069 Y-110.3569
G1 X276.5110 Y-110.2030
G1 X276.5199 Y-109.9419
G1 X276.5262 Y-109.7920
G1 X276.5336 Y-109.6376
G1 X276.5344 Y-109.6277
G1 X276.5430 Y-109.4666
G1 X276.5438 Y-109.4532
G1 X276.5438 Y-109.4527
G1 X276.5534 Y-109.2899
G1 X276.5539 Y-109.2822
G1 X276.5595 Y-109.1926
G1 X276.5598 Y-109.1926
G1 X276.5760 Y-108.9614
G1 X276.5768 Y-108.9551
G1 X276.5913 Y-108.7709
G1 X276.5910 Y-108.7709
G1 X276.6047 Y-108.6107
G1 X276.6266 Y-108.3742
G1 X276.6555 Y-108.0940
G1 X276.6560 Y-108.0877
G1 X277.9182 Y-108.2289
G1 X277.9448 Y-107.9901
G1 X277.9626 Y-107.8408
G1 X277.9928 Y-107.6046
G1 X278.0154 Y-107.4392
G1 X278.0393 Y-107.2721
G1 X278.0647 Y-107.1029
G1 X278.0873 Y-106.9591
G1 X278.1158 Y-106.7862
G1 X278.1455 Y-106.6122
G1 X278.1463 Y-106.6061
G1 X278.1729 Y-106.4575
G1 X278.1727 Y-106.4575
G1 X278.1983 Y-106.3180
G1 X278.2245 Y-106.1824
G1 X278.2296 Y-106.1590
G1 X278.2636 Y-105.9891
G1 X278.2992 Y-105.8179
G1 X278.3030 Y-105.7973
G1 X278.3462 Y-105.6000
G1 X278.3832 Y-105.4354
G1 X278.4193 Y-105.2812
G1 X278.4191 Y-105.2812
G1 X278.4605 Y-105.1105
G1 X278.4871 Y-105.0028
G1 X278.4927 Y-104.9835
G1 X278.5410 Y-104.7956
G1 X278.5778 Y-104.6577
G1 X278.5938 Y-104.5995
G1 X278.5961 Y-104.5919
G1 X278.6454 Y-104.4153
G1 X278.6860 Y-104.2736
G1 X278.7287 Y-104.1288
G1 X278.8023 Y-103.8890
G1 X278.8021 Y-103.8890
G1 X278.8171 Y-103.8415
G1 X278.8209 Y-103.8311
G1 X278.8465 Y-103.7516
G1 X278.9057 Y-103.5705
G1 X278.9055 Y-103.5705
G1 X278.9116 Y-103.5522
G1 X278.9187 Y-103.5329
G1 X278.9786 Y-103.3574
G1 X279.0203 Y-103.2396
G1 X279.0858 Y-103.0580
G1 X279.1203 Y-102.9642
G1 X279.1242 Y-102.9551
G1 X279.1897 Y-102.7824
G1 X279.1899 Y-102.7824
G1 X279.2346 Y-102.6683
G1 X279.2999 Y-102.5063
G1 X279.3202 Y-102.4565
G1 X279.3855 Y-102.3003
G1 X279.4340 Y-102.1865
G1 X279.4351 Y-102.1842
G1 X279.4406 Y-102.1720
G1 X279.5019 Y-102.0328
G1 X279.5057 Y-102.0247
G1 X279.5074 Y-102.0204
G1 X279.5661 Y-101.8908
G1 X279.5900 Y-101.8393
G1 X279.6758 Y-101.6569
G1 X279.6794 Y-101.6490
G1 X279.7167 Y-101.5716
G1 X279.7190 Y-101.5670
G1 X279.7879 Y-101.4275
G1 X279.8623 Y-101.2812
G1 X279.8882 Y-101.2314
G1 X279.9631 Y-101.0890
G1 X280.0248 Y-100.9747
G1 X280.1158 Y-100.8103
G1 X280.1648 Y-100.7240
G1 X280.1691 Y-100.7166
G1 X280.1714 Y-100.7125
G1 X280.1907 Y-100.6798
G1 X280.1945 Y-100.6737
G1 X280.2964 Y-100.5007
G1 X280.3487 Y-100.4143
G1 X280.3751 Y-100.3709
G1 X280.3754 Y-100.3709
G1 X280.4701 Y-100.2193
G1 X280.4754 Y-100.2111
G1 X280.4772 Y-100.2081
G1 X280.4927 Y-100.1839
G1 X280.5587 Y-100.0821
G1 X280.6578 Y-99.9340
G1 X280.7271 Y-99.8329
G1 X280.7706 Y-99.7704
G1 X280.7719 Y-99.7684
G1 X280.8171 Y-99.7044
G1 X280.8351 Y-99.6793
G1 X280.9532 Y-99.5169
G1 X280.9557 Y-99.5136
G1 X281.0439 Y-99.3968
G1 X281.1427 Y-99.2695
G1 X281.1762 Y-99.2271
G1 X281.2108 Y-99.1840
G1 X281.2697 Y-99.1111
G1 X281.2854 Y-99.0915
G1 X281.3969 Y-98.9587
G1 X281.4254 Y-98.9254
G1 X281.5351 Y-98.7991
G1 X281.6040 Y-98.7224
G1 X281.6507 Y-98.6709
G1 X281.6852 Y-98.6333
G1 X281.8023 Y-98.5088
G1 X281.8295 Y-98.4804
G1 X281.9141 Y-98.3938
G1 X281.9210 Y-98.3874
G1 X281.9748 Y-98.3336
G1 X281.9745 Y-98.3333
G1 X282.0203 Y-98.2878
G1 X282.0205 Y-98.2881
G1 X282.0751 Y-98.2348
G1 X282.0782 Y-98.2317
G1 X282.1038 Y-98.2071
G1 X282.1559 Y-98.1575
G1 X282.1976 Y-98.1187
G1 X282.2339 Y-98.0849
G1 X282.2339 Y-98.0851
G1 X282.2590 Y-98.0618
G1 X282.2636 Y-98.0575
G1 X282.3007 Y-98.0237
G1 X282.3007 Y-98.0239
G1 X282.3604 Y-97.9701
G1 X282.3964 Y-97.9381
G1 X282.4312 Y-97.9073
G1 X282.5392 Y-97.8149
G1 X282.6080 Y-97.7572
G1 X282.6174 Y-97.7491
G1 X282.6349 Y-97.7349
G1 X282.6885 Y-97.6912
G1 X282.6888 Y-97.6909
G1 X282.7304 Y-97.6574
G1 X282.8033 Y-97.5998
G1 X282.8031 Y-97.5995
G1 X282.8209 Y-97.5858
G1 X282.9715 Y-97.4705
G1 X283.0604 Y-97.4047
G1 X283.0876 Y-97.3849
G1 X283.0947 Y-97.3800
G1 X283.1650 Y-97.3295
G1 X283.2042 Y-97.3021
G1 X283.2887 Y-97.2434
G1 X283.3665 Y-97.1903
G1 X283.4066 Y-97.1639
G1 X283.4124 Y-97.1603
G1 X283.5003 Y-97.1032
G1 X283.5077 Y-97.0981
G1 X283.5341 Y-97.0811
G1 X283.5397 Y-97.0778
G1 X283.5991 Y-97.0402
G1 X283.6586 Y-97.0031
G1 X283.6639 Y-96.9996
G1 X283.7109 Y-96.9708
G1 X283.8336 Y-96.8980
G1 X283.8813 Y-96.8703
G1 X283.8811 Y-96.8700
G1 X283.9436 Y-96.8345
G1 X284.0124 Y-96.7956
G1 X284.0561 Y-96.7717
G1 X284.1297 Y-96.7316
G1 X284.1633 Y-96.7138
G1 X284.2529 Y-96.6668
G1 X284.3233 Y-96.6302
G1 X284.3449 Y-96.6196
G1 X284.4272 Y-96.5787
G1 X284.5697 Y-96.5096
G1 X284.6128 Y-96.4893
G1 X284.6553 Y-96.4697
G1 X284.6603 Y-96.4674
G1 X284.7500 Y-96.4268
G1 X284.7500 Y-96.4270
G1 X284.8130 Y-96.3988
G1 X284.8770 Y-96.3709
G1 X284.9281 Y-96.3491
G1 X285.0086 Y-96.3155
G1 X285.0167 Y-96.3117
G1 X285.0637 Y-96.2927
G1 X285.0670 Y-96.2914
G1 X285.1180 Y-96.2708
G1 X285.2222 Y-96.2299
G1 X285.2791 Y-96.2078
G1 X285.2791 Y-96.2081
G1 X285.3451 Y-96.1832
G1 X285.4048 Y-96.1611
G1 X285.4739 Y-96.1362
G1 X285.6448 Y-96.0768
G1 X285.6791 Y-96.0651
G1 X285.6791 Y-96.0653
G1 X285.7797 Y-96.0323
G1 X285.8364 Y-96.0140
G1 X285.9270 Y-95.9856
G1 X285.9933 Y-95.9653
G1 X286.0805 Y-95.9394
G1 X286.0805 Y-95.9391
G1 X286.1094 Y-95.9307
G1 X286.1196 Y-95.9282
G1 X286.2199 Y-95.9000
G1 X286.2910 Y-95.8802
G1 X286.2938 Y-95.8794
G1 X286.3863 Y-95.8548
G1 X286.4472 Y-95.8390
G1 X286.5242 Y-95.8195
G1 X286.5971 Y-95.8017
G1 X286.7061 Y-95.7758
G1 X286.7061 Y-95.7755
G1 X286.7482 Y-95.7656
G1 X286.7482 Y-95.7659
G1 X286.8658 Y-95.7397
G1 X286.9499 Y-95.7214
G1 X286.9499 Y-95.7212
G1 X287.0058 Y-95.7095
G1 X287.0058 Y-95.7097
G1 X287.0899 Y-95.6927
G1 X287.1790 Y-95.6754
G1 X287.2837 Y-95.6559
G1 X287.2938 Y-95.6536
G1 X287.3538 Y-95.6427
G1 X287.4465 Y-95.6264
G1 X287.4465 Y-95.6267
G1 X287.5171 Y-95.6147
G1 X287.5227 Y-95.6140
G1 X287.6151 Y-95.5992
G1 X287.7106 Y-95.5845
G1 X287.7170 Y-95.5832
G1 X287.7685 Y-95.5759
G1 X287.7843 Y-95.5738
G1 X287.9039 Y-95.5571
G1 X287.9128 Y-95.5556
G1 X287.9697 Y-95.5482
G1 X288.0484 Y-95.5380
G1 X288.0535 Y-95.5375
G1 X288.1787 Y-95.5223
G1 X288.2476 Y-95.5144
G1 X288.3426 Y-95.5043
G1 X288.4508 Y-95.4933
G1 X288.4546 Y-95.4928
G1 X288.5374 Y-95.4852
G1 X288.5410 Y-95.4849
G1 X288.6316 Y-95.4768
G1 X288.7472 Y-95.4674
G1 X288.8409 Y-95.4603
G1 X288.8511 Y-95.4593
G1 X288.9143 Y-95.4550
G1 X289.0276 Y-95.4481
G1 X289.1216 Y-95.4428
G1 X289.2425 Y-95.4367
G1 X289.3423 Y-95.4321
G1 X289.4269 Y-95.4288
G1 X289.4335 Y-95.4288
G1 X289.5486 Y-95.4253
G1 X289.6532 Y-95.4222
G1 X289.7723 Y-95.4197
G1 X289.8297 Y-95.4187
G1 X289.8496 Y-95.4189
G1 X289.9890 Y-95.4176
G1 X290.0794 Y-95.4174
G1 X290.1709 Y-95.4176
G1 X290.3019 Y-95.4189
G1 X290.3855 Y-95.4199
G1 X290.3885 Y-95.4202
G1 X290.6471 Y-95.4263
G1 X290.8798 Y-95.4344
G1 X290.9611 Y-95.4380
G1 X291.1279 Y-95.4458
G1 X291.1627 Y-95.4476
G1 X291.1909 Y-95.4499
G1 X291.3283 Y-95.4583
G1 X291.4495 Y-95.4662
G1 X291.5691 Y-95.4745
G1 X291.6654 Y-95.4819
G1 X291.7975 Y-95.4928
G1 X291.9250 Y-95.5040
G1 X292.0464 Y-95.5152
G1 X292.0515 Y-95.5159
G1 X292.1594 Y-95.5264
G1 X292.1693 Y-95.5276
G1 X292.3098 Y-95.5421
G1 X292.3098 Y-95.5418
G1 X292.4236 Y-95.5543
G1 X292.5549 Y-95.5693
G1 X292.6687 Y-95.5830
G1 X292.8056 Y-95.6000
G1 X292.9275 Y-95.6158
G1 X293.2275 Y-95.6564
G1 X293.3258 Y-95.6699
G1 X293.3334 Y-95.6711
G1 X293.6159 Y-95.7128
G1 X293.7091 Y-95.7268
G1 X293.7271 Y-95.7301
G1 X293.8711 Y-95.7527
G1 X293.8877 Y-95.7550
G1 X293.9961 Y-95.7725
G1 X294.0030 Y-95.7732
G1 X294.0990 Y-95.7895
G1 X294.1102 Y-95.7918
G1 X294.4002 Y-95.8413
G1 X294.4221 Y-95.8446
G1 X294.4663 Y-95.8525
G1 X294.4868 Y-95.8566
G1 X294.6039 Y-95.8779
G1 X294.8620 Y-95.9264
G1 X295.1284 Y-95.9790
G1 X295.2206 Y-95.9978
G1 X295.3522 Y-96.0252
G1 X295.3522 Y-96.0250
G1 X295.4919 Y-96.0544
G1 X295.6923 Y-96.0984
G1 X295.9354 Y-96.1540
G1 X296.0555 Y-96.1822
G1 X296.2918 Y-96.2391
G1 X296.3809 Y-96.2612
G1 X296.6042 Y-96.3183
G1 X296.8480 Y-96.3828
G1 X297.0553 Y-96.4397
G1 X297.2580 Y-96.4976
G1 X297.3799 Y-96.5332
G1 X297.3888 Y-96.5355
G1 X297.5755 Y-96.5914
G1 X297.6814 Y-96.6239
G1 X297.8727 Y-96.6841
G1 X297.8727 Y-96.6843
G1 X297.9999 Y-96.7247
G1 X297.9999 Y-96.7250
G1 X298.1833 Y-96.7852
G1 X298.1871 Y-96.7867
G1 X298.2935 Y-96.8225
G1 X298.2984 Y-96.8240
G1 X298.4845 Y-96.8883
G1 X298.6428 Y-96.9444
G1 X298.6486 Y-96.9470
G1 X298.8760 Y-97.0303
G1 X298.8915 Y-97.0356
G1 X298.9389 Y-97.0534
G1 X299.1348 Y-97.1283
G1 X299.3339 Y-97.2068
G1 X299.4975 Y-97.2731
G1 X299.5836 Y-97.3089
G1 X299.6954 Y-97.3554
G1 X299.7365 Y-97.3729
G1 X299.7558 Y-97.3816
G1 X299.8671 Y-97.4296
G1 X299.8754 Y-97.4329
G1 X299.9374 Y-97.4598
G1 X299.9412 Y-97.4616
G1 X299.9814 Y-97.4796
G1 X300.0017 Y-97.4890
G1 X300.2201 Y-97.5878
G1 X300.2277 Y-97.5909
G1 X300.2643 Y-97.6079
G1 X300.4533 Y-97.6968
G1 X300.5188 Y-97.7283
G1 X300.6014 Y-97.7684
G1 X300.6753 Y-97.8050
G1 X300.8600 Y-97.8974
G1 X301.0101 Y-97.9747
G1 X301.1564 Y-98.0521
G1 X301.3131 Y-98.1367
G1 X301.4419 Y-98.2086
G1 X301.5402 Y-98.2642
G1 X301.5557 Y-98.2726
G1 X301.6639 Y-98.3351
G1 X301.7517 Y-98.3866
G1 X301.8963 Y-98.4728
G1 X301.9504 Y-98.5055
G1 X302.0883 Y-98.5906
G1 X302.2437 Y-98.6892
G1 X302.2473 Y-98.6912
G1 X302.3710 Y-98.7717
G1 X302.5082 Y-98.8626
G1 X302.5676 Y-98.9025
G1 X302.5722 Y-98.9056
G1 X302.6837 Y-98.9823
G1 X302.6837 Y-98.9820
G1 X302.8254 Y-99.0816
G1 X302.8252 Y-99.0818
G1 X302.9623 Y-99.1804
G1 X302.9905 Y-99.2007
G1 X303.1350 Y-99.3079
G1 X303.2625 Y-99.4049
G1 X303.2854 Y-99.4225
G1 X303.2981 Y-99.4329
G1 X303.3799 Y-99.4969
G1 X303.3885 Y-99.5032
G1 X303.4833 Y-99.5784
G1 X303.5430 Y-99.6267
G1 X303.6473 Y-99.7125
G1 X303.7251 Y-99.7768
G1 X303.7248 Y-99.7770
G1 X303.7685 Y-99.8139
G1 X303.7949 Y-99.8362
G1 X303.8043 Y-99.8449
G1 X303.9562 Y-99.9764
G1 X303.9760 Y-99.9937
G1 X303.9770 Y-99.9947
G1 X304.1028 Y-100.1075
G1 X304.1510 Y-100.1512
G1 X304.2453 Y-100.2386
G1 X304.2971 Y-100.2871
G1 X304.4007 Y-100.3864
G1 X304.4596 Y-100.4433
G1 X304.4947 Y-100.4776
G1 X304.5353 Y-100.5182
G1 X304.6631 Y-100.6470
G1 X304.7591 Y-100.7458
G1 X304.7634 Y-100.7499
G1 X304.7860 Y-100.7737
G1 X304.8986 Y-100.8934
G1 X304.9671 Y-100.9678
G1 X305.0169 Y-101.0229
G1 X305.1170 Y-101.1349
G1 X305.1498 Y-101.1720
G1 X305.2463 Y-101.2838
G1 X305.2895 Y-101.3346
G1 X305.3286 Y-101.3811
G1 X305.4200 Y-101.4913
G1 X305.4873 Y-101.5743
G1 X305.6044 Y-101.7219
G1 X305.6151 Y-101.7354
G1 X305.6148 Y-101.7356
G1 X305.6725 Y-101.8098
G1 X305.6722 Y-101.8098
G1 X305.7408 Y-101.8997
G1 X305.8269 Y-102.0153
G1 X305.9052 Y-102.1225
G1 X305.9676 Y-102.2101
G1 X306.0649 Y-102.3490
G1 X306.0766 Y-102.3661
G1 X306.1721 Y-102.5073
G1 X306.1934 Y-102.5393
G1 X306.1932 Y-102.5393
G1 X306.2704 Y-102.6566
G1 X306.3751 Y-102.8210
G1 X306.4058 Y-102.8703
G1 X306.4723 Y-102.9785
G1 X306.5567 Y-103.1189
G1 X306.5691 Y-103.1397
G1 X306.6382 Y-103.2579
G1 X306.7058 Y-103.3765
G1 X306.7710 Y-103.4941
G1 X306.8185 Y-103.5812
G1 X306.8965 Y-103.7278
G1 X306.9725 Y-103.8741
G1 X307.0636 Y-104.0567
G1 X307.0893 Y-104.1093
G1 X307.0951 Y-104.1202
G1 X307.1411 Y-104.2159
G1 X307.1457 Y-104.2261
G1 X307.2051 Y-104.3523
G1 X307.2567 Y-104.4638
G1 X307.2803 Y-104.5159
G1 X307.3585 Y-104.6932
G1 X307.4091 Y-104.8116
G1 X307.4576 Y-104.9279
G1 X307.5160 Y-105.0704
G1 X307.5496 Y-105.1542
G1 X307.5493 Y-105.1542
G1 X307.6092 Y-105.3081
G1 X307.6453 Y-105.4026
G1 X307.6468 Y-105.4072
G1 X307.6951 Y-105.5373
G1 X307.7355 Y-105.6483
G1 X307.7771 Y-105.7661
G1 X307.7797 Y-105.7740
G1 X307.8165 Y-105.8807
G1 X307.8582 Y-106.0046
G1 X307.8584 Y-106.0046
G1 X307.9217 Y-106.1994
G1 X307.9557 Y-106.3076
G1 X307.9918 Y-106.4257
G1 X308.0309 Y-106.5581
G1 X308.0875 Y-106.7549
G1 X308.1180 Y-106.8644
G1 X308.1734 Y-107.0712
G1 X308.2183 Y-107.2454
G1 X308.2496 Y-107.3724
G1 X308.2783 Y-107.4920
G1 X308.2930 Y-107.5548
G1 X308.3316 Y-107.7244
G1 X308.3789 Y-107.9426
G1 X308.4139 Y-108.1115
G1 X308.4393 Y-108.2398
G1 X308.4728 Y-108.4174
G1 X308.5071 Y-108.6086
G1 X308.5409 Y-108.8065
G1 X308.5722 Y-109.0003
G1 X308.5884 Y-109.1067
G1 X308.6161 Y-109.2990
G1 X308.6174 Y-109.3089
G1 X308.6453 Y-109.5146
G1 X308.6478 Y-109.5306
G1 X308.6631 Y-109.6508
G1 X308.6651 Y-109.6696
G1 X308.6877 Y-109.8606
G1 X308.7078 Y-110.0414
G1 X308.7299 Y-110.2561
G1 X308.7446 Y-110.4146
G1 X308.7639 Y-110.6419
G1 X308.7642 Y-110.6449
G1 X308.7789 Y-110.8410
G1 X308.7957 Y-111.0953
G1 X308.8089 Y-111.3363
G1 X308.8201 Y-111.5827
G1 X308.8289 Y-111.8260
G1 X308.8292 Y-111.8260
G1 X308.8328 Y-111.9365
G1 X308.8325 Y-111.9490
G1 X308.8366 Y-112.1296
G1 X308.8396 Y-112.3450
G1 X308.8411 Y-112.5692
G1 X308.8406 Y-112.7402
G1 X308.8381 Y-113.0132
G1 X308.8383 Y-113.0132
G1 X308.8366 Y-113.1316
G1 X308.8310 Y-113.3556
G1 X308.8236 Y-113.5781
G1 X308.8150 Y-113.7948
G1 X308.8010 Y-114.0770
G1 X308.2496 Y-114.0871
G1 X307.2145 Y-114.1085
G1 X305.3164 Y-114.1522
G1 X303.6247 Y-114.1946
G1 X302.0324 Y-114.2383
G1 X300.3842 Y-114.2876
G1 X298.5077 Y-114.3478
G1 X296.9773 Y-114.4003
G1 X295.8193 Y-114.4435
G1 X294.2702 Y-114.5035
G1 X293.3007 Y-114.5441
G1 X292.1366 Y-114.5941
G1 X290.5994 Y-114.6653
G1 X289.2692 Y-114.7313
G1 X287.9618 Y-114.8006
G1 X287.2227 Y-114.8420
G1 X286.3139 Y-114.8951
G1 X285.6014 Y-114.9391
G1 X285.2463 Y-114.9619
G1 X284.7190 Y-114.9965
G1 X284.0312 Y-115.0432
G1 X283.5201 Y-115.0795
G1 X282.8605 Y-115.1283
G1 X282.3637 Y-115.1661
G1 X281.7244 Y-115.2182
G1 X281.1109 Y-115.2710
G1 X280.7962 Y-115.2990
G1 X280.2080 Y-115.3538
G1 X279.9105 Y-115.3828
G1 X279.4843 Y-115.4260
G1 X279.2006 Y-115.4560
G1 X278.7838 Y-115.5014
G1 X278.3916 Y-115.5471
G1 X278.1950 Y-115.5708
G1 X278.1755 Y-115.4748
G1 X278.1414 Y-115.3003
G1 X278.1061 Y-115.1090
G1 X278.0652 Y-114.8710
G1 X278.0495 Y-114.7724
G1 X278.0208 Y-114.5870
G1 X278.0010 Y-114.4499
G1 X277.9723 Y-114.2423
G1 X277.9580 Y-114.1329
G1 X277.9250 Y-113.8578
G1 X277.9121 Y-113.7399
G1 X277.8958 Y-113.5852
G1 X277.8811 Y-113.4397
G1 X277.8699 Y-113.3224
G1 X277.8702 Y-113.3224
G1 X277.8509 Y-113.0968
G1 X277.8397 Y-112.9530
G1 X277.8293 Y-112.8095
G1 X277.8143 Y-112.5822
G1 X277.8087 Y-112.4862
G1 X277.8082 Y-112.4707
G1 X277.7995 Y-112.3013
G1 X277.7927 Y-112.1542
G1 X277.7863 Y-111.9983
G1 X277.7815 Y-111.8580
G1 X277.7774 Y-111.7128
G1 X277.7774 Y-111.7041
G1 X277.7731 Y-111.5383
G1 X277.7703 Y-111.3612
G1 X277.7706 Y-111.3417
G1 X277.7691 Y-111.1593
G1 X277.7688 Y-110.9617
G1 X277.7701 Y-110.7953
G1 X277.7729 Y-110.5629
G1 X277.7759 Y-110.4021
G1 X277.7762 Y-110.4021
G1 X277.7764 Y-110.3904
G1 X277.7802 Y-110.2462
G1 X277.7889 Y-109.9957
G1 X277.7952 Y-109.8459
G1 X277.7950 Y-109.8459
G1 X277.8013 Y-109.7125
G1 X277.8026 Y-109.6957
G1 X277.8110 Y-109.5385
G1 X277.8115 Y-109.5278
G1 X277.8206 Y-109.3744
G1 X277.8214 Y-109.3612
G1 X277.8260 Y-109.2899
G1 X277.8267 Y-109.2817
G1 X277.8420 Y-109.0635
G1 X277.8430 Y-109.0546
G1 X277.8575 Y-108.8705
G1 X277.8577 Y-108.8639
G1 X277.8694 Y-108.7275
G1 X277.8900 Y-108.5047
G1 X277.9182 Y-108.2289
G1 X279.1803 Y-108.3699
G1 X279.2059 Y-108.1402
G1 X279.2225 Y-108.0021
G1 X279.2527 Y-107.7659
G1 X279.2727 Y-107.6188
G1 X279.2954 Y-107.4605
G1 X279.3208 Y-107.2914
G1 X279.3406 Y-107.1651
G1 X279.3677 Y-107.0000
G1 X279.3975 Y-106.8260
G1 X279.3997 Y-106.8100
G1 X279.4229 Y-106.6818
G1 X279.4239 Y-106.6752
G1 X279.4452 Y-106.5586
G1 X279.4455 Y-106.5586
G1 X279.4711 Y-106.4257
G1 X279.4749 Y-106.4085
G1 X279.5072 Y-106.2474
G1 X279.5478 Y-106.0491
G1 X279.5481 Y-106.0478
G1 X279.5849 Y-105.8791
G1 X279.5852 Y-105.8791
G1 X279.6200 Y-105.7247
G1 X279.6560 Y-105.5705
G1 X279.6578 Y-105.5616
G1 X279.6931 Y-105.4158
G1 X279.6946 Y-105.4100
G1 X279.7170 Y-105.3198
G1 X279.7228 Y-105.2993
G1 X279.7680 Y-105.1232
G1 X279.8023 Y-104.9945
G1 X279.8049 Y-104.9853
G1 X279.8168 Y-104.9419
G1 X279.8194 Y-104.9332
G1 X279.8686 Y-104.7567
G1 X279.9042 Y-104.6328
G1 X279.9428 Y-104.5017
G1 X280.0165 Y-104.2619
G1 X280.0190 Y-104.2523
G1 X280.0253 Y-104.2327
G1 X280.0294 Y-104.2210
G1 X280.0535 Y-104.1461
G1 X280.0538 Y-104.1461
G1 X280.1130 Y-103.9650
G1 X280.1135 Y-103.9630
G1 X280.1206 Y-103.9434
G1 X280.1805 Y-103.7679
G1 X280.2148 Y-103.6706
G1 X280.2773 Y-103.4971
G1 X280.2804 Y-103.4890
G1 X280.3058 Y-103.4199
G1 X280.3116 Y-103.4057
G1 X280.3731 Y-103.2439
G1 X280.4127 Y-103.1428
G1 X280.4780 Y-102.9807
G1 X280.4919 Y-102.9462
G1 X280.5537 Y-102.7984
G1 X280.5946 Y-102.7024
G1 X280.5956 Y-102.7001
G1 X280.5971 Y-102.6965
G1 X280.6032 Y-102.6833
G1 X280.6644 Y-102.5444
G1 X280.7231 Y-102.4148
G1 X280.7391 Y-102.3803
G1 X280.8234 Y-102.2005
G1 X280.8282 Y-102.1903
G1 X280.8288 Y-102.1895
G1 X280.8577 Y-102.1293
G1 X280.8580 Y-102.1291
G1 X280.9199 Y-102.0034
G1 X280.9944 Y-101.8570
G1 X280.9941 Y-101.8570
G1 X281.0121 Y-101.8225
G1 X281.0805 Y-101.6925
G1 X281.0807 Y-101.6925
G1 X281.1424 Y-101.5782
G1 X281.2270 Y-101.4252
G1 X281.2603 Y-101.3663
G1 X281.2649 Y-101.3582
G1 X281.2656 Y-101.3572
G1 X281.2809 Y-101.3315
G1 X281.2890 Y-101.3181
G1 X281.3909 Y-101.1451
G1 X281.4338 Y-101.0742
G1 X281.4571 Y-101.0359
G1 X281.5458 Y-100.8944
G1 X281.5582 Y-100.8748
G1 X281.6144 Y-100.7882
G1 X281.7134 Y-100.6401
G1 X281.7698 Y-100.5578
G1 X281.7701 Y-100.5578
G1 X281.8135 Y-100.4954
G1 X281.8160 Y-100.4915
G1 X281.8544 Y-100.4372
G1 X281.8620 Y-100.4265
G1 X281.9715 Y-100.2762
G1 X282.0579 Y-100.1616
G1 X282.1389 Y-100.0570
G1 X282.1391 Y-100.0572
G1 X282.1727 Y-100.0148
G1 X282.1724 Y-100.0145
G1 X282.1983 Y-99.9823
G1 X282.2583 Y-99.9081
G1 X282.2608 Y-99.9053
G1 X282.2621 Y-99.9035
G1 X282.3698 Y-99.7753
G1 X282.3695 Y-99.7753
G1 X282.3840 Y-99.7585
G1 X282.4937 Y-99.6323
G1 X282.5448 Y-99.5751
G1 X282.5450 Y-99.5754
G1 X282.5859 Y-99.5302
G1 X282.6103 Y-99.5035
G1 X282.7274 Y-99.3790
G1 X282.7477 Y-99.3577
G1 X282.8056 Y-99.2985
G1 X282.8191 Y-99.2856
G1 X282.8729 Y-99.2317
G1 X282.8828 Y-99.2210
G1 X282.9019 Y-99.2022
G1 X282.9080 Y-99.1967
G1 X282.9733 Y-99.1329
G1 X282.9763 Y-99.1299
G1 X282.9791 Y-99.1273
G1 X283.0223 Y-99.0862
G1 X283.0639 Y-99.0473
G1 X283.0863 Y-99.0262
G1 X283.0985 Y-99.0156
G1 X283.1310 Y-98.9851
G1 X283.1343 Y-98.9820
G1 X283.1468 Y-98.9708
G1 X283.1513 Y-98.9670
G1 X283.2034 Y-98.9200
G1 X283.2372 Y-98.8901
G1 X283.2720 Y-98.8593
G1 X283.3548 Y-98.7885
G1 X283.4335 Y-98.7224
G1 X283.4373 Y-98.7194
G1 X283.4909 Y-98.6757
G1 X283.4930 Y-98.6739
G1 X283.5184 Y-98.6536
G1 X283.5913 Y-98.5959
G1 X283.5994 Y-98.5891
G1 X283.7378 Y-98.4832
G1 X283.8158 Y-98.4255
G1 X283.8214 Y-98.4214
G1 X283.8356 Y-98.4115
G1 X283.8943 Y-98.3694
G1 X283.9334 Y-98.3419
G1 X284.0050 Y-98.2922
G1 X284.0827 Y-98.2391
G1 X284.0899 Y-98.2345
G1 X284.1048 Y-98.2251
G1 X284.1955 Y-98.1657
G1 X284.2082 Y-98.1575
G1 X284.2186 Y-98.1512
G1 X284.2781 Y-98.1136
G1 X284.3258 Y-98.0834
G1 X284.3728 Y-98.0547
G1 X284.4706 Y-97.9968
G1 X284.5184 Y-97.9691
G1 X284.5250 Y-97.9650
G1 X284.5717 Y-97.9383
G1 X284.6215 Y-97.9101
G1 X284.6652 Y-97.8863
G1 X284.7373 Y-97.8469
G1 X284.7528 Y-97.8388
G1 X284.8425 Y-97.7918
G1 X284.8425 Y-97.7915
G1 X284.8930 Y-97.7654
G1 X284.9100 Y-97.7570
G1 X284.9923 Y-97.7161
G1 X285.1104 Y-97.6587
G1 X285.1447 Y-97.6427
G1 X285.1871 Y-97.6231
G1 X285.2628 Y-97.5886
G1 X285.2689 Y-97.5863
G1 X285.3319 Y-97.5581
G1 X285.3319 Y-97.5578
G1 X285.3766 Y-97.5383
G1 X285.3766 Y-97.5385
G1 X285.4218 Y-97.5192
G1 X285.4968 Y-97.4880
G1 X285.5062 Y-97.4839
G1 X285.5410 Y-97.4697
G1 X285.5417 Y-97.4695
G1 X285.5928 Y-97.4489
G1 X285.6819 Y-97.4138
G1 X285.7183 Y-97.3999
G1 X285.7271 Y-97.3966
G1 X285.7932 Y-97.3717
G1 X285.8353 Y-97.3559
G1 X285.8910 Y-97.3358
G1 X286.0545 Y-97.2790
G1 X286.0698 Y-97.2739
G1 X286.0754 Y-97.2721
G1 X286.1760 Y-97.2391
G1 X286.1760 Y-97.2388
G1 X286.2166 Y-97.2259
G1 X286.3073 Y-97.1974
G1 X286.3073 Y-97.1972
G1 X286.3553 Y-97.1824
G1 X286.3553 Y-97.1827
G1 X286.4424 Y-97.1568
G1 X286.4480 Y-97.1550
G1 X286.4632 Y-97.1509
G1 X286.5608 Y-97.1235
G1 X286.6319 Y-97.1037
G1 X286.6319 Y-97.1034
G1 X286.7040 Y-97.0844
G1 X286.7650 Y-97.0686
G1 X286.8252 Y-97.0534
G1 X286.8981 Y-97.0356
G1 X286.8981 Y-97.0354
G1 X286.9999 Y-97.0112
G1 X287.0078 Y-97.0092
G1 X287.0180 Y-97.0067
G1 X287.0241 Y-97.0056
G1 X287.1417 Y-96.9795
G1 X287.2199 Y-96.9625
G1 X287.2280 Y-96.9604
G1 X287.2483 Y-96.9561
G1 X287.2577 Y-96.9546
G1 X287.3418 Y-96.9376
G1 X287.4206 Y-96.9223
G1 X287.5171 Y-96.9043
G1 X287.5369 Y-96.9002
G1 X287.5732 Y-96.8936
G1 X287.6555 Y-96.8792
G1 X287.6580 Y-96.8789
G1 X287.7134 Y-96.8695
G1 X287.7226 Y-96.8682
G1 X287.8087 Y-96.8545
G1 X287.9042 Y-96.8398
G1 X287.9136 Y-96.8380
G1 X287.9606 Y-96.8317
G1 X288.0759 Y-96.8149
G1 X288.0759 Y-96.8151
G1 X288.1328 Y-96.8078
G1 X288.2110 Y-96.7976
G1 X288.3230 Y-96.7839
G1 X288.3230 Y-96.7842
G1 X288.3868 Y-96.7768
G1 X288.4777 Y-96.7671
G1 X288.5783 Y-96.7570
G1 X288.5844 Y-96.7562
G1 X288.6512 Y-96.7501
G1 X288.6542 Y-96.7499
G1 X288.7345 Y-96.7428
G1 X288.8501 Y-96.7334
G1 X288.9451 Y-96.7257
G1 X288.9910 Y-96.7227
G1 X289.1043 Y-96.7158
G1 X289.1856 Y-96.7113
G1 X289.3065 Y-96.7052
G1 X289.4005 Y-96.7008
G1 X289.4597 Y-96.6986
G1 X289.4726 Y-96.6983
G1 X289.5877 Y-96.6948
G1 X289.6847 Y-96.6920
G1 X289.7995 Y-96.6894
G1 X289.8320 Y-96.6887
G1 X289.8612 Y-96.6889
G1 X290.0007 Y-96.6876
G1 X290.0794 Y-96.6874
G1 X290.1587 Y-96.6876
G1 X290.2864 Y-96.6889
G1 X290.3553 Y-96.6897
G1 X290.3586 Y-96.6899
G1 X290.6171 Y-96.6960
G1 X290.8353 Y-96.7036
G1 X290.9054 Y-96.7067
G1 X291.0680 Y-96.7143
G1 X291.0743 Y-96.7146
G1 X291.1137 Y-96.7176
G1 X291.2511 Y-96.7260
G1 X291.2511 Y-96.7257
G1 X291.3609 Y-96.7329
G1 X291.3609 Y-96.7331
G1 X291.4805 Y-96.7415
G1 X291.4805 Y-96.7412
G1 X291.5608 Y-96.7476
G1 X291.6865 Y-96.7580
G1 X291.8140 Y-96.7692
G1 X291.9197 Y-96.7788
G1 X291.9296 Y-96.7801
G1 X292.0256 Y-96.7892
G1 X292.0390 Y-96.7910
G1 X292.1795 Y-96.8055
G1 X292.1897 Y-96.8063
G1 X292.2796 Y-96.8159
G1 X292.2796 Y-96.8162
G1 X292.4109 Y-96.8311
G1 X292.5120 Y-96.8433
G1 X292.6428 Y-96.8596
G1 X292.7647 Y-96.8753
G1 X293.0553 Y-96.9147
G1 X293.1477 Y-96.9274
G1 X293.1480 Y-96.9274
G1 X293.4277 Y-96.9686
G1 X293.4277 Y-96.9688
G1 X293.5079 Y-96.9808
G1 X293.5303 Y-96.9848
G1 X293.6969 Y-97.0107
G1 X293.7015 Y-97.0112
G1 X293.7934 Y-97.0262
G1 X293.8028 Y-97.0275
G1 X293.8722 Y-97.0392
G1 X293.8963 Y-97.0437
G1 X294.2105 Y-97.0971
G1 X294.2214 Y-97.0986
G1 X294.2295 Y-97.1001
G1 X294.2593 Y-97.1060
G1 X294.3692 Y-97.1260
G1 X294.6273 Y-97.1746
G1 X294.8747 Y-97.2233
G1 X294.9613 Y-97.2411
G1 X295.0929 Y-97.2685
G1 X295.1041 Y-97.2706
G1 X295.2199 Y-97.2950
G1 X295.4203 Y-97.3389
G1 X295.6453 Y-97.3905
G1 X295.7655 Y-97.4187
G1 X295.9943 Y-97.4738
G1 X296.0660 Y-97.4916
G1 X296.2793 Y-97.5462
G1 X296.5135 Y-97.6081
G1 X296.7106 Y-97.6622
G1 X296.9090 Y-97.7189
G1 X297.0243 Y-97.7524
G1 X297.0360 Y-97.7555
G1 X297.2029 Y-97.8055
G1 X297.3088 Y-97.8380
G1 X297.4790 Y-97.8913
G1 X297.4886 Y-97.8949
G1 X297.5983 Y-97.9297
G1 X297.6039 Y-97.9317
G1 X297.7766 Y-97.9884
G1 X297.7820 Y-97.9904
G1 X297.8968 Y-98.0288
G1 X298.0599 Y-98.0851
G1 X298.1998 Y-98.1347
G1 X298.2115 Y-98.1395
G1 X298.4624 Y-98.2312
G1 X298.4937 Y-98.2429
G1 X298.6809 Y-98.3145
G1 X298.8630 Y-98.3864
G1 X299.0098 Y-98.4458
G1 X299.2077 Y-98.5281
G1 X299.2234 Y-98.5347
G1 X299.2526 Y-98.5477
G1 X299.3639 Y-98.5957
G1 X299.3794 Y-98.6020
G1 X299.4185 Y-98.6191
G1 X299.4208 Y-98.6201
G1 X299.4563 Y-98.6361
G1 X299.4782 Y-98.6462
G1 X299.6966 Y-98.7450
G1 X299.7119 Y-98.7514
G1 X299.7238 Y-98.7570
G1 X299.9031 Y-98.8413
G1 X299.9031 Y-98.8416
G1 X299.9687 Y-98.8731
G1 X300.0461 Y-98.9106
G1 X300.1066 Y-98.9406
G1 X300.2912 Y-99.0331
G1 X300.4157 Y-99.0971
G1 X300.5620 Y-99.1746
G1 X300.7015 Y-99.2497
G1 X300.8163 Y-99.3140
G1 X300.9359 Y-99.3813
G1 X300.9384 Y-99.3826
G1 X301.0212 Y-99.4306
G1 X301.1091 Y-99.4821
G1 X301.1091 Y-99.4819
G1 X301.2384 Y-99.5591
G1 X301.2925 Y-99.5919
G1 X301.4083 Y-99.6632
G1 X301.5638 Y-99.7618
G1 X301.5686 Y-99.7646
G1 X301.6692 Y-99.8301
G1 X301.8005 Y-99.9172
G1 X301.8589 Y-99.9564
G1 X301.9638 Y-100.0285
G1 X301.9676 Y-100.0310
G1 X302.0764 Y-100.1072
G1 X302.0840 Y-100.1133
G1 X302.2211 Y-100.2119
G1 X302.2214 Y-100.2116
G1 X302.2338 Y-100.2208
G1 X302.3784 Y-100.3280
G1 X302.4922 Y-100.4146
G1 X302.4985 Y-100.4194
G1 X302.5153 Y-100.4331
G1 X302.5991 Y-100.4981
G1 X302.6938 Y-100.5733
G1 X302.7362 Y-100.6076
G1 X302.8406 Y-100.6935
G1 X302.8988 Y-100.7412
G1 X302.9062 Y-100.7481
G1 X302.9481 Y-100.7834
G1 X302.9608 Y-100.7941
G1 X302.9727 Y-100.8047
G1 X303.1216 Y-100.9338
G1 X303.1289 Y-100.9401
G1 X303.2503 Y-101.0491
G1 X303.2986 Y-101.0928
G1 X303.3773 Y-101.1657
G1 X303.4182 Y-101.2040
G1 X303.5219 Y-101.3033
G1 X303.5775 Y-101.3569
G1 X303.5968 Y-101.3755
G1 X303.5965 Y-101.3757
G1 X303.6336 Y-101.4128
G1 X303.7614 Y-101.5416
G1 X303.8483 Y-101.6307
G1 X303.8610 Y-101.6439
G1 X303.9735 Y-101.7636
G1 X304.0245 Y-101.8189
G1 X304.0697 Y-101.8690
G1 X304.1653 Y-101.9759
G1 X304.1980 Y-102.0130
G1 X304.2785 Y-102.1062
G1 X304.3177 Y-102.1522
G1 X304.3568 Y-102.1987
G1 X304.4332 Y-102.2909
G1 X304.4924 Y-102.3638
G1 X304.6095 Y-102.5114
G1 X304.6123 Y-102.5152
G1 X304.6590 Y-102.5754
G1 X304.6623 Y-102.5799
G1 X304.7309 Y-102.6698
G1 X304.8013 Y-102.7641
G1 X304.8010 Y-102.7641
G1 X304.8792 Y-102.8713
G1 X304.9273 Y-102.9386
G1 X305.0245 Y-103.0775
G1 X305.1160 Y-103.2126
G1 X305.1302 Y-103.2342
G1 X305.1322 Y-103.2373
G1 X305.1990 Y-103.3389
G1 X305.3037 Y-103.5032
G1 X305.3039 Y-103.5032
G1 X305.3240 Y-103.5355
G1 X305.3834 Y-103.6323
G1 X305.4665 Y-103.7704
G1 X305.4728 Y-103.7811
G1 X305.5353 Y-103.8880
G1 X305.5953 Y-103.9929
G1 X305.6606 Y-104.1105
G1 X305.6974 Y-104.1778
G1 X305.7693 Y-104.3130
G1 X305.8452 Y-104.4593
G1 X305.9222 Y-104.6137
G1 X305.9478 Y-104.6663
G1 X305.9577 Y-104.6853
G1 X305.9869 Y-104.7458
G1 X305.9966 Y-104.7671
G1 X306.0560 Y-104.8934
G1 X306.1002 Y-104.9886
G1 X306.1185 Y-105.0287
G1 X306.1907 Y-105.1921
G1 X306.2369 Y-105.3005
G1 X306.2854 Y-105.4169
G1 X306.3370 Y-105.5421
G1 X306.3636 Y-105.6089
G1 X306.3659 Y-105.6150
G1 X306.4228 Y-105.7610
G1 X306.4507 Y-105.8339
G1 X306.4561 Y-105.8492
G1 X306.5015 Y-105.9716
G1 X306.5419 Y-106.0826
G1 X306.5747 Y-106.1748
G1 X306.5793 Y-106.1885
G1 X306.6125 Y-106.2853
G1 X306.6542 Y-106.4092
G1 X306.6560 Y-106.4138
G1 X306.7101 Y-106.5804
G1 X306.7441 Y-106.6886
G1 X306.7749 Y-106.7890
G1 X306.8104 Y-106.9094
G1 X306.8640 Y-107.0955
G1 X306.8932 Y-107.2002
G1 X306.9466 Y-107.3996
G1 X306.9852 Y-107.5487
G1 X307.0146 Y-107.6686
G1 X307.0418 Y-107.7824
G1 X307.0565 Y-107.8451
G1 X307.0568 Y-107.8451
G1 X307.0903 Y-107.9932
G1 X307.1353 Y-108.2007
G1 X307.1680 Y-108.3582
G1 X307.1934 Y-108.4864
G1 X307.2227 Y-108.6414
G1 X307.2552 Y-108.8222
G1 X307.2889 Y-109.0201
G1 X307.3166 Y-109.1921
G1 X307.3314 Y-109.2878
G1 X307.3578 Y-109.4715
G1 X307.3588 Y-109.4798
G1 X307.3900 Y-109.7062
G1 X307.4017 Y-109.7986
G1 X307.4040 Y-109.8189
G1 X307.4256 Y-110.0005
G1 X307.4253 Y-110.0005
G1 X307.4444 Y-110.1715
G1 X307.4652 Y-110.3737
G1 X307.4800 Y-110.5322
G1 X307.4977 Y-110.7402
G1 X307.5125 Y-110.9363
G1 X307.5275 Y-111.1649
G1 X307.5407 Y-111.4059
G1 X307.5508 Y-111.6292
G1 X307.5597 Y-111.8725
G1 X307.5605 Y-111.8840
G1 X307.5628 Y-111.9525
G1 X307.5628 Y-111.9774
G1 X307.5668 Y-112.1580
G1 X307.5671 Y-112.1580
G1 X307.5696 Y-112.3536
G1 X307.5711 Y-112.5654
G1 X307.5706 Y-112.7282
G1 X307.5696 Y-112.8309
G1 X307.1853 Y-112.8387
G1 X305.2846 Y-112.8827
G1 X303.5899 Y-112.9251
G1 X301.9946 Y-112.9688
G1 X300.3436 Y-113.0183
G1 X298.4640 Y-113.0785
G1 X296.9301 Y-113.1311
G1 X295.7703 Y-113.1745
G1 X294.2171 Y-113.2345
G1 X293.2460 Y-113.2754
G1 X292.0779 Y-113.3254
G1 X290.5364 Y-113.3968
G1 X289.2019 Y-113.4631
G1 X287.8907 Y-113.5327
G1 X287.1485 Y-113.5743
G1 X286.2356 Y-113.6274
G1 X285.5199 Y-113.6716
G1 X285.1633 Y-113.6947
G1 X284.6329 Y-113.7295
G1 X283.9413 Y-113.7765
G1 X283.4264 Y-113.8131
G1 X282.7640 Y-113.8619
G1 X282.2605 Y-113.9005
G1 X281.6154 Y-113.9528
G1 X280.9987 Y-114.0061
G1 X280.6784 Y-114.0346
G1 X280.0850 Y-114.0899
G1 X279.7825 Y-114.1192
G1 X279.3510 Y-114.1631
G1 X279.2451 Y-114.1743
G1 X279.2303 Y-114.0684
G1 X279.2174 Y-113.9693
G1 X279.1869 Y-113.7148
G1 X279.1752 Y-113.6071
G1 X279.1590 Y-113.4524
G1 X279.1447 Y-113.3117
G1 X279.1445 Y-113.3117
G1 X279.1358 Y-113.2218
G1 X279.1356 Y-113.2142
G1 X279.1163 Y-112.9886
G1 X279.1059 Y-112.8545
G1 X279.0960 Y-112.7176
G1 X279.0822 Y-112.5083
G1 X279.0772 Y-112.4204
G1 X279.0767 Y-112.4059
G1 X279.0680 Y-112.2365
G1 X279.0614 Y-112.0950
G1 X279.0553 Y-111.9467
G1 X279.0507 Y-111.8144
G1 X279.0469 Y-111.6772
G1 X279.0469 Y-111.6711
G1 X279.0426 Y-111.5052
G1 X279.0403 Y-111.3584
G1 X279.0406 Y-111.3310
G1 X279.0391 Y-111.1486
G1 X279.0388 Y-110.9713
G1 X279.0401 Y-110.8105
G1 X279.0429 Y-110.5781
G1 X279.0454 Y-110.4362
G1 X279.0459 Y-110.4298
G1 X279.0462 Y-110.4181
G1 X279.0495 Y-110.2898
G1 X279.0579 Y-110.0496
G1 X279.0642 Y-109.8997
G1 X279.0642 Y-109.8880
G1 X279.0690 Y-109.7915
G1 X279.0708 Y-109.7633
G1 X279.0792 Y-109.6033
G1 X279.0886 Y-109.4476
G1 X279.0888 Y-109.4425
G1 X279.0929 Y-109.3787
G1 X279.0937 Y-109.3701
G1 X279.1076 Y-109.1697
G1 X279.1092 Y-109.1542
G1 X279.1236 Y-108.9701
G1 X279.1244 Y-108.9574
G1 X279.1341 Y-108.8443
G1 X279.1546 Y-108.6216
G1 X279.1803 Y-108.3699
G1 X280.4424 Y-108.5108
G1 X280.4671 Y-108.2909
G1 X280.4823 Y-108.1634
G1 X280.5125 Y-107.9271
G1 X280.5300 Y-107.7984
G1 X280.5514 Y-107.6490
G1 X280.5755 Y-107.4882
G1 X280.5938 Y-107.3714
G1 X280.6197 Y-107.2139
G1 X280.6497 Y-107.0353
G1 X280.6730 Y-106.9038
G1 X280.6911 Y-106.8052
G1 X280.6924 Y-106.7994
G1 X280.7142 Y-106.6866
G1 X280.7203 Y-106.6579
G1 X280.7525 Y-106.4969
G1 X280.7523 Y-106.4969
G1 X280.7889 Y-106.3188
G1 X280.8229 Y-106.1631
G1 X280.8242 Y-106.1583
G1 X280.8567 Y-106.0140
G1 X280.8928 Y-105.8598
G1 X280.8953 Y-105.8476
G1 X280.9276 Y-105.7148
G1 X280.9453 Y-105.6432
G1 X280.9530 Y-105.6152
G1 X280.9954 Y-105.4501
G1 X281.0261 Y-105.3343
G1 X281.0294 Y-105.3219
G1 X281.0353 Y-105.3003
G1 X281.0373 Y-105.2927
G1 X281.0426 Y-105.2746
G1 X281.0894 Y-105.1070
G1 X281.1224 Y-104.9917
G1 X281.1569 Y-104.8746
G1 X281.2306 Y-104.6348
G1 X281.2346 Y-104.6206
G1 X281.2382 Y-104.6104
G1 X281.2578 Y-104.5500
G1 X281.2611 Y-104.5406
G1 X281.3180 Y-104.3666
G1 X281.3225 Y-104.3539
G1 X281.3784 Y-104.1900
G1 X281.4127 Y-104.0928
G1 X281.4665 Y-103.9432
G1 X281.4724 Y-103.9271
G1 X281.4919 Y-103.8738
G1 X281.4988 Y-103.8568
G1 X281.5554 Y-103.7074
G1 X281.5908 Y-103.6173
G1 X281.6553 Y-103.4570
G1 X281.6639 Y-103.4354
G1 X281.7221 Y-103.2960
G1 X281.7249 Y-103.2894
G1 X281.7256 Y-103.2876
G1 X281.7576 Y-103.2126
G1 X281.7655 Y-103.1954
G1 X281.8214 Y-103.0684
G1 X281.8755 Y-102.9487
G1 X281.8889 Y-102.9195
G1 X281.9733 Y-102.7397
G1 X281.9956 Y-102.6935
G1 X281.9971 Y-102.6907
G1 X282.0520 Y-102.5792
G1 X282.1264 Y-102.4329
G1 X282.1300 Y-102.4252
G1 X282.1363 Y-102.4133
G1 X282.1953 Y-102.3013
G1 X282.1983 Y-102.2960
G1 X282.2600 Y-102.1817
G1 X282.2598 Y-102.1817
G1 X282.3329 Y-102.0496
G1 X282.3599 Y-102.0021
G1 X282.3728 Y-101.9802
G1 X282.3726 Y-101.9802
G1 X282.3835 Y-101.9625
G1 X282.4853 Y-101.7895
G1 X282.5184 Y-101.7351
G1 X282.5417 Y-101.6968
G1 X282.6220 Y-101.5688
G1 X282.6240 Y-101.5655
G1 X282.6700 Y-101.4943
G1 X282.6738 Y-101.4887
G1 X282.6771 Y-101.4837
G1 X282.7612 Y-101.3579
G1 X282.8097 Y-101.2871
G1 X282.8130 Y-101.2828
G1 X282.8536 Y-101.2238
G1 X282.8879 Y-101.1753
G1 X282.8955 Y-101.1646
G1 X282.9857 Y-101.0407
G1 X283.0721 Y-100.9261
G1 X283.1275 Y-100.8545
G1 X283.1356 Y-100.8449
G1 X283.1691 Y-100.8024
G1 X283.1767 Y-100.7920
G1 X283.1861 Y-100.7806
G1 X283.2461 Y-100.7064
G1 X283.3423 Y-100.5919
G1 X283.3426 Y-100.5916
G1 X283.4498 Y-100.4684
G1 X283.4820 Y-100.4324
G1 X283.4869 Y-100.4273
G1 X283.5232 Y-100.3871
G1 X283.5354 Y-100.3737
G1 X283.6471 Y-100.2548
G1 X283.6525 Y-100.2492
G1 X283.6555 Y-100.2459
G1 X283.7017 Y-100.1987
G1 X283.7172 Y-100.1837
G1 X283.7711 Y-100.1298
G1 X283.7868 Y-100.1133
G1 X283.7955 Y-100.1052
G1 X283.8615 Y-100.0407
G1 X283.8887 Y-100.0148
G1 X283.9354 Y-99.9711
G1 X283.9423 Y-99.9647
G1 X283.9672 Y-99.9421
G1 X283.9954 Y-99.9157
G1 X284.0022 Y-99.9099
G1 X284.0543 Y-99.8629
G1 X284.0779 Y-99.8418
G1 X284.0779 Y-99.8421
G1 X284.1102 Y-99.8136
G1 X284.1805 Y-99.7534
G1 X284.2397 Y-99.7039
G1 X284.2933 Y-99.6602
G1 X284.3030 Y-99.6521
G1 X284.3060 Y-99.6495
G1 X284.3063 Y-99.6498
G1 X284.3792 Y-99.5921
G1 X284.3896 Y-99.5835
G1 X284.5008 Y-99.4984
G1 X284.5628 Y-99.4527
G1 X284.5684 Y-99.4486
G1 X284.5768 Y-99.4428
G1 X284.6235 Y-99.4093
G1 X284.6583 Y-99.3849
G1 X284.7299 Y-99.3351
G1 X284.7853 Y-99.2972
G1 X284.8011 Y-99.2873
G1 X284.8872 Y-99.2309
G1 X284.8976 Y-99.2246
G1 X284.9573 Y-99.1867
G1 X285.0027 Y-99.1580
G1 X285.0258 Y-99.1438
G1 X285.1076 Y-99.0956
G1 X285.1544 Y-99.0681
G1 X285.1975 Y-99.0435
G1 X285.2357 Y-99.0219
G1 X285.2743 Y-99.0008
G1 X285.3309 Y-98.9698
G1 X285.3423 Y-98.9637
G1 X285.4320 Y-98.9167
G1 X285.4416 Y-98.9112
G1 X285.4617 Y-98.9010
G1 X285.4752 Y-98.8944
G1 X285.5575 Y-98.8535
G1 X285.6603 Y-98.8035
G1 X285.6766 Y-98.7958
G1 X285.6766 Y-98.7961
G1 X285.7190 Y-98.7765
G1 X285.7779 Y-98.7496
G1 X285.7878 Y-98.7455
G1 X285.8508 Y-98.7174
G1 X285.8559 Y-98.7148
G1 X285.8752 Y-98.7064
G1 X285.9105 Y-98.6914
G1 X286.0010 Y-98.6536
G1 X286.0116 Y-98.6493
G1 X286.0164 Y-98.6475
G1 X286.0675 Y-98.6269
G1 X286.0675 Y-98.6267
G1 X286.1379 Y-98.5990
G1 X286.1379 Y-98.5992
G1 X286.1691 Y-98.5873
G1 X286.1752 Y-98.5850
G1 X286.2412 Y-98.5601
G1 X286.2412 Y-98.5599
G1 X286.2748 Y-98.5474
G1 X286.3192 Y-98.5314
G1 X286.4574 Y-98.4834
G1 X286.4716 Y-98.4788
G1 X286.5722 Y-98.4458
G1 X286.5796 Y-98.4430
G1 X286.5968 Y-98.4377
G1 X286.6875 Y-98.4093
G1 X286.6949 Y-98.4067
G1 X286.7124 Y-98.4014
G1 X286.7172 Y-98.4001
G1 X286.7995 Y-98.3755
G1 X286.8071 Y-98.3734
G1 X286.9016 Y-98.3468
G1 X286.9016 Y-98.3470
G1 X286.9728 Y-98.3272
G1 X286.9786 Y-98.3254
G1 X287.0218 Y-98.3140
G1 X287.0827 Y-98.2983
G1 X287.1262 Y-98.2873
G1 X287.1991 Y-98.2696
G1 X287.2095 Y-98.2665
G1 X287.2905 Y-98.2472
G1 X287.2999 Y-98.2454
G1 X287.4175 Y-98.2193
G1 X287.4912 Y-98.2027
G1 X287.4919 Y-98.2027
G1 X287.4940 Y-98.2022
G1 X287.5097 Y-98.1994
G1 X287.5938 Y-98.1824
G1 X287.6619 Y-98.1692
G1 X287.7723 Y-98.1484
G1 X287.7833 Y-98.1461
G1 X287.8003 Y-98.1431
G1 X287.8610 Y-98.1324
G1 X287.8706 Y-98.1311
G1 X287.9169 Y-98.1232
G1 X287.9225 Y-98.1225
G1 X288.0022 Y-98.1098
G1 X288.0977 Y-98.0951
G1 X288.1081 Y-98.0933
G1 X288.1432 Y-98.0884
G1 X288.2346 Y-98.0752
G1 X288.2389 Y-98.0747
G1 X288.2964 Y-98.0671
G1 X288.3654 Y-98.0582
G1 X288.4617 Y-98.0465
G1 X288.4688 Y-98.0458
G1 X288.5295 Y-98.0387
G1 X288.6052 Y-98.0308
G1 X288.6997 Y-98.0209
G1 X288.7566 Y-98.0158
G1 X288.7645 Y-98.0150
G1 X288.7665 Y-98.0148
G1 X288.8374 Y-98.0084
G1 X288.8374 Y-98.0087
G1 X288.9529 Y-97.9993
G1 X289.0388 Y-97.9922
G1 X289.0677 Y-97.9904
G1 X289.1810 Y-97.9835
G1 X289.2496 Y-97.9797
G1 X289.3705 Y-97.9736
G1 X289.4587 Y-97.9696
G1 X289.4932 Y-97.9681
G1 X289.5117 Y-97.9678
G1 X289.6268 Y-97.9642
G1 X289.7129 Y-97.9617
G1 X289.8292 Y-97.9592
G1 X289.8458 Y-97.9587
G1 X289.8729 Y-97.9589
G1 X290.0124 Y-97.9576
G1 X290.0794 Y-97.9574
G1 X290.1460 Y-97.9576
G1 X290.2725 Y-97.9589
G1 X290.3253 Y-97.9594
G1 X290.3286 Y-97.9597
G1 X290.5872 Y-97.9658
G1 X290.7909 Y-97.9729
G1 X290.8460 Y-97.9752
G1 X290.8460 Y-97.9754
G1 X290.9984 Y-97.9825
G1 X291.0365 Y-97.9853
G1 X291.1739 Y-97.9937
G1 X291.1792 Y-97.9940
G1 X291.2666 Y-97.9995
G1 X291.2722 Y-98.0001
G1 X291.3918 Y-98.0084
G1 X291.4007 Y-98.0087
G1 X291.4559 Y-98.0133
G1 X291.5755 Y-98.0232
G1 X291.7030 Y-98.0343
G1 X291.7942 Y-98.0425
G1 X291.8092 Y-98.0443
G1 X291.8844 Y-98.0514
G1 X291.9087 Y-98.0544
G1 X292.0540 Y-98.0689
G1 X292.1259 Y-98.0765
G1 X292.1356 Y-98.0780
G1 X292.2669 Y-98.0930
G1 X292.3553 Y-98.1037
G1 X292.4800 Y-98.1192
G1 X292.6019 Y-98.1349
G1 X292.8849 Y-98.1733
G1 X292.8849 Y-98.1730
G1 X292.9631 Y-98.1840
G1 X293.2255 Y-98.2226
G1 X293.2407 Y-98.2251
G1 X293.3116 Y-98.2358
G1 X293.3352 Y-98.2398
G1 X293.5018 Y-98.2657
G1 X293.5115 Y-98.2670
G1 X293.5986 Y-98.2810
G1 X293.6390 Y-98.2876
G1 X293.6837 Y-98.2957
G1 X293.9908 Y-98.3475
G1 X294.0314 Y-98.3554
G1 X294.1345 Y-98.3742
G1 X294.3817 Y-98.4207
G1 X294.6291 Y-98.4694
G1 X294.7020 Y-98.4844
G1 X294.8424 Y-98.5131
G1 X294.8424 Y-98.5134
G1 X294.9583 Y-98.5378
G1 X295.1366 Y-98.5769
G1 X295.3616 Y-98.6285
G1 X295.4754 Y-98.6551
G1 X295.6883 Y-98.7064
G1 X295.7599 Y-98.7242
G1 X295.9545 Y-98.7740
G1 X296.1886 Y-98.8360
G1 X296.3654 Y-98.8845
G1 X296.5602 Y-98.9401
G1 X296.6756 Y-98.9731
G1 X296.8302 Y-99.0196
G1 X296.9362 Y-99.0521
G1 X297.0842 Y-99.0986
G1 X297.1048 Y-99.1055
G1 X297.1970 Y-99.1347
G1 X297.2082 Y-99.1385
G1 X297.3733 Y-99.1926
G1 X297.3796 Y-99.1949
G1 X297.4876 Y-99.2309
G1 X297.6362 Y-99.2822
G1 X297.6362 Y-99.2825
G1 X297.7632 Y-99.3275
G1 X297.7756 Y-99.3323
G1 X298.0266 Y-99.4240
G1 X298.0398 Y-99.4291
G1 X298.2199 Y-99.4979
G1 X298.3967 Y-99.5677
G1 X298.5221 Y-99.6185
G1 X298.7200 Y-99.7008
G1 X298.7495 Y-99.7138
G1 X298.8823 Y-99.7709
G1 X298.8848 Y-99.7720
G1 X298.8996 Y-99.7783
G1 X298.9278 Y-99.7910
G1 X298.9547 Y-99.8035
G1 X299.1777 Y-99.9035
G1 X299.1833 Y-99.9061
G1 X299.1833 Y-99.9063
G1 X299.3479 Y-99.9838
G1 X299.3530 Y-99.9863
G1 X299.4185 Y-100.0178
G1 X299.4185 Y-100.0176
G1 X299.4820 Y-100.0486
G1 X299.5379 Y-100.0763
G1 X299.7225 Y-100.1687
G1 X299.8213 Y-100.2195
G1 X299.9676 Y-100.2970
G1 X300.0911 Y-100.3635
G1 X300.1935 Y-100.4209
G1 X300.3131 Y-100.4882
G1 X300.3146 Y-100.4890
G1 X300.3786 Y-100.5261
G1 X300.4665 Y-100.5776
G1 X300.4698 Y-100.5794
G1 X300.5872 Y-100.6495
G1 X300.6263 Y-100.6732
G1 X300.7421 Y-100.7445
G1 X300.8838 Y-100.8344
G1 X300.8909 Y-100.8388
G1 X300.9715 Y-100.8911
G1 X301.0939 Y-100.9724
G1 X301.0939 Y-100.9726
G1 X301.1523 Y-101.0117
G1 X301.2455 Y-101.0757
G1 X301.3286 Y-101.1339
G1 X301.3428 Y-101.1448
G1 X301.4800 Y-101.2434
G1 X301.4863 Y-101.2477
G1 X301.6138 Y-101.3422
G1 X301.6181 Y-101.3455
G1 X301.6217 Y-101.3480
G1 X301.7144 Y-101.4186
G1 X301.7368 Y-101.4367
G1 X301.8206 Y-101.5017
G1 X301.9044 Y-101.5682
G1 X301.9295 Y-101.5886
G1 X302.0347 Y-101.6752
G1 X302.0819 Y-101.7140
G1 X302.0880 Y-101.7194
G1 X302.1312 Y-101.7560
G1 X302.1348 Y-101.7590
G1 X302.1409 Y-101.7643
G1 X302.2884 Y-101.8924
G1 X302.3979 Y-101.9907
G1 X302.4462 Y-102.0343
G1 X302.5145 Y-102.0976
G1 X302.5394 Y-102.1210
G1 X302.6407 Y-102.2180
G1 X302.6948 Y-102.2701
G1 X302.6984 Y-102.2739
G1 X302.7319 Y-102.3074
G1 X302.8597 Y-102.4362
G1 X302.8599 Y-102.4359
G1 X302.9328 Y-102.5111
G1 X302.9359 Y-102.5141
G1 X303.0484 Y-102.6338
G1 X303.0822 Y-102.6704
G1 X303.1226 Y-102.7151
G1 X303.2135 Y-102.8169
G1 X303.2463 Y-102.8540
G1 X303.3113 Y-102.9292
G1 X303.3458 Y-102.9698
G1 X303.3791 Y-103.0094
G1 X303.4556 Y-103.1016
G1 X303.4975 Y-103.1532
G1 X303.6108 Y-103.2960
G1 X303.6458 Y-103.3412
G1 X303.6524 Y-103.3501
G1 X303.7210 Y-103.4400
G1 X303.7685 Y-103.5032
G1 X303.7751 Y-103.5129
G1 X303.8533 Y-103.6201
G1 X303.8869 Y-103.6671
G1 X303.9842 Y-103.8060
G1 X304.0642 Y-103.9244
G1 X304.0710 Y-103.9350
G1 X304.1277 Y-104.0211
G1 X304.2323 Y-104.1855
G1 X304.2351 Y-104.1895
G1 X304.2417 Y-104.2002
G1 X304.3011 Y-104.2970
G1 X304.3763 Y-104.4219
G1 X304.4388 Y-104.5289
G1 X304.4848 Y-104.6094
G1 X304.5501 Y-104.7270
G1 X304.5503 Y-104.7270
G1 X304.5762 Y-104.7742
G1 X304.6420 Y-104.8982
G1 X304.7180 Y-105.0445
G1 X304.7807 Y-105.1707
G1 X304.8211 Y-105.2523
G1 X304.8231 Y-105.2561
G1 X304.8338 Y-105.2784
G1 X304.8475 Y-105.3081
G1 X304.9039 Y-105.4278
G1 X304.9445 Y-105.5152
G1 X304.9567 Y-105.5418
G1 X305.0289 Y-105.7051
G1 X305.0647 Y-105.7895
G1 X305.1132 Y-105.9058
G1 X305.1134 Y-105.9058
G1 X305.1574 Y-106.0130
G1 X305.1787 Y-106.0663
G1 X305.1825 Y-106.0760
G1 X305.2369 Y-106.2154
G1 X305.2595 Y-106.2741
G1 X305.2656 Y-106.2914
G1 X305.3080 Y-106.4059
G1 X305.3484 Y-106.5169
G1 X305.3486 Y-106.5169
G1 X305.3712 Y-106.5804
G1 X305.3784 Y-106.6015
G1 X305.4088 Y-106.6899
G1 X305.4086 Y-106.6899
G1 X305.4502 Y-106.8139
G1 X305.4528 Y-106.8205
G1 X305.4985 Y-106.9614
G1 X305.5297 Y-107.0605
G1 X305.5605 Y-107.1608
G1 X305.5899 Y-107.2606
G1 X305.6407 Y-107.4369
G1 X305.6699 Y-107.5416
G1 X305.7172 Y-107.7178
G1 X305.7517 Y-107.8517
G1 X305.7812 Y-107.9716
G1 X305.8053 Y-108.0727
G1 X305.8201 Y-108.1354
G1 X305.8213 Y-108.1402
G1 X305.8490 Y-108.2622
G1 X305.8940 Y-108.4697
G1 X305.9222 Y-108.6048
G1 X305.9476 Y-108.7331
G1 X305.9727 Y-108.8662
G1 X306.0032 Y-109.0358
G1 X306.0370 Y-109.2337
G1 X306.0614 Y-109.3851
G1 X306.0758 Y-109.4783
G1 X306.0969 Y-109.6251
G1 X306.1007 Y-109.6536
G1 X306.1299 Y-109.8654
G1 X306.1416 Y-109.9579
G1 X306.1429 Y-109.9688
G1 X306.1627 Y-110.1344
G1 X306.1632 Y-110.1413
G1 X306.1810 Y-110.3015
G1 X306.2006 Y-110.4913
G1 X306.2145 Y-110.6404
G1 X306.2313 Y-110.8354
G1 X306.2460 Y-111.0315
G1 X306.2595 Y-111.2345
G1 X306.2592 Y-111.2345
G1 X306.2724 Y-111.4755
G1 X306.2778 Y-111.5893
G1 X305.2529 Y-111.6132
G1 X303.5551 Y-111.6556
G1 X301.9565 Y-111.6993
G1 X300.3029 Y-111.7491
G1 X298.4205 Y-111.8093
G1 X296.8826 Y-111.8621
G1 X295.7213 Y-111.9055
G1 X294.1637 Y-111.9655
G1 X293.1917 Y-112.0066
G1 X292.0192 Y-112.0567
G1 X290.4734 Y-112.1283
G1 X289.1345 Y-112.1948
G1 X287.8196 Y-112.2647
G1 X287.0749 Y-112.3064
G1 X286.1574 Y-112.3599
G1 X285.4378 Y-112.4041
G1 X285.0802 Y-112.4275
G1 X284.5468 Y-112.4623
G1 X283.8513 Y-112.5098
G1 X283.3332 Y-112.5464
G1 X282.6669 Y-112.5957
G1 X282.1579 Y-112.6345
G1 X281.5059 Y-112.6876
G1 X280.8864 Y-112.7412
G1 X280.5603 Y-112.7702
G1 X280.3746 Y-112.7874
G1 X280.3721 Y-112.7562
G1 X280.3627 Y-112.6259
G1 X280.3500 Y-112.4349
G1 X280.3502 Y-112.4349
G1 X280.3454 Y-112.3495
G1 X280.3451 Y-112.3412
G1 X280.3365 Y-112.1717
G1 X280.3301 Y-112.0358
G1 X280.3243 Y-111.8946
G1 X280.3200 Y-111.7704
G1 X280.3164 Y-111.6419
G1 X280.3164 Y-111.6381
G1 X280.3121 Y-111.4722
G1 X280.3103 Y-111.3584
G1 X280.3106 Y-111.3203
G1 X280.3091 Y-111.1380
G1 X280.3088 Y-110.9812
G1 X280.3101 Y-110.8258
G1 X280.3129 Y-110.5934
G1 X280.3149 Y-110.4717
G1 X280.3157 Y-110.4575
G1 X280.3159 Y-110.4458
G1 X280.3187 Y-110.3340
G1 X280.3268 Y-110.1034
G1 X280.3332 Y-109.9536
G1 X280.3334 Y-109.9340
G1 X280.3375 Y-109.8550
G1 X280.3390 Y-109.8299
G1 X280.3469 Y-109.6797
G1 X280.3563 Y-109.5233
G1 X280.3604 Y-109.4608
G1 X280.3606 Y-109.4585
G1 X280.3738 Y-109.2705
G1 X280.3754 Y-109.2538
G1 X280.3898 Y-109.0653
G1 X280.3987 Y-108.9612
G1 X280.4193 Y-108.7384
G1 X280.4424 Y-108.5108
G1 X281.7045 Y-108.6523
G1 X281.7282 Y-108.4415
G1 X281.7421 Y-108.3246
G1 X281.7724 Y-108.0884
G1 X281.7721 Y-108.0884
G1 X281.7873 Y-107.9779
G1 X281.8074 Y-107.8375
G1 X281.8303 Y-107.6846
G1 X281.8470 Y-107.5776
G1 X281.8722 Y-107.4242
G1 X281.8729 Y-107.4202
G1 X281.9001 Y-107.2573
G1 X281.9222 Y-107.1324
G1 X281.9370 Y-107.0519
G1 X281.9392 Y-107.0409
G1 X281.9596 Y-106.9355
G1 X281.9657 Y-106.9073
G1 X281.9979 Y-106.7463
G1 X281.9999 Y-106.7349
G1 X282.0297 Y-106.5901
G1 X282.0307 Y-106.5850
G1 X282.0317 Y-106.5804
G1 X282.0624 Y-106.4405
G1 X282.0632 Y-106.4374
G1 X282.0934 Y-106.3033
G1 X282.1295 Y-106.1474
G1 X282.1602 Y-106.0209
G1 X282.1780 Y-105.9497
G1 X282.1831 Y-105.9312
G1 X282.2230 Y-105.7758
G1 X282.2570 Y-105.6475
G1 X282.2590 Y-105.6396
G1 X282.2659 Y-105.6157
G1 X282.3103 Y-105.4565
G1 X282.3406 Y-105.3511
G1 X282.3710 Y-105.2474
G1 X282.4495 Y-104.9917
G1 X282.4640 Y-104.9470
G1 X282.4681 Y-104.9353
G1 X282.5206 Y-104.7742
G1 X282.5245 Y-104.7638
G1 X282.5763 Y-104.6122
G1 X282.6078 Y-104.5228
G1 X282.6596 Y-104.3788
G1 X282.6654 Y-104.3628
G1 X282.6652 Y-104.3628
G1 X282.6766 Y-104.3315
G1 X282.6863 Y-104.3071
G1 X282.7381 Y-104.1705
G1 X282.7734 Y-104.0803
G1 X282.8343 Y-103.9287
G1 X282.8361 Y-103.9244
G1 X282.8917 Y-103.7908
G1 X282.8943 Y-103.7849
G1 X282.8922 Y-103.7897
G1 X282.8935 Y-103.7864
G1 X282.9194 Y-103.7257
G1 X282.9281 Y-103.7069
G1 X282.9839 Y-103.5799
G1 X283.0289 Y-103.4804
G1 X283.0388 Y-103.4588
G1 X283.1231 Y-103.2789
G1 X283.1389 Y-103.2464
G1 X283.1841 Y-103.1550
G1 X283.2585 Y-103.0087
G1 X283.2631 Y-102.9993
G1 X283.3113 Y-102.9076
G1 X283.3159 Y-102.8995
G1 X283.3776 Y-102.7852
G1 X283.3812 Y-102.7783
G1 X283.4378 Y-102.6759
G1 X283.4617 Y-102.6338
G1 X283.4653 Y-102.6279
G1 X283.4673 Y-102.6244
G1 X283.4780 Y-102.6069
G1 X283.5798 Y-102.4339
G1 X283.6029 Y-102.3960
G1 X283.6263 Y-102.3577
G1 X283.6906 Y-102.2548
G1 X283.7327 Y-102.1895
G1 X283.7386 Y-102.1809
G1 X283.7419 Y-102.1758
G1 X283.8092 Y-102.0752
G1 X283.8513 Y-102.0135
G1 X283.8585 Y-102.0039
G1 X283.8991 Y-101.9449
G1 X283.9215 Y-101.9134
G1 X283.9291 Y-101.9028
G1 X283.9999 Y-101.8052
G1 X284.0863 Y-101.6907
G1 X284.1201 Y-101.6472
G1 X284.1320 Y-101.6325
G1 X284.1655 Y-101.5901
G1 X284.1752 Y-101.5774
G1 X284.2263 Y-101.5141
G1 X284.3098 Y-101.4148
G1 X284.4035 Y-101.3071
G1 X284.4226 Y-101.2855
G1 X284.4284 Y-101.2795
G1 X284.4648 Y-101.2393
G1 X284.5725 Y-101.1248
G1 X284.6037 Y-101.0930
G1 X284.6154 Y-101.0818
G1 X284.6799 Y-101.0166
G1 X284.6829 Y-101.0138
G1 X284.7490 Y-100.9493
G1 X284.7558 Y-100.9426
G1 X284.7983 Y-100.9030
G1 X284.8051 Y-100.8967
G1 X284.8356 Y-100.8690
G1 X284.8511 Y-100.8545
G1 X284.8531 Y-100.8527
G1 X284.9052 Y-100.8057
G1 X284.9133 Y-100.7981
G1 X284.9179 Y-100.7946
G1 X284.9359 Y-100.7786
G1 X284.9397 Y-100.7753
G1 X284.9430 Y-100.7725
G1 X285.0063 Y-100.7184
G1 X285.0421 Y-100.6884
G1 X285.0926 Y-100.6470
G1 X285.0942 Y-100.6460
G1 X285.1688 Y-100.5865
G1 X285.2725 Y-100.5073
G1 X285.3098 Y-100.4799
G1 X285.3172 Y-100.4748
G1 X285.3639 Y-100.4413
G1 X285.3832 Y-100.4278
G1 X285.4549 Y-100.3780
G1 X285.4851 Y-100.3572
G1 X285.4968 Y-100.3498
G1 X285.5717 Y-100.3008
G1 X285.5775 Y-100.2972
G1 X285.6352 Y-100.2607
G1 X285.6796 Y-100.2327
G1 X285.7505 Y-100.1908
G1 X285.7838 Y-100.1713
G1 X285.8270 Y-100.1466
G1 X285.8569 Y-100.1293
G1 X285.8839 Y-100.1149
G1 X285.9286 Y-100.0905
G1 X285.9319 Y-100.0887
G1 X286.0215 Y-100.0417
G1 X286.0327 Y-100.0356
G1 X286.0403 Y-100.0318
G1 X286.1226 Y-99.9909
G1 X286.1996 Y-99.9533
G1 X286.2085 Y-99.9495
G1 X286.2509 Y-99.9299
G1 X286.2928 Y-99.9106
G1 X286.3068 Y-99.9048
G1 X286.3698 Y-99.8766
G1 X286.3748 Y-99.8743
G1 X286.4068 Y-99.8606
G1 X286.4068 Y-99.8604
G1 X286.4772 Y-99.8309
G1 X286.4775 Y-99.8309
G1 X286.4808 Y-99.8296
G1 X286.4912 Y-99.8256
G1 X286.5422 Y-99.8050
G1 X286.5471 Y-99.8027
G1 X286.5846 Y-99.7880
G1 X286.5912 Y-99.7857
G1 X286.6151 Y-99.7765
G1 X286.6233 Y-99.7735
G1 X286.6893 Y-99.7486
G1 X286.7010 Y-99.7438
G1 X286.7050 Y-99.7422
G1 X286.7360 Y-99.7311
G1 X286.8579 Y-99.6886
G1 X286.8679 Y-99.6856
G1 X286.9684 Y-99.6526
G1 X286.9771 Y-99.6495
G1 X287.0678 Y-99.6206
G1 X287.0711 Y-99.6196
G1 X287.0815 Y-99.6168
G1 X287.1500 Y-99.5962
G1 X287.1521 Y-99.5957
G1 X287.2339 Y-99.5726
G1 X287.2425 Y-99.5705
G1 X287.3035 Y-99.5533
G1 X287.3466 Y-99.5418
G1 X287.4005 Y-99.5279
G1 X287.4272 Y-99.5213
G1 X287.5001 Y-99.5035
G1 X287.5209 Y-99.4979
G1 X287.5653 Y-99.4872
G1 X287.5758 Y-99.4852
G1 X287.6954 Y-99.4585
G1 X287.7464 Y-99.4471
G1 X287.7617 Y-99.4443
G1 X287.8458 Y-99.4273
G1 X287.8458 Y-99.4270
G1 X287.8971 Y-99.4171
G1 X288.0070 Y-99.3963
G1 X288.0718 Y-99.3849
G1 X288.0840 Y-99.3831
G1 X288.1168 Y-99.3775
G1 X288.1221 Y-99.3767
G1 X288.1958 Y-99.3651
G1 X288.2981 Y-99.3491
G1 X288.3248 Y-99.3455
G1 X288.4038 Y-99.3341
G1 X288.4061 Y-99.3338
G1 X288.4635 Y-99.3262
G1 X288.4635 Y-99.3259
G1 X288.5183 Y-99.3191
G1 X288.6146 Y-99.3074
G1 X288.6166 Y-99.3071
G1 X288.6715 Y-99.3008
G1 X288.7375 Y-99.2939
G1 X288.8275 Y-99.2845
G1 X288.8790 Y-99.2800
G1 X288.8872 Y-99.2789
G1 X288.9326 Y-99.2749
G1 X288.9402 Y-99.2746
G1 X289.0578 Y-99.2650
G1 X289.1267 Y-99.2594
G1 X289.1455 Y-99.2581
G1 X289.2577 Y-99.2513
G1 X289.3136 Y-99.2480
G1 X289.3136 Y-99.2482
G1 X289.4345 Y-99.2421
G1 X289.5171 Y-99.2383
G1 X289.5277 Y-99.2378
G1 X289.5509 Y-99.2373
G1 X289.6659 Y-99.2337
G1 X289.7447 Y-99.2314
G1 X289.8620 Y-99.2289
G1 X289.8846 Y-99.2289
G1 X290.0241 Y-99.2276
G1 X290.0794 Y-99.2274
G1 X290.1333 Y-99.2276
G1 X290.2603 Y-99.2289
G1 X290.2953 Y-99.2292
G1 X290.2986 Y-99.2294
G1 X290.5572 Y-99.2355
G1 X290.7383 Y-99.2419
G1 X290.7805 Y-99.2436
G1 X290.7868 Y-99.2442
G1 X290.9242 Y-99.2505
G1 X290.9593 Y-99.2530
G1 X291.0982 Y-99.2612
G1 X291.0982 Y-99.2614
G1 X291.1780 Y-99.2665
G1 X291.1836 Y-99.2670
G1 X291.3032 Y-99.2754
G1 X291.3149 Y-99.2759
G1 X291.3510 Y-99.2789
G1 X291.4645 Y-99.2883
G1 X291.5920 Y-99.2995
G1 X291.6667 Y-99.3061
G1 X291.6895 Y-99.3087
G1 X291.7581 Y-99.3153
G1 X291.7828 Y-99.3181
G1 X291.9202 Y-99.3318
G1 X291.9730 Y-99.3374
G1 X291.9915 Y-99.3399
G1 X292.1229 Y-99.3549
G1 X292.1988 Y-99.3640
G1 X292.3172 Y-99.3788
G1 X292.4312 Y-99.3935
G1 X292.7142 Y-99.4319
G1 X292.7231 Y-99.4329
G1 X292.7782 Y-99.4405
G1 X293.0406 Y-99.4791
G1 X293.0517 Y-99.4809
G1 X293.1013 Y-99.4882
G1 X293.1401 Y-99.4948
G1 X293.3103 Y-99.5208
G1 X293.3103 Y-99.5210
G1 X293.3974 Y-99.5350
G1 X293.3974 Y-99.5347
G1 X293.4233 Y-99.5390
G1 X293.4724 Y-99.5479
G1 X293.7594 Y-99.5964
G1 X293.8036 Y-99.6048
G1 X293.8998 Y-99.6224
G1 X294.1361 Y-99.6668
G1 X294.3771 Y-99.7143
G1 X294.4477 Y-99.7288
G1 X294.5709 Y-99.7539
G1 X294.5808 Y-99.7562
G1 X294.6966 Y-99.7806
G1 X294.8529 Y-99.8149
G1 X295.0779 Y-99.8665
G1 X295.1777 Y-99.8898
G1 X295.3822 Y-99.9391
G1 X295.4538 Y-99.9569
G1 X295.6296 Y-100.0018
G1 X295.8638 Y-100.0638
G1 X296.0220 Y-100.1072
G1 X296.2115 Y-100.1613
G1 X296.3261 Y-100.1941
G1 X296.4576 Y-100.2337
G1 X296.5559 Y-100.2640
G1 X296.7017 Y-100.3097
G1 X296.7213 Y-100.3163
G1 X296.8127 Y-100.3452
G1 X296.9692 Y-100.3965
G1 X296.9773 Y-100.3993
G1 X297.0731 Y-100.4313
G1 X297.2090 Y-100.4783
G1 X297.2123 Y-100.4796
G1 X297.3248 Y-100.5195
G1 X297.3398 Y-100.5251
G1 X297.5707 Y-100.6094
G1 X297.5864 Y-100.6152
G1 X297.7533 Y-100.6790
G1 X297.9202 Y-100.7450
G1 X298.0345 Y-100.7913
G1 X298.2267 Y-100.8713
G1 X298.2476 Y-100.8804
G1 X298.3779 Y-100.9360
G1 X298.3779 Y-100.9363
G1 X298.3822 Y-100.9383
G1 X298.3840 Y-100.9391
G1 X298.3987 Y-100.9457
G1 X298.4348 Y-100.9622
G1 X298.6425 Y-101.0554
G1 X298.7942 Y-101.1268
G1 X298.8028 Y-101.1311
G1 X298.8683 Y-101.1626
G1 X298.8770 Y-101.1664
G1 X298.9181 Y-101.1865
G1 X298.9692 Y-101.2119
G1 X299.1538 Y-101.3043
G1 X299.2293 Y-101.3432
G1 X299.3733 Y-101.4194
G1 X299.4751 Y-101.4743
G1 X299.5706 Y-101.5279
G1 X299.6903 Y-101.5952
G1 X299.6933 Y-101.5967
G1 X299.7360 Y-101.6216
G1 X299.8239 Y-101.6732
G1 X299.8328 Y-101.6782
G1 X299.9306 Y-101.7367
G1 X299.9600 Y-101.7544
G1 X300.0759 Y-101.8258
G1 X300.1990 Y-101.9038
G1 X300.2689 Y-101.9492
G1 X300.3791 Y-102.0224
G1 X300.3873 Y-102.0280
G1 X300.4457 Y-102.0671
G1 X300.5171 Y-102.1161
G1 X300.5813 Y-102.1611
G1 X300.6016 Y-102.1763
G1 X300.7380 Y-102.2739
G1 X300.8521 Y-102.3584
G1 X300.9351 Y-102.4217
G1 X300.9583 Y-102.4402
G1 X301.0421 Y-102.5053
G1 X301.1061 Y-102.5561
G1 X301.1312 Y-102.5764
G1 X301.2280 Y-102.6559
G1 X301.2580 Y-102.6805
G1 X301.2671 Y-102.6884
G1 X301.2984 Y-102.7148
G1 X301.3088 Y-102.7237
G1 X301.4449 Y-102.8418
G1 X301.5455 Y-102.9322
G1 X301.5938 Y-102.9759
G1 X301.5938 Y-102.9757
G1 X301.6453 Y-103.0234
G1 X301.6611 Y-103.0384
G1 X301.7601 Y-103.1331
G1 X301.7972 Y-103.1690
G1 X301.8302 Y-103.2020
G1 X301.9580 Y-103.3308
G1 X301.9615 Y-103.3341
G1 X302.0202 Y-103.3943
G1 X302.1233 Y-103.5040
G1 X302.1399 Y-103.5218
G1 X302.1752 Y-103.5609
G1 X302.2618 Y-103.6579
G1 X302.2857 Y-103.6848
G1 X302.3507 Y-103.7600
G1 X302.3781 Y-103.7923
G1 X302.4015 Y-103.8202
G1 X302.4779 Y-103.9124
G1 X302.5066 Y-103.9477
G1 X302.6070 Y-104.0742
G1 X302.6420 Y-104.1194
G1 X302.6425 Y-104.1202
G1 X302.7055 Y-104.2027
G1 X302.7416 Y-104.2507
G1 X302.7492 Y-104.2617
G1 X302.8274 Y-104.3689
G1 X302.8465 Y-104.3955
G1 X302.9438 Y-104.5345
G1 X303.0017 Y-104.6203
G1 X303.0101 Y-104.6330
G1 X303.0563 Y-104.7034
G1 X303.1609 Y-104.8677
G1 X303.1617 Y-104.8687
G1 X303.2188 Y-104.9617
G1 X303.2798 Y-105.0628
G1 X303.3423 Y-105.1697
G1 X303.3743 Y-105.2258
G1 X303.4396 Y-105.3435
G1 X303.4424 Y-105.3480
G1 X303.4543 Y-105.3696
G1 X303.5148 Y-105.4834
G1 X303.5856 Y-105.6198
G1 X303.6433 Y-105.7359
G1 X303.6435 Y-105.7359
G1 X303.6771 Y-105.8032
G1 X303.6806 Y-105.8106
G1 X303.6987 Y-105.8497
G1 X303.7523 Y-105.9635
G1 X303.7929 Y-106.0508
G1 X303.7931 Y-106.0508
G1 X303.7949 Y-106.0549
G1 X303.8671 Y-106.2182
G1 X303.8925 Y-106.2784
G1 X303.9410 Y-106.3948
G1 X303.9448 Y-106.4029
G1 X303.9788 Y-106.4862
G1 X303.9976 Y-106.5327
G1 X303.9974 Y-106.5327
G1 X303.9991 Y-106.5373
G1 X304.0517 Y-106.6721
G1 X304.0703 Y-106.7204
G1 X304.0746 Y-106.7323
G1 X304.1145 Y-106.8403
G1 X304.1548 Y-106.9513
G1 X304.1586 Y-106.9607
G1 X304.1678 Y-106.9863
G1 X304.1777 Y-107.0155
G1 X304.2023 Y-107.0872
G1 X304.2046 Y-107.0945
G1 X304.2463 Y-107.2185
G1 X304.2506 Y-107.2307
G1 X304.2905 Y-107.3534
G1 X304.3154 Y-107.4323
G1 X304.3461 Y-107.5327
G1 X304.3697 Y-107.6124
G1 X304.4175 Y-107.7783
G1 X304.4431 Y-107.8702
G1 X304.4904 Y-108.0465
G1 X304.4906 Y-108.0465
G1 X304.5186 Y-108.1547
G1 X304.5183 Y-108.1547
G1 X304.5478 Y-108.2746
G1 X304.5480 Y-108.2746
G1 X304.5691 Y-108.3630
G1 X304.5689 Y-108.3630
G1 X304.5831 Y-108.4214
G1 X304.5828 Y-108.4214
G1 X304.6077 Y-108.5312
G1 X304.6506 Y-108.7290
G1 X304.6763 Y-108.8514
G1 X304.7017 Y-108.9797
G1 X304.7228 Y-109.0907
G1 X304.7512 Y-109.2495
G1 X304.7850 Y-109.4473
G1 X304.8064 Y-109.5799
G1 X304.8208 Y-109.6731
G1 X304.8381 Y-109.7938
G1 X304.8427 Y-109.8271
G1 X304.8698 Y-110.0247
G1 X304.8800 Y-110.1047
G1 X304.8818 Y-110.1197
G1 X304.9001 Y-110.2726
G1 X304.9008 Y-110.2812
G1 X304.9087 Y-110.3516
G1 X303.5203 Y-110.3861
G1 X301.9184 Y-110.4298
G1 X300.2623 Y-110.4798
G1 X298.3768 Y-110.5400
G1 X296.8351 Y-110.5929
G1 X295.6725 Y-110.6366
G1 X294.1102 Y-110.6965
G1 X293.1376 Y-110.7379
G1 X291.9606 Y-110.7879
G1 X290.4104 Y-110.8598
G1 X289.0672 Y-110.9266
G1 X287.7487 Y-110.9967
G1 X287.0007 Y-111.0386
G1 X286.0794 Y-111.0922
G1 X285.3550 Y-111.1369
G1 X284.9974 Y-111.1603
G1 X284.4602 Y-111.1954
G1 X283.7619 Y-111.2429
G1 X283.2395 Y-111.2799
G1 X282.5702 Y-111.3295
G1 X282.0548 Y-111.3686
G1 X281.5811 Y-111.4074
G1 X281.5803 Y-111.3574
G1 X281.5806 Y-111.3097
G1 X281.5791 Y-111.1273
G1 X281.5788 Y-110.9916
G1 X281.5801 Y-110.8410
G1 X281.5829 Y-110.6086
G1 X281.5826 Y-110.6086
G1 X281.5844 Y-110.5149
G1 X281.5854 Y-110.4852
G1 X281.5857 Y-110.4735
G1 X281.5854 Y-110.4735
G1 X281.5880 Y-110.3787
G1 X281.5958 Y-110.1573
G1 X281.6032 Y-109.9701
G1 X281.6032 Y-109.9696
G1 X281.6052 Y-109.9317
G1 X281.6073 Y-109.8964
G1 X281.6146 Y-109.7559
G1 X281.6235 Y-109.6058
G1 X281.6240 Y-109.5995
G1 X281.6268 Y-109.5566
G1 X281.6276 Y-109.5474
G1 X281.6408 Y-109.3594
G1 X281.6415 Y-109.3511
G1 X281.6553 Y-109.1733
G1 X281.6634 Y-109.0780
G1 X281.6840 Y-108.8553
G1 X281.7045 Y-108.6523
G1 X282.9682 Y-108.7803
G1 X282.9893 Y-108.5924
G1 X283.0020 Y-108.4859
G1 X283.0322 Y-108.2497
G1 X283.0332 Y-108.2391
G1 X283.0446 Y-108.1575
G1 X283.0634 Y-108.0252
G1 X283.0850 Y-107.8812
G1 X283.1018 Y-107.7742
G1 X283.1244 Y-107.6363
G1 X283.1257 Y-107.6292
G1 X283.1508 Y-107.4786
G1 X283.1729 Y-107.3536
G1 X283.1727 Y-107.3536
G1 X283.1838 Y-107.2932
G1 X283.1864 Y-107.2812
G1 X283.2052 Y-107.1834
G1 X283.2110 Y-107.1568
G1 X283.2440 Y-106.9901
G1 X283.2727 Y-106.8507
G1 X283.3030 Y-106.7128
G1 X283.3324 Y-106.5825
G1 X283.3637 Y-106.4473
G1 X283.3924 Y-106.3290
G1 X283.4102 Y-106.2579
G1 X283.4132 Y-106.2467
G1 X283.4505 Y-106.1014
G1 X283.4823 Y-105.9810
G1 X283.4891 Y-105.9571
G1 X283.5336 Y-105.7979
G1 X283.5590 Y-105.7095
G1 X283.5895 Y-105.6058
G1 X283.6578 Y-105.3831
G1 X283.6723 Y-105.3384
G1 X283.6753 Y-105.3295
G1 X283.7233 Y-105.1829
G1 X283.7261 Y-105.1745
G1 X283.7741 Y-105.0341
G1 X283.8028 Y-104.9528
G1 X283.8526 Y-104.8144
G1 X283.8585 Y-104.7984
G1 X283.8605 Y-104.7923
G1 X283.8671 Y-104.7742
G1 X283.8737 Y-104.7575
G1 X283.9207 Y-104.6335
G1 X283.9560 Y-104.5434
G1 X284.0086 Y-104.4125
G1 X284.0086 Y-104.4123
G1 X284.0104 Y-104.4080
G1 X284.0617 Y-104.2850
G1 X284.0853 Y-104.2299
G1 X284.0906 Y-104.2185
G1 X284.1465 Y-104.0915
G1 X284.1864 Y-104.0031
G1 X284.1861 Y-104.0031
G1 X284.1887 Y-103.9980
G1 X284.2661 Y-103.8327
G1 X284.2684 Y-103.8281
G1 X284.2694 Y-103.8258
G1 X284.2819 Y-103.8001
G1 X284.3162 Y-103.7308
G1 X284.3870 Y-103.5909
G1 X284.4302 Y-103.5088
G1 X284.4335 Y-103.5030
G1 X284.4924 Y-103.3932
G1 X284.5430 Y-103.3018
G1 X284.5598 Y-103.2723
G1 X284.5725 Y-103.2513
G1 X284.6743 Y-103.0783
G1 X284.6875 Y-103.0569
G1 X284.7035 Y-103.0305
G1 X284.7678 Y-102.9277
G1 X284.7972 Y-102.8822
G1 X284.8580 Y-102.7915
G1 X284.8945 Y-102.7379
G1 X284.9039 Y-102.7250
G1 X284.9349 Y-102.6800
G1 X284.9550 Y-102.6516
G1 X284.9573 Y-102.6485
G1 X284.9626 Y-102.6409
G1 X285.0142 Y-102.5698
G1 X285.0170 Y-102.5660
G1 X285.0952 Y-102.4623
G1 X285.1186 Y-102.4324
G1 X285.1285 Y-102.4202
G1 X285.1635 Y-102.3752
G1 X285.2130 Y-102.3140
G1 X285.2776 Y-102.2373
G1 X285.3558 Y-102.1474
G1 X285.3616 Y-102.1408
G1 X285.3662 Y-102.1357
G1 X285.3700 Y-102.1316
G1 X285.3949 Y-102.1042
G1 X285.4909 Y-102.0021
G1 X285.5034 Y-101.9894
G1 X285.5186 Y-101.9746
G1 X285.5704 Y-101.9223
G1 X285.6352 Y-101.8591
G1 X285.6591 Y-101.8367
G1 X285.6641 Y-101.8322
G1 X285.6611 Y-101.8349
G1 X285.6680 Y-101.8286
G1 X285.7028 Y-101.7968
G1 X285.7068 Y-101.7930
G1 X285.7546 Y-101.7496
G1 X285.7609 Y-101.7445
G1 X285.7744 Y-101.7326
G1 X285.8318 Y-101.6836
G1 X285.8468 Y-101.6709
G1 X285.8844 Y-101.6401
G1 X285.8851 Y-101.6396
G1 X285.9545 Y-101.5845
G1 X286.0426 Y-101.5172
G1 X286.0451 Y-101.5154
G1 X286.0576 Y-101.5068
G1 X286.1043 Y-101.4733
G1 X286.1081 Y-101.4705
G1 X286.1081 Y-101.4707
G1 X286.1798 Y-101.4209
G1 X286.1871 Y-101.4156
G1 X286.1920 Y-101.4125
G1 X286.2565 Y-101.3704
G1 X286.2577 Y-101.3696
G1 X286.3111 Y-101.3358
G1 X286.3398 Y-101.3178
G1 X286.3941 Y-101.2858
G1 X286.4274 Y-101.2662
G1 X286.4609 Y-101.2469
G1 X286.4742 Y-101.2393
G1 X286.5214 Y-101.2137
G1 X286.6055 Y-101.1692
G1 X286.6878 Y-101.1283
G1 X286.7337 Y-101.1057
G1 X286.7403 Y-101.1029
G1 X286.7828 Y-101.0834
G1 X286.7828 Y-101.0831
G1 X286.8054 Y-101.0727
G1 X286.8257 Y-101.0641
G1 X286.8851 Y-101.0374
G1 X286.9072 Y-101.0280
G1 X286.9141 Y-101.0247
G1 X286.9468 Y-101.0110
G1 X286.9659 Y-101.0036
G1 X287.0170 Y-100.9830
G1 X287.0286 Y-100.9780
G1 X287.0337 Y-100.9759
G1 X287.0454 Y-100.9716
G1 X287.0611 Y-100.9655
G1 X287.0611 Y-100.9658
G1 X287.0713 Y-100.9620
G1 X287.1470 Y-100.9327
G1 X287.1470 Y-100.9330
G1 X287.1511 Y-100.9315
G1 X287.1511 Y-100.9312
G1 X287.1533 Y-100.9305
G1 X287.2527 Y-100.8959
G1 X287.2641 Y-100.8924
G1 X287.3672 Y-100.8581
G1 X287.4373 Y-100.8357
G1 X287.4465 Y-100.8332
G1 X287.4955 Y-100.8184
G1 X287.4975 Y-100.8179
G1 X287.5742 Y-100.7963
G1 X287.5887 Y-100.7925
G1 X287.6393 Y-100.7783
G1 X287.6657 Y-100.7712
G1 X287.7195 Y-100.7572
G1 X287.7282 Y-100.7549
G1 X287.7282 Y-100.7552
G1 X287.8292 Y-100.7300
G1 X287.8318 Y-100.7293
G1 X287.8458 Y-100.7260
G1 X287.8521 Y-100.7247
G1 X287.9728 Y-100.6978
G1 X287.9997 Y-100.6917
G1 X288.0136 Y-100.6892
G1 X288.0977 Y-100.6721
G1 X288.1064 Y-100.6701
G1 X288.1333 Y-100.6648
G1 X288.1333 Y-100.6650
G1 X288.2387 Y-100.6450
G1 X288.2788 Y-100.6378
G1 X288.2976 Y-100.6351
G1 X288.3276 Y-100.6300
G1 X288.3919 Y-100.6198
G1 X288.4843 Y-100.6053
G1 X288.5067 Y-100.6023
G1 X288.5658 Y-100.5937
G1 X288.5732 Y-100.5929
G1 X288.6306 Y-100.5853
G1 X288.6413 Y-100.5835
G1 X288.6713 Y-100.5797
G1 X288.6713 Y-100.5799
G1 X288.7627 Y-100.5688
G1 X288.8176 Y-100.5624
G1 X288.8696 Y-100.5571
G1 X288.9583 Y-100.5479
G1 X288.9913 Y-100.5449
G1 X289.0040 Y-100.5436
G1 X289.0324 Y-100.5411
G1 X289.0441 Y-100.5403
G1 X289.1607 Y-100.5307
G1 X289.1607 Y-100.5309
G1 X289.2219 Y-100.5258
G1 X289.2293 Y-100.5253
G1 X289.3352 Y-100.5190
G1 X289.3352 Y-100.5187
G1 X289.3649 Y-100.5172
G1 X289.3776 Y-100.5167
G1 X289.4985 Y-100.5106
G1 X289.5669 Y-100.5073
G1 X289.5900 Y-100.5068
G1 X289.7050 Y-100.5032
G1 X289.7746 Y-100.5012
G1 X289.8778 Y-100.4989
G1 X289.8963 Y-100.4989
G1 X290.0357 Y-100.4976
G1 X290.0792 Y-100.4974
G1 X290.1206 Y-100.4976
G1 X290.2511 Y-100.4989
G1 X290.2659 Y-100.4989
G1 X290.2687 Y-100.4992
G1 X290.5272 Y-100.5053
G1 X290.6847 Y-100.5108
G1 X290.7195 Y-100.5124
G1 X290.7281 Y-100.5129
G1 X290.8562 Y-100.5187
G1 X290.8851 Y-100.5208
G1 X291.0060 Y-100.5279
G1 X291.0175 Y-100.5289
G1 X291.0888 Y-100.5335
G1 X291.0949 Y-100.5340
G1 X291.2146 Y-100.5418
G1 X291.2463 Y-100.5446
G1 X291.3535 Y-100.5535
G1 X291.4802 Y-100.5647
G1 X291.5506 Y-100.5710
G1 X291.5679 Y-100.5728
G1 X291.6314 Y-100.5789
G1 X291.6565 Y-100.5817
G1 X291.7911 Y-100.5952
G1 X291.8198 Y-100.5982
G1 X291.8475 Y-100.6018
G1 X291.9788 Y-100.6168
G1 X292.0418 Y-100.6244
G1 X292.1602 Y-100.6391
G1 X292.2605 Y-100.6521
G1 X292.5491 Y-100.6909
G1 X292.5933 Y-100.6970
G1 X292.8503 Y-100.7349
G1 X292.8648 Y-100.7372
G1 X292.9125 Y-100.7443
G1 X292.9489 Y-100.7504
G1 X293.1046 Y-100.7740
G1 X293.1091 Y-100.7750
G1 X293.1963 Y-100.7890
G1 X293.2026 Y-100.7897
G1 X293.2039 Y-100.7900
G1 X293.2608 Y-100.8002
G1 X293.5376 Y-100.8469
G1 X293.5760 Y-100.8543
G1 X293.6649 Y-100.8705
G1 X293.8932 Y-100.9134
G1 X294.1315 Y-100.9604
G1 X294.1937 Y-100.9731
G1 X294.3055 Y-100.9960
G1 X294.3192 Y-100.9990
G1 X294.4289 Y-101.0221
G1 X294.5724 Y-101.0536
G1 X294.7942 Y-101.1044
G1 X294.7942 Y-101.1042
G1 X294.8803 Y-101.1245
G1 X295.0761 Y-101.1718
G1 X295.1477 Y-101.1895
G1 X295.3047 Y-101.2297
G1 X295.5389 Y-101.2916
G1 X295.6786 Y-101.3300
G1 X295.8628 Y-101.3826
G1 X295.9598 Y-101.4103
G1 X296.0914 Y-101.4499
G1 X296.1759 Y-101.4758
G1 X296.3131 Y-101.5187
G1 X296.3380 Y-101.5271
G1 X296.4294 Y-101.5561
G1 X296.5666 Y-101.6010
G1 X296.5747 Y-101.6038
G1 X296.6705 Y-101.6358
G1 X296.7764 Y-101.6724
G1 X296.7881 Y-101.6767
G1 X296.8904 Y-101.7130
G1 X296.9042 Y-101.7181
G1 X297.1350 Y-101.8024
G1 X297.1358 Y-101.8027
G1 X297.3001 Y-101.8654
G1 X297.4439 Y-101.9223
G1 X297.5552 Y-101.9673
G1 X297.5582 Y-101.9686
G1 X297.7248 Y-102.0379
G1 X297.7490 Y-102.0486
G1 X297.8615 Y-102.0966
G1 X297.8645 Y-102.0978
G1 X297.8645 Y-102.0981
G1 X297.8793 Y-102.1047
G1 X297.9148 Y-102.1210
G1 X298.1157 Y-102.2111
G1 X298.2394 Y-102.2693
G1 X298.2526 Y-102.2759
G1 X298.3182 Y-102.3074
G1 X298.3327 Y-102.3140
G1 X298.3525 Y-102.3236
G1 X298.4005 Y-102.3475
G1 X298.5765 Y-102.4357
G1 X298.6405 Y-102.4684
G1 X298.7794 Y-102.5421
G1 X298.8655 Y-102.5883
G1 X298.9478 Y-102.6345
G1 X298.9478 Y-102.6348
G1 X299.0675 Y-102.7021
G1 X299.0718 Y-102.7044
G1 X299.0934 Y-102.7171
G1 X299.1937 Y-102.7758
G1 X299.1968 Y-102.7775
G1 X299.2745 Y-102.8240
G1 X299.2938 Y-102.8357
G1 X299.4096 Y-102.9071
G1 X299.5198 Y-102.9769
G1 X299.5666 Y-103.0074
G1 X299.6692 Y-103.0755
G1 X299.6806 Y-103.0834
G1 X299.7391 Y-103.1225
G1 X299.7891 Y-103.1568
G1 X299.8406 Y-103.1928
G1 X299.8630 Y-103.2093
G1 X299.9908 Y-103.3005
G1 X300.0827 Y-103.3689
G1 X300.1526 Y-103.4219
G1 X300.1797 Y-103.4438
G1 X300.2636 Y-103.5088
G1 X300.2636 Y-103.5086
G1 X300.3078 Y-103.5439
G1 X300.3329 Y-103.5642
G1 X300.4215 Y-103.6368
G1 X300.4325 Y-103.6457
G1 X300.4472 Y-103.6582
G1 X300.4739 Y-103.6808
G1 X300.4764 Y-103.6831
G1 X300.6126 Y-103.8012
G1 X300.6931 Y-103.8738
G1 X300.7413 Y-103.9175
G1 X300.7477 Y-103.9231
G1 X300.7698 Y-103.9434
G1 X300.7832 Y-103.9561
G1 X300.8780 Y-104.0468
G1 X300.8991 Y-104.0671
G1 X300.9285 Y-104.0966
G1 X301.0563 Y-104.2253
G1 X301.0596 Y-104.2284
G1 X301.1107 Y-104.2807
G1 X301.1927 Y-104.3681
G1 X301.1995 Y-104.3755
G1 X301.2277 Y-104.4067
G1 X301.3144 Y-104.5037
G1 X301.3250 Y-104.5157
G1 X301.3900 Y-104.5909
G1 X301.4040 Y-104.6071
G1 X301.4238 Y-104.6310
G1 X301.5003 Y-104.7232
G1 X301.5211 Y-104.7488
G1 X301.6034 Y-104.8525
G1 X301.6032 Y-104.8525
G1 X301.6382 Y-104.8977
G1 X301.6959 Y-104.9731
G1 X301.7111 Y-104.9932
G1 X301.7233 Y-105.0105
G1 X301.8015 Y-105.1176
G1 X301.8061 Y-105.1240
G1 X301.9034 Y-105.2629
G1 X301.9417 Y-105.3198
G1 X301.9488 Y-105.3305
G1 X301.9486 Y-105.3305
G1 X301.9882 Y-105.3910
G1 X302.0896 Y-105.5500
G1 X302.0911 Y-105.5522
G1 X302.1312 Y-105.6175
G1 X302.1866 Y-105.7095
G1 X302.2412 Y-105.8027
G1 X302.2638 Y-105.8423
G1 X302.3291 Y-105.9599
G1 X302.3344 Y-105.9688
G1 X302.3931 Y-106.0793
G1 X302.4543 Y-106.1966
G1 X302.5059 Y-106.3008
G1 X302.5066 Y-106.3020
G1 X302.5328 Y-106.3544
G1 X302.5498 Y-106.3907
G1 X302.6009 Y-106.4992
G1 X302.6006 Y-106.4992
G1 X302.6413 Y-106.5865
G1 X302.6999 Y-106.7194
G1 X302.7202 Y-106.7674
G1 X302.7688 Y-106.8837
G1 X302.7738 Y-106.8949
G1 X302.8031 Y-106.9665
G1 X302.8033 Y-106.9665
G1 X302.8109 Y-106.9856
G1 X302.8137 Y-106.9929
G1 X302.8158 Y-106.9985
G1 X302.8683 Y-107.1334
G1 X302.8686 Y-107.1334
G1 X302.8759 Y-107.1524
G1 X302.8833 Y-107.1725
G1 X302.9209 Y-107.2746
G1 X302.9613 Y-107.3856
G1 X302.9671 Y-107.4009
G1 X302.9715 Y-107.4128
G1 X302.9768 Y-107.4285
G1 X302.9963 Y-107.4852
G1 X303.0007 Y-107.4992
G1 X303.0428 Y-107.6234
G1 X303.0791 Y-107.7351
G1 X303.1035 Y-107.8126
G1 X303.1317 Y-107.9045
G1 X303.1493 Y-107.9637
G1 X303.1942 Y-108.1197
G1 X303.2163 Y-108.1989
G1 X303.2636 Y-108.3752
G1 X303.2658 Y-108.3828
G1 X303.2829 Y-108.4489
G1 X303.2849 Y-108.4577
G1 X303.3144 Y-108.5776
G1 X303.3159 Y-108.5827
G1 X303.3337 Y-108.6576
G1 X303.3349 Y-108.6635
G1 X303.3441 Y-108.7013
G1 X303.3443 Y-108.7023
G1 X303.3667 Y-108.8004
G1 X303.4076 Y-108.9894
G1 X303.4304 Y-109.0981
G1 X303.4345 Y-109.1181
G1 X301.8800 Y-109.1603
G1 X300.2217 Y-109.2106
G1 X298.3334 Y-109.2708
G1 X296.7873 Y-109.3239
G1 X295.6237 Y-109.3676
G1 X294.0561 Y-109.4278
G1 X293.0835 Y-109.4692
G1 X291.9016 Y-109.5192
G1 X290.3474 Y-109.5913
G1 X288.9999 Y-109.6584
G1 X287.6776 Y-109.7288
G1 X286.9270 Y-109.7707
G1 X286.0012 Y-109.8245
G1 X285.2722 Y-109.8697
G1 X284.9146 Y-109.8931
G1 X284.3741 Y-109.9284
G1 X283.6720 Y-109.9762
G1 X283.1457 Y-110.0135
G1 X282.8717 Y-110.0338
G1 X282.8732 Y-110.0046
G1 X282.8755 Y-109.9629
G1 X282.8823 Y-109.8311
G1 X282.8828 Y-109.8230
G1 X282.8828 Y-109.8225
G1 X282.8912 Y-109.6810
G1 X282.8925 Y-109.6620
G1 X282.8945 Y-109.6363
G1 X282.9077 Y-109.4483
G1 X282.9207 Y-109.2812
G1 X282.9281 Y-109.1949
G1 X282.9476 Y-108.9833
G1 X282.9682 Y-108.7803
G1 X284.2598 Y-108.6635
G1 X284.2618 Y-108.6472
G1 X284.2920 Y-108.4110
G1 X284.2933 Y-108.3991
G1 X284.3025 Y-108.3338
G1 X284.3022 Y-108.3338
G1 X284.3195 Y-108.2134
G1 X284.3398 Y-108.0778
G1 X284.3566 Y-107.9708
G1 X284.3771 Y-107.8448
G1 X284.3784 Y-107.8382
G1 X284.4015 Y-107.6998
G1 X284.4236 Y-107.5748
G1 X284.4244 Y-107.5687
G1 X284.4317 Y-107.5294
G1 X284.4335 Y-107.5210
G1 X284.4508 Y-107.4313
G1 X284.4569 Y-107.4036
G1 X284.4899 Y-107.2370
G1 X284.4897 Y-107.2370
G1 X284.5133 Y-107.1225
G1 X284.5417 Y-106.9929
G1 X284.5712 Y-106.8626
G1 X284.5709 Y-106.8626
G1 X284.5979 Y-106.7465
G1 X284.6245 Y-106.6371
G1 X284.6398 Y-106.5759
G1 X284.6433 Y-106.5629
G1 X284.6786 Y-106.4252
G1 X284.7094 Y-106.3089
G1 X284.7124 Y-106.2985
G1 X284.7543 Y-106.1486
G1 X284.7774 Y-106.0679
G1 X284.8079 Y-105.9642
G1 X284.8661 Y-105.7745
G1 X284.8788 Y-105.7351
G1 X284.8823 Y-105.7247
G1 X284.9303 Y-105.5781
G1 X284.9717 Y-105.4570
G1 X284.9979 Y-105.3826
G1 X285.0457 Y-105.2500
G1 X285.0558 Y-105.2213
G1 X285.0612 Y-105.2076
G1 X285.1033 Y-105.0966
G1 X285.1386 Y-105.0064
G1 X285.1869 Y-104.8863
G1 X285.1869 Y-104.8860
G1 X285.2290 Y-104.7854
G1 X285.2489 Y-104.7394
G1 X285.2532 Y-104.7300
G1 X285.3091 Y-104.6030
G1 X285.3441 Y-104.5253
G1 X285.4122 Y-104.3800
G1 X285.4246 Y-104.3544
G1 X285.4493 Y-104.3046
G1 X285.5150 Y-104.1745
G1 X285.5506 Y-104.1072
G1 X285.5524 Y-104.1039
G1 X285.6113 Y-103.9942
G1 X285.6469 Y-103.9299
G1 X285.6596 Y-103.9078
G1 X285.6669 Y-103.8957
G1 X285.7645 Y-103.7300
G1 X285.7739 Y-103.7151
G1 X285.7899 Y-103.6886
G1 X285.8450 Y-103.6005
G1 X285.8526 Y-103.5888
G1 X285.9070 Y-103.5075
G1 X285.9392 Y-103.4603
G1 X285.9496 Y-103.4458
G1 X285.9806 Y-103.4009
G1 X285.9908 Y-103.3864
G1 X286.0307 Y-103.3313
G1 X286.1089 Y-103.2276
G1 X286.1107 Y-103.2251
G1 X286.1300 Y-103.2010
G1 X286.1554 Y-103.1684
G1 X286.1915 Y-103.1240
G1 X286.2448 Y-103.0605
G1 X286.3075 Y-102.9884
G1 X286.3106 Y-102.9851
G1 X286.3294 Y-102.9645
G1 X286.4056 Y-102.8835
G1 X286.4211 Y-102.8682
G1 X286.4729 Y-102.8159
G1 X286.5123 Y-102.7775
G1 X286.5239 Y-102.7669
G1 X286.5308 Y-102.7605
G1 X286.5714 Y-102.7234
G1 X286.5755 Y-102.7196
G1 X286.5961 Y-102.7008
G1 X286.6034 Y-102.6947
G1 X286.6098 Y-102.6892
G1 X286.6530 Y-102.6523
G1 X286.6573 Y-102.6488
G1 X286.6855 Y-102.6257
G1 X286.7309 Y-102.5896
G1 X286.7932 Y-102.5421
G1 X286.7980 Y-102.5388
G1 X286.8315 Y-102.5147
G1 X286.8331 Y-102.5136
G1 X286.9021 Y-102.4654
G1 X286.9372 Y-102.4425
G1 X286.9867 Y-102.4113
G1 X287.0002 Y-102.4029
G1 X287.0378 Y-102.3808
G1 X287.0711 Y-102.3612
G1 X287.0957 Y-102.3470
G1 X287.0998 Y-102.3447
G1 X287.1274 Y-102.3297
G1 X287.1803 Y-102.3018
G1 X287.2529 Y-102.2657
G1 X287.2689 Y-102.2579
G1 X287.2722 Y-102.2563
G1 X287.3146 Y-102.2368
G1 X287.3225 Y-102.2327
G1 X287.3456 Y-102.2228
G1 X287.3995 Y-102.1987
G1 X287.4043 Y-102.1966
G1 X287.4167 Y-102.1911
G1 X287.4188 Y-102.1900
G1 X287.4406 Y-102.1817
G1 X287.4950 Y-102.1593
G1 X287.5072 Y-102.1550
G1 X287.5285 Y-102.1469
G1 X287.5846 Y-102.1253
G1 X287.5930 Y-102.1222
G1 X287.5971 Y-102.1207
G1 X287.5978 Y-102.1204
G1 X287.6507 Y-102.1022
G1 X287.6649 Y-102.0976
G1 X287.7645 Y-102.0646
G1 X287.8125 Y-102.0493
G1 X287.8404 Y-102.0407
G1 X287.8417 Y-102.0404
G1 X287.9184 Y-102.0188
G1 X287.9326 Y-102.0150
G1 X287.9735 Y-102.0036
G1 X287.9847 Y-102.0006
G1 X288.0337 Y-101.9879
G1 X288.0347 Y-101.9876
G1 X288.1297 Y-101.9640
G1 X288.2600 Y-101.9350
G1 X288.2656 Y-101.9340
G1 X288.3532 Y-101.9157
G1 X288.3532 Y-101.9160
G1 X288.3659 Y-101.9134
G1 X288.3708 Y-101.9127
G1 X288.4762 Y-101.8926
G1 X288.4797 Y-101.8918
G1 X288.5100 Y-101.8873
G1 X288.5331 Y-101.8835
G1 X288.5902 Y-101.8743
G1 X288.6713 Y-101.8616
G1 X288.6900 Y-101.8591
G1 X288.7340 Y-101.8527
G1 X288.7403 Y-101.8520
G1 X288.7977 Y-101.8443
G1 X288.8181 Y-101.8413
G1 X288.8254 Y-101.8405
G1 X288.9087 Y-101.8304
G1 X288.9560 Y-101.8248
G1 X288.9999 Y-101.8205
G1 X289.0886 Y-101.8113
G1 X289.1178 Y-101.8085
G1 X289.1241 Y-101.8078
G1 X289.1345 Y-101.8070
G1 X289.1490 Y-101.8060
G1 X289.2582 Y-101.7968
G1 X289.2659 Y-101.7966
G1 X289.3177 Y-101.7923
G1 X289.4112 Y-101.7867
G1 X289.4173 Y-101.7862
G1 X289.4416 Y-101.7852
G1 X289.5625 Y-101.7791
G1 X289.5625 Y-101.7788
G1 X289.6078 Y-101.7768
G1 X289.6291 Y-101.7763
G1 X289.7441 Y-101.7727
G1 X289.8036 Y-101.7709
G1 X289.8945 Y-101.7689
G1 X289.9080 Y-101.7689
G1 X290.0474 Y-101.7676
G1 X290.0787 Y-101.7674
G1 X290.1081 Y-101.7676
G1 X290.2364 Y-101.7687
G1 X290.2387 Y-101.7689
G1 X290.4952 Y-101.7750
G1 X290.6398 Y-101.7801
G1 X290.6560 Y-101.7808
G1 X290.6702 Y-101.7816
G1 X290.7863 Y-101.7869
G1 X290.8104 Y-101.7885
G1 X290.9166 Y-101.7948
G1 X290.9362 Y-101.7963
G1 X291.0075 Y-101.8009
G1 X291.0116 Y-101.8012
G1 X291.1124 Y-101.8078
G1 X291.1414 Y-101.8103
G1 X291.2420 Y-101.8187
G1 X291.3687 Y-101.8299
G1 X291.4307 Y-101.8355
G1 X291.4465 Y-101.8370
G1 X291.5061 Y-101.8428
G1 X291.5300 Y-101.8454
G1 X291.6570 Y-101.8581
G1 X291.6743 Y-101.8598
G1 X291.7035 Y-101.8637
G1 X291.8348 Y-101.8786
G1 X291.8849 Y-101.8847
G1 X292.0032 Y-101.8995
G1 X292.0980 Y-101.9117
G1 X292.3756 Y-101.9490
G1 X292.4084 Y-101.9536
G1 X292.6654 Y-101.9914
G1 X292.6776 Y-101.9932
G1 X292.7104 Y-101.9980
G1 X292.7584 Y-102.0059
G1 X292.8973 Y-102.0270
G1 X292.9080 Y-102.0290
G1 X292.9951 Y-102.0430
G1 X293.0009 Y-102.0437
G1 X293.0495 Y-102.0524
G1 X293.3134 Y-102.0968
G1 X293.3476 Y-102.1034
G1 X293.4302 Y-102.1184
G1 X293.4302 Y-102.1187
G1 X293.6474 Y-102.1596
G1 X293.8856 Y-102.2066
G1 X293.9392 Y-102.2175
G1 X294.0446 Y-102.2391
G1 X294.0573 Y-102.2419
G1 X294.1671 Y-102.2650
G1 X294.2897 Y-102.2919
G1 X294.5105 Y-102.3424
G1 X294.5211 Y-102.3445
G1 X294.5823 Y-102.3590
G1 X294.5823 Y-102.3592
G1 X294.7782 Y-102.4064
G1 X294.8417 Y-102.4222
G1 X294.8417 Y-102.4219
G1 X294.9799 Y-102.4575
G1 X295.2026 Y-102.5164
G1 X295.3423 Y-102.5548
G1 X295.5143 Y-102.6038
G1 X295.5935 Y-102.6264
G1 X295.7251 Y-102.6660
G1 X295.7967 Y-102.6879
G1 X295.9194 Y-102.7262
G1 X295.9547 Y-102.7379
G1 X296.0461 Y-102.7669
G1 X296.1632 Y-102.8052
G1 X296.1721 Y-102.8083
G1 X296.2626 Y-102.8385
G1 X296.3487 Y-102.8682
G1 X296.3634 Y-102.8736
G1 X296.4492 Y-102.9040
G1 X296.4685 Y-102.9111
G1 X296.6829 Y-102.9889
G1 X296.6829 Y-102.9891
G1 X296.8371 Y-103.0481
G1 X296.9682 Y-103.0999
G1 X297.0794 Y-103.1448
G1 X297.2222 Y-103.2043
G1 X297.2506 Y-103.2167
G1 X297.3423 Y-103.2556
G1 X297.3451 Y-103.2571
G1 X297.3598 Y-103.2637
G1 X297.3949 Y-103.2797
G1 X297.5828 Y-103.3640
G1 X297.6903 Y-103.4146
G1 X297.7025 Y-103.4207
G1 X297.7855 Y-103.4600
G1 X297.7868 Y-103.4608
G1 X297.8318 Y-103.4832
G1 X298.0078 Y-103.5713
G1 X298.0489 Y-103.5924
G1 X298.1846 Y-103.6643
G1 X298.1846 Y-103.6640
G1 X298.2521 Y-103.7003
G1 X298.3133 Y-103.7346
G1 X298.3250 Y-103.7417
G1 X298.4279 Y-103.7991
G1 X298.4523 Y-103.8134
G1 X298.5513 Y-103.8713
G1 X298.6169 Y-103.9104
G1 X298.6169 Y-103.9106
G1 X298.6362 Y-103.9223
G1 X298.7350 Y-103.9830
G1 X298.8401 Y-104.0498
G1 X298.8645 Y-104.0658
G1 X298.9575 Y-104.1273
G1 X298.9740 Y-104.1387
G1 X299.0324 Y-104.1778
G1 X299.0324 Y-104.1776
G1 X299.0611 Y-104.1974
G1 X299.0974 Y-104.2228
G1 X299.1251 Y-104.2431
G1 X299.2529 Y-104.3343
G1 X299.3144 Y-104.3800
G1 X299.3702 Y-104.4224
G1 X299.4012 Y-104.4473
G1 X299.4851 Y-104.5124
G1 X299.5150 Y-104.5362
G1 X299.5346 Y-104.5520
G1 X299.6199 Y-104.6218
G1 X299.6260 Y-104.6269
G1 X299.6390 Y-104.6378
G1 X299.6441 Y-104.6424
G1 X299.7802 Y-104.7605
G1 X299.8409 Y-104.8151
G1 X299.8406 Y-104.8154
G1 X299.9019 Y-104.8705
G1 X299.9118 Y-104.8799
G1 X299.9966 Y-104.9612
G1 X300.0009 Y-104.9652
G1 X300.0268 Y-104.9912
G1 X300.1546 Y-105.1199
G1 X300.1579 Y-105.1230
G1 X300.1927 Y-105.1585
G1 X300.2669 Y-105.2375
G1 X300.2803 Y-105.2525
G1 X300.3657 Y-105.3480
G1 X300.4269 Y-105.4186
G1 X300.4315 Y-105.4240
G1 X300.4462 Y-105.4417
G1 X300.5163 Y-105.5263
G1 X300.5351 Y-105.5494
G1 X300.5966 Y-105.6269
G1 X300.5993 Y-105.6307
G1 X300.6344 Y-105.6759
G1 X300.6867 Y-105.7443
G1 X300.6974 Y-105.7592
G1 X300.7756 Y-105.8664
G1 X300.8577 Y-105.9838
G1 X300.8841 Y-106.0232
G1 X300.8864 Y-106.0267
G1 X300.9260 Y-106.0872
G1 X301.0093 Y-106.2175
G1 X301.0494 Y-106.2827
G1 X301.0926 Y-106.3544
G1 X301.1381 Y-106.4321
G1 X301.1533 Y-106.4588
G1 X301.2186 Y-106.5764
G1 X301.2239 Y-106.5853
G1 X301.2671 Y-106.6668
G1 X301.3197 Y-106.7674
G1 X301.3677 Y-106.8644
G1 X301.3707 Y-106.8700
G1 X301.3888 Y-106.9058
G1 X301.4007 Y-106.9315
G1 X301.4439 Y-107.0234
G1 X301.4490 Y-107.0348
G1 X301.4825 Y-107.1067
G1 X301.5381 Y-107.2325
G1 X301.5483 Y-107.2563
G1 X301.5480 Y-107.2563
G1 X301.5978 Y-107.3744
G1 X301.6270 Y-107.4461
G1 X301.6283 Y-107.4491
G1 X301.6324 Y-107.4598
G1 X301.6849 Y-107.5947
G1 X301.6875 Y-107.6007
G1 X301.6913 Y-107.6104
G1 X301.6915 Y-107.6112
G1 X301.7276 Y-107.7090
G1 X301.7274 Y-107.7090
G1 X301.7746 Y-107.8382
G1 X301.7764 Y-107.8431
G1 X301.7896 Y-107.8812
G1 X301.7931 Y-107.8923
G1 X300.1813 Y-107.9414
G1 X298.2897 Y-108.0016
G1 X296.7396 Y-108.0549
G1 X295.5750 Y-108.0986
G1 X294.0020 Y-108.1590
G1 X293.0296 Y-108.2004
G1 X293.0296 Y-108.2002
G1 X291.8427 Y-108.2505
G1 X290.2842 Y-108.3229
G1 X288.9324 Y-108.3902
G1 X287.6067 Y-108.4608
G1 X286.8534 Y-108.5027
G1 X285.9225 Y-108.5571
G1 X285.1894 Y-108.6025
G1 X284.2880 Y-108.6615
G1 X284.2598 Y-108.6635
G1 X285.7759 Y-107.2939
G1 X285.7805 Y-107.2731
G1 X285.8099 Y-107.1428
G1 X285.8110 Y-107.1380
G1 X285.8351 Y-107.0336
G1 X285.8569 Y-106.9439
G1 X285.8707 Y-106.8890
G1 X285.8734 Y-106.8784
G1 X285.9065 Y-106.7496
G1 X285.9334 Y-106.6477
G1 X285.9354 Y-106.6406
G1 X285.9753 Y-106.4981
G1 X285.9959 Y-106.4263
G1 X286.0264 Y-106.3226
G1 X286.0749 Y-106.1644
G1 X286.0876 Y-106.1250
G1 X286.0893 Y-106.1199
G1 X286.1373 Y-105.9734
G1 X286.1699 Y-105.8781
G1 X286.1927 Y-105.8128
G1 X286.1960 Y-105.8037
G1 X286.2428 Y-105.6737
G1 X286.2456 Y-105.6658
G1 X286.2483 Y-105.6587
G1 X286.2859 Y-105.5596
G1 X286.2872 Y-105.5563
G1 X286.2882 Y-105.5538
G1 X286.3172 Y-105.4798
G1 X286.3654 Y-105.3597
G1 X286.3662 Y-105.3574
G1 X286.3954 Y-105.2881
G1 X286.4112 Y-105.2518
G1 X286.4157 Y-105.2416
G1 X286.4716 Y-105.1146
G1 X286.4988 Y-105.0541
G1 X286.5549 Y-104.9343
G1 X286.5580 Y-104.9279
G1 X286.5600 Y-104.9238
G1 X286.5674 Y-104.9086
G1 X286.5826 Y-104.8779
G1 X286.6441 Y-104.7562
G1 X286.6735 Y-104.7006
G1 X286.7226 Y-104.6091
G1 X286.7266 Y-104.6020
G1 X286.7287 Y-104.5980
G1 X286.7551 Y-104.5505
G1 X286.7612 Y-104.5400
G1 X286.8480 Y-104.3925
G1 X286.8602 Y-104.3732
G1 X286.8762 Y-104.3468
G1 X286.9164 Y-104.2825
G1 X286.9557 Y-104.2236
G1 X286.9771 Y-104.1923
G1 X286.9954 Y-104.1667
G1 X287.0263 Y-104.1217
G1 X287.0276 Y-104.1199
G1 X287.0525 Y-104.0856
G1 X287.1226 Y-103.9929
G1 X287.1241 Y-103.9909
G1 X287.1307 Y-103.9828
G1 X287.1498 Y-103.9584
G1 X287.1640 Y-103.9409
G1 X287.1673 Y-103.9368
G1 X287.2143 Y-103.8809
G1 X287.2595 Y-103.8291
G1 X287.2618 Y-103.8266
G1 X287.3124 Y-103.7730
G1 X287.3235 Y-103.7618
G1 X287.3736 Y-103.7112
G1 X287.3850 Y-103.7003
G1 X287.3868 Y-103.6988
G1 X287.3936 Y-103.6925
G1 X287.4381 Y-103.6518
G1 X287.4424 Y-103.6483
G1 X287.4447 Y-103.6462
G1 X287.4604 Y-103.6328
G1 X287.4648 Y-103.6292
G1 X287.4696 Y-103.6251
G1 X287.4907 Y-103.6079
G1 X287.5016 Y-103.5992
G1 X287.5501 Y-103.5622
G1 X287.5653 Y-103.5512
G1 X287.6149 Y-103.5167
G1 X287.6629 Y-103.4865
G1 X287.7061 Y-103.4611
G1 X287.7188 Y-103.4537
G1 X287.7276 Y-103.4489
G1 X287.7599 Y-103.4318
G1 X287.8099 Y-103.4070
G1 X287.8465 Y-103.3902
G1 X287.8524 Y-103.3874
G1 X287.8651 Y-103.3818
G1 X287.9126 Y-103.3605
G1 X287.9237 Y-103.3562
G1 X287.9562 Y-103.3427
G1 X287.9593 Y-103.3417
G1 X287.9844 Y-103.3323
G1 X288.0276 Y-103.3158
G1 X288.0558 Y-103.3059
G1 X288.0647 Y-103.3031
G1 X288.1528 Y-103.2739
G1 X288.1968 Y-103.2599
G1 X288.2626 Y-103.2413
G1 X288.2745 Y-103.2380
G1 X288.3078 Y-103.2286
G1 X288.3078 Y-103.2289
G1 X288.3190 Y-103.2259
G1 X288.3418 Y-103.2200
G1 X288.3428 Y-103.2198
G1 X288.3446 Y-103.2193
G1 X288.4183 Y-103.2010
G1 X288.5201 Y-103.1784
G1 X288.5249 Y-103.1773
G1 X288.5981 Y-103.1621
G1 X288.6083 Y-103.1603
G1 X288.6928 Y-103.1441
G1 X288.7165 Y-103.1403
G1 X288.7337 Y-103.1375
G1 X288.7868 Y-103.1291
G1 X288.8562 Y-103.1182
G1 X288.8717 Y-103.1161
G1 X288.9042 Y-103.1113
G1 X288.9075 Y-103.1110
G1 X288.9862 Y-103.1004
G1 X288.9900 Y-103.0999
G1 X289.0624 Y-103.0910
G1 X289.0871 Y-103.0879
G1 X289.1302 Y-103.0839
G1 X289.2189 Y-103.0747
G1 X289.2189 Y-103.0745
G1 X289.2260 Y-103.0737
G1 X289.2273 Y-103.0737
G1 X289.2549 Y-103.0717
G1 X289.3588 Y-103.0630
G1 X289.3713 Y-103.0623
G1 X289.4139 Y-103.0587
G1 X289.4744 Y-103.0549
G1 X289.5056 Y-103.0536
G1 X289.6265 Y-103.0475
G1 X289.6349 Y-103.0468
G1 X289.6471 Y-103.0463
G1 X289.6682 Y-103.0458
G1 X289.7833 Y-103.0422
G1 X289.8366 Y-103.0407
G1 X289.9115 Y-103.0389
G1 X289.9197 Y-103.0389
G1 X290.0591 Y-103.0376
G1 X290.0782 Y-103.0374
G1 X290.0980 Y-103.0376
G1 X290.2062 Y-103.0384
G1 X290.2085 Y-103.0387
G1 X290.4650 Y-103.0448
G1 X290.5803 Y-103.0488
G1 X290.5966 Y-103.0496
G1 X290.6118 Y-103.0503
G1 X290.7226 Y-103.0554
G1 X290.7345 Y-103.0562
G1 X290.8287 Y-103.0618
G1 X290.8549 Y-103.0638
G1 X290.9283 Y-103.0684
G1 X290.9324 Y-103.0686
G1 X291.0103 Y-103.0737
G1 X291.0360 Y-103.0760
G1 X291.1305 Y-103.0839
G1 X291.2572 Y-103.0950
G1 X291.3083 Y-103.0996
G1 X291.3240 Y-103.1011
G1 X291.3240 Y-103.1009
G1 X291.3718 Y-103.1057
G1 X291.4035 Y-103.1090
G1 X291.5270 Y-103.1215
G1 X291.5595 Y-103.1255
G1 X291.6908 Y-103.1405
G1 X291.7279 Y-103.1448
G1 X291.7279 Y-103.1451
G1 X291.8463 Y-103.1598
G1 X291.9359 Y-103.1712
G1 X292.2001 Y-103.2068
G1 X292.2234 Y-103.2101
G1 X292.4820 Y-103.2482
G1 X292.4924 Y-103.2497
G1 X292.5252 Y-103.2546
G1 X292.5679 Y-103.2614
G1 X292.6870 Y-103.2794
G1 X292.7068 Y-103.2830
G1 X292.7784 Y-103.2942
G1 X292.8386 Y-103.3048
G1 X293.0891 Y-103.3470
G1 X293.1208 Y-103.3531
G1 X293.1894 Y-103.3656
G1 X293.1952 Y-103.3668
G1 X293.4015 Y-103.4057
G1 X293.6397 Y-103.4527
G1 X293.6397 Y-103.4524
G1 X293.6845 Y-103.4616
G1 X293.7774 Y-103.4806
G1 X293.7955 Y-103.4847
G1 X293.9052 Y-103.5078
G1 X294.0174 Y-103.5324
G1 X294.2270 Y-103.5804
G1 X294.2435 Y-103.5840
G1 X294.2773 Y-103.5919
G1 X294.2844 Y-103.5939
G1 X294.4802 Y-103.6411
G1 X294.5359 Y-103.6549
G1 X294.5427 Y-103.6564
G1 X294.6550 Y-103.6853
G1 X294.8663 Y-103.7412
G1 X295.0060 Y-103.7796
G1 X295.0060 Y-103.7793
G1 X295.1658 Y-103.8250
G1 X295.2272 Y-103.8426
G1 X295.3545 Y-103.8809
G1 X295.4261 Y-103.9028
G1 X295.4261 Y-103.9025
G1 X295.5252 Y-103.9335
G1 X295.5714 Y-103.9487
G1 X295.6509 Y-103.9739
G1 X295.7680 Y-104.0122
G1 X295.7695 Y-104.0127
G1 X295.8600 Y-104.0430
G1 X295.9219 Y-104.0643
G1 X295.9384 Y-104.0704
G1 X296.0101 Y-104.0958
G1 X296.0357 Y-104.1052
G1 X296.2361 Y-104.1778
G1 X296.3702 Y-104.2292
G1 X296.4924 Y-104.2774
G1 X296.5912 Y-104.3173
G1 X296.7241 Y-104.3727
G1 X296.7551 Y-104.3861
G1 X296.8252 Y-104.4158
G1 X296.8257 Y-104.4161
G1 X296.8404 Y-104.4227
G1 X296.8404 Y-104.4224
G1 X296.8749 Y-104.4385
G1 X297.0629 Y-104.5228
G1 X297.1358 Y-104.5571
G1 X297.1584 Y-104.5682
G1 X297.2250 Y-104.5997
G1 X297.2631 Y-104.6188
G1 X297.4391 Y-104.7069
G1 X297.4650 Y-104.7201
G1 X297.5900 Y-104.7864
G1 X297.5925 Y-104.7877
G1 X297.6418 Y-104.8141
G1 X297.6829 Y-104.8372
G1 X297.7063 Y-104.8507
G1 X297.7937 Y-104.8995
G1 X297.8125 Y-104.9104
G1 X297.9003 Y-104.9617
G1 X297.9532 Y-104.9932
G1 X297.9593 Y-104.9972
G1 X297.9786 Y-105.0089
G1 X297.9786 Y-105.0087
G1 X298.0624 Y-105.0602
G1 X298.1480 Y-105.1146
G1 X298.1640 Y-105.1250
G1 X298.1640 Y-105.1253
G1 X298.2506 Y-105.1827
G1 X298.2674 Y-105.1941
G1 X298.3258 Y-105.2332
G1 X298.3293 Y-105.2355
G1 X298.3334 Y-105.2383
G1 X298.3568 Y-105.2546
G1 X298.3873 Y-105.2769
G1 X298.5087 Y-105.3635
G1 X298.5465 Y-105.3917
G1 X298.5922 Y-105.4265
G1 X298.6227 Y-105.4509
G1 X298.7065 Y-105.5159
G1 X298.7185 Y-105.5253
G1 X298.7302 Y-105.5347
G1 X298.8066 Y-105.5972
G1 X298.8117 Y-105.6018
G1 X298.9458 Y-105.7181
G1 X298.9478 Y-105.7199
G1 X298.9743 Y-105.7438
G1 X298.9908 Y-105.7592
G1 X299.0433 Y-105.8067
G1 X299.1048 Y-105.8654
G1 X299.1251 Y-105.8857
G1 X299.2529 Y-106.0145
G1 X299.2577 Y-106.0191
G1 X299.2813 Y-106.0430
G1 X299.3271 Y-106.0917
G1 X299.3334 Y-106.0988
G1 X299.4124 Y-106.1872
G1 X299.4597 Y-106.2418
G1 X299.4683 Y-106.2523
G1 X299.5384 Y-106.3368
G1 X299.5425 Y-106.3417
G1 X299.5915 Y-106.4036
G1 X299.5955 Y-106.4090
G1 X299.6306 Y-106.4542
G1 X299.6659 Y-106.5002
G1 X299.6715 Y-106.5080
G1 X299.7434 Y-106.6066
G1 X299.7970 Y-106.6830
G1 X298.2460 Y-106.7323
G1 X296.6921 Y-106.7859
G1 X295.5262 Y-106.8296
G1 X293.9479 Y-106.8903
G1 X293.0040 Y-106.9304
G1 X292.9758 Y-106.9312
G1 X291.7838 Y-106.9818
G1 X290.2209 Y-107.0544
G1 X288.8648 Y-107.1220
G1 X287.5361 Y-107.1928
G1 X286.7795 Y-107.2350
G1 X285.8437 Y-107.2896
G1 X285.7759 Y-107.2939
G1 X287.5082 Y-105.9226
G1 X287.5440 Y-105.8332
G1 X287.5453 Y-105.8299
G1 X287.5658 Y-105.7811
G1 X287.5694 Y-105.7730
G1 X287.5783 Y-105.7532
G1 X287.6342 Y-105.6262
G1 X287.6339 Y-105.6262
G1 X287.6525 Y-105.5850
G1 X287.6995 Y-105.4847
G1 X287.7000 Y-105.4839
G1 X287.7030 Y-105.4776
G1 X287.7035 Y-105.4765
G1 X287.7053 Y-105.4727
G1 X287.7162 Y-105.4506
G1 X287.7777 Y-105.3290
G1 X287.7927 Y-105.3005
G1 X287.7929 Y-105.3005
G1 X287.8386 Y-105.2152
G1 X287.8595 Y-105.1776
G1 X287.9359 Y-105.0481
G1 X287.9466 Y-105.0313
G1 X287.9626 Y-105.0049
G1 X287.9849 Y-104.9691
G1 X288.0045 Y-104.9398
G1 X288.0238 Y-104.9117
G1 X288.0411 Y-104.8875
G1 X288.0683 Y-104.8479
G1 X288.0723 Y-104.8426
G1 X288.1300 Y-104.7664
G1 X288.1315 Y-104.7646
G1 X288.1445 Y-104.7481
G1 X288.1864 Y-104.6983
G1 X288.1993 Y-104.6833
G1 X288.2237 Y-104.6577
G1 X288.2260 Y-104.6554
G1 X288.2593 Y-104.6218
G1 X288.2763 Y-104.6061
G1 X288.2816 Y-104.6018
G1 X288.2829 Y-104.6008
G1 X288.2844 Y-104.5995
G1 X288.2900 Y-104.5949
G1 X288.3007 Y-104.5868
G1 X288.3052 Y-104.5835
G1 X288.3167 Y-104.5756
G1 X288.3223 Y-104.5721
G1 X288.3383 Y-104.5627
G1 X288.3639 Y-104.5500
G1 X288.3855 Y-104.5403
G1 X288.4066 Y-104.5309
G1 X288.4096 Y-104.5296
G1 X288.4216 Y-104.5248
G1 X288.4381 Y-104.5185
G1 X288.4627 Y-104.5091
G1 X288.4642 Y-104.5086
G1 X288.5440 Y-104.4821
G1 X288.5661 Y-104.4750
G1 X288.6012 Y-104.4654
G1 X288.6197 Y-104.4603
G1 X288.6375 Y-104.4552
G1 X288.6420 Y-104.4542
G1 X288.6499 Y-104.4522
G1 X288.6509 Y-104.4519
G1 X288.6542 Y-104.4509
G1 X288.7154 Y-104.4359
G1 X288.7817 Y-104.4212
G1 X288.7866 Y-104.4202
G1 X288.8435 Y-104.4082
G1 X288.8480 Y-104.4075
G1 X288.9131 Y-104.3950
G1 X288.9192 Y-104.3940
G1 X288.9319 Y-104.3920
G1 X288.9849 Y-104.3836
G1 X289.0363 Y-104.3755
G1 X289.0581 Y-104.3724
G1 X289.0746 Y-104.3699
G1 X289.0779 Y-104.3696
G1 X289.1549 Y-104.3592
G1 X289.2184 Y-104.3513
G1 X289.2224 Y-104.3508
G1 X289.2605 Y-104.3473
G1 X289.3464 Y-104.3384
G1 X289.3601 Y-104.3374
G1 X289.4548 Y-104.3295
G1 X289.4767 Y-104.3280
G1 X289.5107 Y-104.3252
G1 X289.5379 Y-104.3234
G1 X289.5697 Y-104.3221
G1 X289.6906 Y-104.3160
G1 X289.6974 Y-104.3155
G1 X289.7073 Y-104.3153
G1 X289.8224 Y-104.3117
G1 X289.8668 Y-104.3104
G1 X289.9311 Y-104.3089
G1 X289.9313 Y-104.3089
G1 X290.0761 Y-104.3076
G1 X290.0891 Y-104.3076
G1 X290.1762 Y-104.3081
G1 X290.1782 Y-104.3084
G1 X290.4348 Y-104.3145
G1 X290.5209 Y-104.3175
G1 X290.5371 Y-104.3183
G1 X290.5536 Y-104.3191
G1 X290.6608 Y-104.3239
G1 X290.7419 Y-104.3287
G1 X290.7759 Y-104.3313
G1 X290.8531 Y-104.3361
G1 X290.9092 Y-104.3396
G1 X290.9306 Y-104.3417
G1 X291.0190 Y-104.3490
G1 X291.1457 Y-104.3602
G1 X291.1859 Y-104.3638
G1 X291.2016 Y-104.3653
G1 X291.2074 Y-104.3656
G1 X291.2440 Y-104.3694
G1 X291.2760 Y-104.3727
G1 X291.3898 Y-104.3841
G1 X291.4155 Y-104.3874
G1 X291.5468 Y-104.4024
G1 X291.5468 Y-104.4021
G1 X291.5595 Y-104.4037
G1 X291.5709 Y-104.4054
G1 X291.6893 Y-104.4202
G1 X291.7754 Y-104.4311
G1 X292.0223 Y-104.4644
G1 X292.0383 Y-104.4666
G1 X292.2981 Y-104.5047
G1 X292.3073 Y-104.5060
G1 X292.3073 Y-104.5063
G1 X292.3355 Y-104.5103
G1 X292.3779 Y-104.5172
G1 X292.4919 Y-104.5345
G1 X292.5110 Y-104.5378
G1 X292.5707 Y-104.5472
G1 X292.6278 Y-104.5573
G1 X292.8689 Y-104.5980
G1 X292.8940 Y-104.6028
G1 X292.9514 Y-104.6132
G1 X292.9600 Y-104.6150
G1 X293.1556 Y-104.6518
G1 X293.3939 Y-104.6988
G1 X293.4002 Y-104.6998
G1 X293.4299 Y-104.7059
G1 X293.4299 Y-104.7057
G1 X293.5056 Y-104.7214
G1 X293.5336 Y-104.7275
G1 X293.6433 Y-104.7506
G1 X293.7373 Y-104.7712
G1 X293.9595 Y-104.8220
G1 X293.9697 Y-104.8243
G1 X293.9865 Y-104.8286
G1 X294.1823 Y-104.8758
G1 X294.2255 Y-104.8863
G1 X294.3377 Y-104.9152
G1 X294.5300 Y-104.9660
G1 X294.6697 Y-105.0044
G1 X294.6763 Y-105.0059
G1 X294.8175 Y-105.0463
G1 X294.8681 Y-105.0607
G1 X294.9839 Y-105.0955
G1 X294.9839 Y-105.0958
G1 X295.0555 Y-105.1176
G1 X295.0632 Y-105.1197
G1 X295.1366 Y-105.1425
G1 X295.1884 Y-105.1596
G1 X295.2557 Y-105.1809
G1 X295.3728 Y-105.2192
G1 X295.4464 Y-105.2439
G1 X295.5084 Y-105.2652
G1 X295.5140 Y-105.2673
G1 X295.5732 Y-105.2883
G1 X295.6029 Y-105.2993
G1 X295.7937 Y-105.3683
G1 X295.9163 Y-105.4153
G1 X296.0172 Y-105.4552
G1 X296.1160 Y-105.4951
G1 X296.2077 Y-105.5332
G1 X295.4774 Y-105.5606
G1 X293.8940 Y-105.6216
G1 X292.9654 Y-105.6610
G1 X292.9219 Y-105.6622
G1 X291.7248 Y-105.7130
G1 X290.1577 Y-105.7859
G1 X288.7972 Y-105.8537
G1 X287.5082 Y-105.9226
; Retract
G1 Z2.5400 F2540
M2
