( Scrappy - mouth through-cut with tabs (centered, 400mm stock) )
( Origin: true bottom-left corner of the 18x12.5in stock )
( Zero the machine at that corner before running this file )
G21 ( mm )
G90 ( absolute )
M3 S12000 ( ignored if spindle speed is set manually )
G0 Z5.000
( Inside profile, 9 Z pass(es) of 1.4667mm to total depth 13.2000mm )
( 4 tabs, 4.00mm wide, 1.50mm of material left uncut at each )
( -- pass 1/9, target Z=-1.4667 -- )
G0 X30.3700 Y90.1759 Z5.0000
G1 Z-1.4667 F300
G1 X30.4668 Y90.1965 Z-1.4667 F800
G1 X30.9531 Y90.2595 Z-1.4667 F800
G1 X31.5561 Y90.3026 Z-1.4667 F800
G1 X32.2614 Y90.3228 Z-1.4667 F800
G1 X33.0581 Y90.3193 Z-1.4667 F800
G1 X33.9380 Y90.2925 Z-1.4667 F800
G1 X34.8936 Y90.2433 Z-1.4667 F800
G1 X35.9188 Y90.1729 Z-1.4667 F800
G1 X37.0076 Y90.0824 Z-1.4667 F800
G1 X38.1546 Y89.9732 Z-1.4667 F800
G1 X39.3543 Y89.8467 Z-1.4667 F800
G1 X40.6017 Y89.7041 Z-1.4667 F800
G1 X41.8917 Y89.5468 Z-1.4667 F800
G1 X43.2194 Y89.3763 Z-1.4667 F800
G1 X44.5799 Y89.1940 Z-1.4667 F800
G1 X45.9684 Y89.0011 Z-1.4667 F800
G1 X47.3801 Y88.7991 Z-1.4667 F800
G1 X48.8101 Y88.5894 Z-1.4667 F800
G1 X50.2538 Y88.3733 Z-1.4667 F800
G1 X51.7064 Y88.1523 Z-1.4667 F800
G1 X53.1631 Y87.9277 Z-1.4667 F800
G1 X54.6194 Y87.7009 Z-1.4667 F800
G1 X56.0705 Y87.4733 Z-1.4667 F800
G1 X57.5117 Y87.2462 Z-1.4667 F800
G1 X58.9386 Y87.0211 Z-1.4667 F800
G1 X60.3464 Y86.7993 Z-1.4667 F800
G1 X61.7287 Y86.5824 Z-1.4667 F800
G1 X61.7305 Y86.5821 Z-1.4667 F800
G1 X63.0836 Y86.3714 Z-1.4667 F800
G1 X63.0863 Y86.3710 Z-1.4667 F800
G1 X64.4055 Y86.1679 Z-1.4667 F800
G1 X64.4091 Y86.1674 Z-1.4667 F800
G1 X65.6897 Y85.9733 Z-1.4667 F800
G1 X65.6944 Y85.9726 Z-1.4667 F800
G1 X66.9318 Y85.7888 Z-1.4667 F800
G1 X66.9378 Y85.7879 Z-1.4667 F800
G1 X68.1273 Y85.6158 Z-1.4667 F800
G1 X68.1347 Y85.6148 Z-1.4667 F800
G1 X69.2717 Y85.4558 Z-1.4667 F800
G1 X69.2810 Y85.4545 Z-1.4667 F800
G1 X70.3607 Y85.3101 Z-1.4667 F800
G1 X70.3722 Y85.3086 Z-1.4667 F800
G1 X71.3900 Y85.1800 Z-1.4667 F800
G1 X71.4044 Y85.1782 Z-1.4667 F800
G1 X72.3557 Y85.0668 Z-1.4667 F800
G1 X72.3739 Y85.0648 Z-1.4667 F800
G1 X73.2539 Y84.9721 Z-1.4667 F800
G1 X73.2772 Y84.9698 Z-1.4667 F800
G1 X74.0813 Y84.8970 Z-1.4667 F800
G1 X74.1119 Y84.8946 Z-1.4667 F800
G1 X74.8354 Y84.8432 Z-1.4667 F800
G1 X74.8768 Y84.8408 Z-1.4667 F800
G1 X75.5150 Y84.8122 Z-1.4667 F800
G1 X75.5732 Y84.8107 Z-1.4667 F800
G1 X76.1215 Y84.8063 Z-1.4667 F800
G1 X76.2081 Y84.8079 Z-1.4667 F800
G1 X76.6618 Y84.8290 Z-1.4667 F800
G1 X76.8012 Y84.8417 Z-1.4667 F800
G1 X77.1557 Y84.8897 Z-1.4667 F800
G1 X77.2289 Y84.9027 Z-1.4667 F800
G1 X77.3056 Y84.8288 Z-1.4667 F800
G1 X77.5450 Y84.5570 Z-1.4667 F800
G1 X77.8271 Y84.1959 Z-1.4667 F800
G1 X78.1418 Y83.7549 Z-1.4667 F800
G1 X78.4830 Y83.2416 Z-1.4667 F800
G1 X78.8468 Y82.6625 Z-1.4667 F800
G1 X79.2307 Y82.0230 Z-1.4667 F800
G1 X79.6325 Y81.3283 Z-1.4667 F800
G1 X80.0507 Y80.5831 Z-1.4667 F800
G1 X80.4839 Y79.7918 Z-1.4667 F800
G1 X80.9310 Y78.9586 Z-1.4667 F800
G1 X81.3909 Y78.0877 Z-1.4667 F800
G1 X81.8625 Y77.1831 Z-1.4667 F800
G1 X82.3450 Y76.2487 Z-1.4667 F800
G1 X82.8375 Y75.2886 Z-1.4667 F800
G1 X83.3390 Y74.3064 Z-1.4667 F800
G1 X83.8489 Y73.3061 Z-1.4667 F800
G1 X84.3664 Y72.2908 Z-1.4667 F800
G1 X84.8892 Y71.2676 Z-1.4667 F800
G1 X84.8905 Y71.2650 Z-1.4667 F800
G1 X85.4186 Y70.2361 Z-1.4667 F800
G1 X85.4205 Y70.2324 Z-1.4667 F800
G1 X85.9530 Y69.2016 Z-1.4667 F800
G1 X85.9555 Y69.1967 Z-1.4667 F800
G1 X86.4916 Y68.1677 Z-1.4667 F800
G1 X86.4949 Y68.1615 Z-1.4667 F800
G1 X87.0338 Y67.1382 Z-1.4667 F800
G1 X87.0378 Y67.1307 Z-1.4667 F800
G1 X87.5788 Y66.1166 Z-1.4667 F800
G1 X87.5836 Y66.1077 Z-1.4667 F800
G1 X88.1258 Y65.1067 Z-1.4667 F800
G1 X88.1315 Y65.0963 Z-1.4667 F800
G1 X88.6742 Y64.1120 Z-1.4667 F800
G1 X88.6810 Y64.1000 Z-1.4667 F800
G1 X89.2234 Y63.1363 Z-1.4667 F800
G1 X89.2313 Y63.1223 Z-1.4667 F800
G1 X89.7726 Y62.1829 Z-1.4667 F800
G1 X89.7819 Y62.1669 Z-1.4667 F800
G1 X90.3213 Y61.2555 Z-1.4667 F800
G1 X90.3323 Y61.2372 Z-1.4667 F800
G1 X90.8690 Y60.3575 Z-1.4667 F800
G1 X90.8820 Y60.3365 Z-1.4667 F800
G1 X91.4153 Y59.4923 Z-1.4667 F800
G1 X91.4308 Y59.4683 Z-1.4667 F800
G1 X91.9598 Y58.6632 Z-1.4667 F800
G1 X91.9783 Y58.6356 Z-1.4667 F800
G1 X92.5022 Y57.8735 Z-1.4667 F800
G1 X92.5246 Y57.8417 Z-1.4667 F800
G1 X93.0427 Y57.1263 Z-1.4667 F800
G1 X93.0701 Y57.0896 Z-1.4667 F800
G1 X93.5816 Y56.4246 Z-1.4667 F800
G1 X93.6155 Y56.3820 Z-1.4667 F800
G1 X94.1195 Y55.7711 Z-1.4667 F800
G1 X94.1621 Y55.7217 Z-1.4667 F800
G1 X94.6579 Y55.1687 Z-1.4667 F800
G1 X94.7121 Y55.1111 Z-1.4667 F800
G1 X95.1990 Y54.6197 Z-1.4667 F800
G1 X95.2693 Y54.5530 Z-1.4667 F800
G1 X95.7463 Y54.1269 Z-1.4667 F800
G1 X95.8390 Y54.0503 Z-1.4667 F800
G1 X96.3055 Y53.6933 Z-1.4667 F800
G1 X96.4295 Y53.6074 Z-1.4667 F800
G1 X96.8846 Y53.3233 Z-1.4667 F800
G1 X97.0517 Y53.2324 Z-1.4667 F800
G1 X97.4947 Y53.0248 Z-1.4667 F800
G1 X97.6046 Y52.9782 Z-1.4667 F800
G1 X97.7177 Y52.9401 Z-1.4667 F800
G1 X98.1478 Y52.8128 Z-1.4667 F800
G1 X98.2897 Y52.7778 Z-1.4667 F800
G1 X98.4343 Y52.7560 Z-1.4667 F800
G1 X98.8505 Y52.7127 Z-1.4667 F800
G1 X99.0279 Y52.7043 Z-1.4667 F800
G1 X99.2050 Y52.7157 Z-1.4667 F800
G1 X99.6228 Y52.7662 Z-1.4667 F800
G1 X99.7866 Y52.7947 Z-1.4667 F800
G1 X99.9465 Y52.8402 Z-1.4667 F800
G1 X100.3809 Y52.9889 Z-1.4667 F800
G1 X100.5031 Y53.0364 Z-1.4667 F800
G1 X100.6208 Y53.0939 Z-1.4667 F800
G1 X101.0708 Y53.3367 Z-1.4667 F800
G1 X101.2418 Y53.4435 Z-1.4667 F800
G1 X101.7062 Y53.7764 Z-1.4667 F800
G1 X101.8279 Y53.8730 Z-1.4667 F800
G1 X102.3057 Y54.2920 Z-1.4667 F800
G1 X102.3938 Y54.3753 Z-1.4667 F800
G1 X102.8840 Y54.8763 Z-1.4667 F800
G1 X102.9492 Y54.9471 Z-1.4667 F800
G1 X103.4508 Y55.5259 Z-1.4667 F800
G1 X103.5002 Y55.5859 Z-1.4667 F800
G1 X104.0120 Y56.2386 Z-1.4667 F800
G1 X104.0504 Y56.2897 Z-1.4667 F800
G1 X104.5713 Y57.0121 Z-1.4667 F800
G1 X104.6017 Y57.0559 Z-1.4667 F800
G1 X105.1307 Y57.8440 Z-1.4667 F800
G1 X105.1553 Y57.8818 Z-1.4667 F800
G1 X105.6913 Y58.7316 Z-1.4667 F800
G1 X105.7115 Y58.7645 Z-1.4667 F800
G1 X106.2534 Y59.6718 Z-1.4667 F800
G1 X106.2702 Y59.7007 Z-1.4667 F800
G1 X106.8171 Y60.6615 Z-1.4667 F800
G1 X106.8313 Y60.6870 Z-1.4667 F800
G1 X107.3820 Y61.6973 Z-1.4667 F800
G1 X107.3941 Y61.7200 Z-1.4667 F800
G1 X107.9476 Y62.7757 Z-1.4667 F800
G1 X107.9580 Y62.7960 Z-1.4667 F800
G1 X108.5132 Y63.8930 Z-1.4667 F800
G1 X108.5223 Y63.9113 Z-1.4667 F800
G1 X109.0780 Y65.0456 Z-1.4667 F800
G1 X109.0860 Y65.0622 Z-1.4667 F800
G1 X109.6414 Y66.2297 Z-1.4667 F800
G1 X109.6485 Y66.2448 Z-1.4667 F800
G1 X110.2023 Y67.4414 Z-1.4667 F800
G1 X110.2087 Y67.4552 Z-1.4667 F800
G1 X110.7599 Y68.6769 Z-1.4667 F800
G1 X110.7656 Y68.6896 Z-1.4667 F800
G1 X111.3133 Y69.9323 Z-1.4667 F800
G1 X111.3184 Y69.9441 Z-1.4667 F800
G1 X111.8614 Y71.2037 Z-1.4667 F800
G1 X111.8661 Y71.2146 Z-1.4667 F800
G1 X112.4033 Y72.4871 Z-1.4667 F800
G1 X112.4075 Y72.4973 Z-1.4667 F800
G1 X112.9379 Y73.7786 Z-1.4667 F800
G1 X112.9419 Y73.7882 Z-1.4667 F800
G1 X113.4643 Y75.0742 Z-1.4667 F800
G1 X113.4680 Y75.0833 Z-1.4667 F800
G1 X113.9815 Y76.3699 Z-1.4667 F800
G1 X113.9849 Y76.3786 Z-1.4667 F800
G1 X114.4884 Y77.6618 Z-1.4667 F800
G1 X114.4916 Y77.6700 Z-1.4667 F800
G1 X114.9840 Y78.9458 Z-1.4667 F800
G1 X114.9870 Y78.9537 Z-1.4667 F800
G1 X115.4673 Y80.2180 Z-1.4667 F800
G1 X115.4701 Y80.2256 Z-1.4667 F800
G1 X115.9372 Y81.4743 Z-1.4667 F800
G1 X115.9399 Y81.4817 Z-1.4667 F800
G1 X116.3927 Y82.7107 Z-1.4667 F800
G1 X116.3953 Y82.7179 Z-1.4667 F800
G1 X116.8327 Y83.9232 Z-1.4667 F800
G1 X116.8352 Y83.9304 Z-1.4667 F800
G1 X117.2562 Y85.1079 Z-1.4667 F800
G1 X117.2587 Y85.1150 Z-1.4667 F800
G1 X117.6622 Y86.2607 Z-1.4667 F800
G1 X117.6647 Y86.2678 Z-1.4667 F800
G1 X118.0496 Y87.3775 Z-1.4667 F800
G1 X118.0521 Y87.3847 Z-1.4667 F800
G1 X118.4175 Y88.4545 Z-1.4667 F800
G1 X118.4200 Y88.4620 Z-1.4667 F800
G1 X118.7646 Y89.4877 Z-1.4667 F800
G1 X118.7672 Y89.4955 Z-1.4667 F800
G1 X119.0901 Y90.4731 Z-1.4667 F800
G1 X119.0928 Y90.4813 Z-1.4667 F800
G1 X119.3929 Y91.4068 Z-1.4667 F800
G1 X119.3957 Y91.4157 Z-1.4667 F800
G1 X119.6720 Y92.2849 Z-1.4667 F800
G1 X119.6751 Y92.2948 Z-1.4667 F800
G1 X119.9263 Y93.1037 Z-1.4667 F800
G1 X119.9298 Y93.1150 Z-1.4667 F800
G1 X120.1551 Y93.8595 Z-1.4667 F800
G1 X120.1590 Y93.8727 Z-1.4667 F800
G1 X120.3572 Y94.5489 Z-1.4667 F800
G1 X120.3618 Y94.5649 Z-1.4667 F800
G1 X120.5319 Y95.1686 Z-1.4667 F800
G1 X120.5375 Y95.1892 Z-1.4667 F800
G1 X120.6784 Y95.7163 Z-1.4667 F800
G1 X120.6856 Y95.7445 Z-1.4667 F800
G1 X120.7826 Y96.1360 Z-1.4667 F800
G1 X121.5117 Y96.2860 Z-1.4667 F800
G1 X122.7972 Y96.4729 Z-1.4667 F800
G1 X124.4530 Y96.6572 Z-1.4667 F800
G1 X126.4477 Y96.8357 Z-1.4667 F800
G1 X128.7581 Y97.0073 Z-1.4667 F800
G1 X131.3643 Y97.1718 Z-1.4667 F800
G1 X134.2475 Y97.3290 Z-1.4667 F800
G1 X137.3897 Y97.4790 Z-1.4667 F800
G1 X140.7735 Y97.6219 Z-1.4667 F800
G1 X144.3814 Y97.7577 Z-1.4667 F800
G1 X148.1961 Y97.8867 Z-1.4667 F800
G1 X152.2005 Y98.0089 Z-1.4667 F800
G1 X156.3775 Y98.1245 Z-1.4667 F800
G1 X160.7100 Y98.2337 Z-1.4667 F800
G1 X165.1811 Y98.3365 Z-1.4667 F800
G1 X169.7736 Y98.4333 Z-1.4667 F800
G1 X174.4705 Y98.5240 Z-1.4667 F800
G1 X179.2550 Y98.6089 Z-1.4667 F800
G1 X184.1100 Y98.6881 Z-1.4667 F800
G1 X189.0185 Y98.7618 Z-1.4667 F800
G1 X193.9636 Y98.8302 Z-1.4667 F800
G1 X198.9283 Y98.8933 Z-1.4667 F800
G1 X203.8956 Y98.9514 Z-1.4667 F800
G1 X208.8487 Y99.0046 Z-1.4667 F800
G1 X213.7704 Y99.0531 Z-1.4667 F800
G1 X218.6439 Y99.0970 Z-1.4667 F800
G1 X223.4523 Y99.1365 Z-1.4667 F800
G1 X228.1785 Y99.1717 Z-1.4667 F800
G1 X232.8056 Y99.2028 Z-1.4667 F800
G1 X237.3167 Y99.2300 Z-1.4667 F800
G1 X241.6948 Y99.2534 Z-1.4667 F800
G1 X245.9230 Y99.2731 Z-1.4667 F800
G1 X249.9842 Y99.2894 Z-1.4667 F800
G1 X253.8616 Y99.3024 Z-1.4667 F800
G1 X257.5382 Y99.3122 Z-1.4667 F800
G1 X260.9970 Y99.3190 Z-1.4667 F800
G1 X264.2210 Y99.3230 Z-1.4667 F800
G1 X267.1934 Y99.3243 Z-1.4667 F800
G1 X269.8969 Y99.3230 Z-1.4667 F800
G1 X272.3147 Y99.3194 Z-1.4667 F800
G1 X274.4295 Y99.3136 Z-1.4667 F800
G1 X276.2242 Y99.3058 Z-1.4667 F800
G1 X277.6808 Y99.2960 Z-1.4667 F800
G1 X278.7802 Y99.2846 Z-1.4667 F800
G1 X279.3263 Y99.2750 Z-1.4667 F800
G1 X279.4757 Y99.0799 Z-1.4667 F800
G1 X279.7307 Y98.7069 Z-1.4667 F800
G1 X280.0283 Y98.2358 Z-1.4667 F800
G1 X280.3614 Y97.6769 Z-1.4667 F800
G1 X280.7257 Y97.0382 Z-1.4667 F800
G1 X281.1184 Y96.3260 Z-1.4667 F800
G1 X281.5371 Y95.5461 Z-1.4667 F800
G1 X281.9802 Y94.7036 Z-1.4667 F800
G1 X282.4458 Y93.8034 Z-1.4667 F800
G1 X282.9324 Y92.8503 Z-1.4667 F800
G1 X283.4388 Y91.8489 Z-1.4667 F800
G1 X283.9635 Y90.8037 Z-1.4667 F800
G1 X284.5051 Y89.7191 Z-1.4667 F800
G1 X285.0624 Y88.5997 Z-1.4667 F800
G1 X285.6342 Y87.4496 Z-1.4667 F800
G1 X286.2192 Y86.2729 Z-1.4667 F800
G1 X286.8153 Y85.0761 Z-1.4667 F800
G1 X286.8162 Y85.0743 Z-1.4667 F800
G1 X287.4226 Y83.8607 Z-1.4667 F800
G1 X287.4239 Y83.8582 Z-1.4667 F800
G1 X288.0392 Y82.6321 Z-1.4667 F800
G1 X288.0409 Y82.6287 Z-1.4667 F800
G1 X288.6641 Y81.3944 Z-1.4667 F800
G1 X288.6662 Y81.3902 Z-1.4667 F800
G1 X289.2960 Y80.1519 Z-1.4667 F800
G1 X289.2986 Y80.1469 Z-1.4667 F800
G1 X289.9337 Y78.9090 Z-1.4667 F800
G1 X289.9368 Y78.9031 Z-1.4667 F800
G1 X290.5761 Y77.6697 Z-1.4667 F800
G1 X290.5796 Y77.6629 Z-1.4667 F800
G1 X291.2218 Y76.4384 Z-1.4667 F800
G1 X291.2259 Y76.4307 Z-1.4667 F800
G1 X291.8699 Y75.2193 Z-1.4667 F800
G1 X291.8746 Y75.2104 Z-1.4667 F800
G1 X292.5190 Y74.0165 Z-1.4667 F800
G1 X292.5245 Y74.0064 Z-1.4667 F800
G1 X293.1681 Y72.8342 Z-1.4667 F800
G1 X293.1744 Y72.8228 Z-1.4667 F800
G1 X293.8161 Y71.6765 Z-1.4667 F800
G1 X293.8234 Y71.6636 Z-1.4667 F800
G1 X294.4618 Y70.5476 Z-1.4667 F800
G1 X294.4703 Y70.5330 Z-1.4667 F800
G1 X295.1043 Y69.4515 Z-1.4667 F800
G1 X295.1141 Y69.4350 Z-1.4667 F800
G1 X295.7426 Y68.3922 Z-1.4667 F800
G1 X295.7541 Y68.3734 Z-1.4667 F800
G1 X296.3756 Y67.3738 Z-1.4667 F800
G1 X296.3892 Y67.3523 Z-1.4667 F800
G1 X297.0026 Y66.4000 Z-1.4667 F800
G1 X297.0188 Y66.3754 Z-1.4667 F800
G1 X297.6230 Y65.4746 Z-1.4667 F800
G1 X297.6424 Y65.4463 Z-1.4667 F800
G1 X298.2360 Y64.6015 Z-1.4667 F800
G1 X298.2598 Y64.5686 Z-1.4667 F800
G1 X298.8416 Y63.7839 Z-1.4667 F800
G1 X298.8710 Y63.7455 Z-1.4667 F800
G1 X299.4399 Y63.0253 Z-1.4667 F800
G1 X299.4769 Y62.9802 Z-1.4667 F800
G1 X300.0315 Y62.3287 Z-1.4667 F800
G1 X300.0790 Y62.2754 Z-1.4667 F800
G1 X300.6183 Y61.6969 Z-1.4667 F800
G1 X300.6806 Y61.6336 Z-1.4667 F800
G1 X301.2032 Y61.1324 Z-1.4667 F800
G1 X301.2871 Y61.0575 Z-1.4667 F800
G1 X301.7918 Y60.6378 Z-1.4667 F800
G1 X301.9074 Y60.5503 Z-1.4667 F800
G1 X302.3930 Y60.2164 Z-1.4667 F800
G1 X302.5556 Y60.1184 Z-1.4667 F800
G1 X303.0209 Y59.8746 Z-1.4667 F800
G1 X303.1341 Y59.8209 Z-1.4667 F800
G1 X303.2511 Y59.7763 Z-1.4667 F800
G1 X303.6948 Y59.6269 Z-1.4667 F800
G1 X303.8512 Y59.5830 Z-1.4667 F800
G1 X304.0113 Y59.5553 Z-1.4667 F800
G1 X304.4323 Y59.5046 Z-1.4667 F800
G1 X304.6086 Y59.4932 Z-1.4667 F800
G1 X304.7852 Y59.5015 Z-1.4667 F800
G1 X305.1927 Y59.5436 Z-1.4667 F800
G1 X305.3451 Y59.5668 Z-1.4667 F800
G1 X305.4945 Y59.6047 Z-1.4667 F800
G1 X305.8988 Y59.7285 Z-1.4667 F800
G1 X306.0257 Y59.7733 Z-1.4667 F800
G1 X306.1483 Y59.8286 Z-1.4667 F800
G1 X306.5493 Y60.0306 Z-1.4667 F800
G1 X306.7419 Y60.1454 Z-1.4667 F800
G1 X307.1396 Y60.4221 Z-1.4667 F800
G1 X307.2833 Y60.5349 Z-1.4667 F800
G1 X307.6775 Y60.8828 Z-1.4667 F800
G1 X307.7837 Y60.9857 Z-1.4667 F800
G1 X308.1743 Y61.4013 Z-1.4667 F800
G1 X308.2532 Y61.4919 Z-1.4667 F800
G1 X308.6401 Y61.9716 Z-1.4667 F800
G1 X308.6994 Y62.0499 Z-1.4667 F800
G1 X309.0827 Y62.5903 Z-1.4667 F800
G1 X309.1279 Y62.6576 Z-1.4667 F800
G1 X309.5073 Y63.2551 Z-1.4667 F800
G1 X309.5424 Y63.3130 Z-1.4667 F800
G1 X309.9180 Y63.9641 Z-1.4667 F800
G1 X309.9455 Y64.0139 Z-1.4667 F800
G1 X310.3172 Y64.7152 Z-1.4667 F800
G1 X310.3392 Y64.7583 Z-1.4667 F800
G1 X310.7068 Y65.5061 Z-1.4667 F800
G1 X310.7246 Y65.5435 Z-1.4667 F800
G1 X311.0881 Y66.3345 Z-1.4667 F800
G1 X311.1026 Y66.3671 Z-1.4667 F800
G1 X311.4620 Y67.1976 Z-1.4667 F800
G1 X311.4739 Y67.2261 Z-1.4667 F800
G1 X311.8290 Y68.0927 Z-1.4667 F800
G1 X311.8390 Y68.1177 Z-1.4667 F800
G1 X312.1898 Y69.0169 Z-1.4667 F800
G1 X312.1981 Y69.0388 Z-1.4667 F800
G1 X312.5444 Y69.9671 Z-1.4667 F800
G1 X312.5515 Y69.9864 Z-1.4667 F800
G1 X312.8933 Y70.9402 Z-1.4667 F800
G1 X312.8993 Y70.9572 Z-1.4667 F800
G1 X313.2366 Y71.9330 Z-1.4667 F800
G1 X313.2417 Y71.9479 Z-1.4667 F800
G1 X313.5742 Y72.9422 Z-1.4667 F800
G1 X313.5786 Y72.9554 Z-1.4667 F800
G1 X313.9064 Y73.9646 Z-1.4667 F800
G1 X313.9101 Y73.9761 Z-1.4667 F800
G1 X314.2331 Y74.9969 Z-1.4667 F800
G1 X314.2362 Y75.0068 Z-1.4667 F800
G1 X314.5544 Y76.0355 Z-1.4667 F800
G1 X314.5570 Y76.0441 Z-1.4667 F800
G1 X314.8702 Y77.0773 Z-1.4667 F800
G1 X314.8723 Y77.0845 Z-1.4667 F800
G1 X315.1804 Y78.1186 Z-1.4667 F800
G1 X315.1822 Y78.1245 Z-1.4667 F800
G1 X315.4852 Y79.1561 Z-1.4667 F800
G1 X315.4865 Y79.1608 Z-1.4667 F800
G1 X315.7843 Y80.1863 Z-1.4667 F800
G1 X315.7853 Y80.1898 Z-1.4667 F800
G1 X316.0778 Y81.2057 Z-1.4667 F800
G1 X316.0785 Y81.2079 Z-1.4667 F800
G1 X316.3659 Y82.2117 Z-1.4667 F800
G1 X316.6475 Y83.1977 Z-1.4667 F800
G1 X316.9233 Y84.1628 Z-1.4667 F800
G1 X317.1932 Y85.1027 Z-1.4667 F800
G1 X317.4569 Y86.0139 Z-1.4667 F800
G1 X317.7142 Y86.8926 Z-1.4667 F800
G1 X317.9651 Y87.7351 Z-1.4667 F800
G1 X318.2093 Y88.5374 Z-1.4667 F800
G1 X318.4465 Y89.2956 Z-1.4667 F800
G1 X318.6762 Y90.0055 Z-1.4667 F800
G1 X318.8981 Y90.6626 Z-1.4667 F800
G1 X319.1113 Y91.2622 Z-1.4667 F800
G1 X319.3145 Y91.7987 Z-1.4667 F800
G1 X319.5059 Y92.2657 Z-1.4667 F800
G1 X319.6819 Y92.6551 Z-1.4667 F800
G1 X319.8361 Y92.9561 Z-1.4667 F800
G1 X319.9097 Y93.0779 Z-1.4667 F800
G1 X320.0416 Y93.1045 Z-1.4667 F800
G1 X320.4767 Y93.1851 Z-1.4667 F800
G1 X321.0256 Y93.2814 Z-1.4667 F800
G1 X321.6793 Y93.3920 Z-1.4667 F800
G1 X322.4311 Y93.5158 Z-1.4667 F800
G1 X323.2748 Y93.6519 Z-1.4667 F800
G1 X324.2048 Y93.7996 Z-1.4667 F800
G1 X325.2156 Y93.9580 Z-1.4667 F800
G1 X326.3018 Y94.1263 Z-1.4667 F800
G1 X327.4580 Y94.3040 Z-1.4667 F800
G1 X328.6789 Y94.4901 Z-1.4667 F800
G1 X329.9592 Y94.6840 Z-1.4667 F800
G1 X331.2937 Y94.8849 Z-1.4667 F800
G1 X332.6770 Y95.0922 Z-1.4667 F800
G1 X334.1041 Y95.3050 Z-1.4667 F800
G1 X335.5695 Y95.5227 Z-1.4667 F800
G1 X337.0682 Y95.7445 Z-1.4667 F800
G1 X338.5947 Y95.9698 Z-1.4667 F800
G1 X340.1440 Y96.1977 Z-1.4667 F800
G1 X341.7107 Y96.4275 Z-1.4667 F800
G1 X343.2897 Y96.6586 Z-1.4667 F800
G1 X344.8757 Y96.8902 Z-1.4667 F800
G1 X346.4635 Y97.1216 Z-1.4667 F800
G1 X348.0479 Y97.3521 Z-1.4667 F800
G1 X349.6235 Y97.5808 Z-1.4667 F800
G1 X351.1853 Y97.8072 Z-1.4667 F800
G1 X352.7280 Y98.0305 Z-1.4667 F800
G1 X354.2464 Y98.2499 Z-1.4667 F800
G1 X355.7351 Y98.4648 Z-1.4667 F800
G1 X357.1891 Y98.6744 Z-1.4667 F800
G1 X358.6031 Y98.8780 Z-1.4667 F800
G1 X359.9718 Y99.0748 Z-1.4667 F800
G1 X361.2901 Y99.2642 Z-1.4667 F800
G1 X362.5527 Y99.4454 Z-1.4667 F800
G1 X363.7544 Y99.6177 Z-1.4667 F800
G1 X364.8899 Y99.7804 Z-1.4667 F800
G1 X365.9541 Y99.9327 Z-1.4667 F800
G1 X366.9418 Y100.0740 Z-1.4667 F800
G1 X367.8476 Y100.2034 Z-1.4667 F800
G1 X368.6664 Y100.3204 Z-1.4667 F800
G1 X368.7440 Y100.3314 Z-1.4667 F800
G1 X368.5083 Y99.7168 Z-1.4667 F800
G1 X367.9973 Y98.4060 Z-1.4667 F800
G1 X367.3924 Y96.8955 Z-1.4667 F800
G1 X366.6881 Y95.1948 Z-1.4667 F800
G1 X365.8793 Y93.3142 Z-1.4667 F800
G1 X364.9611 Y91.2644 Z-1.4667 F800
G1 X363.9284 Y89.0562 Z-1.4667 F800
G1 X362.7763 Y86.7004 Z-1.4667 F800
G1 X361.4999 Y84.2080 Z-1.4667 F800
G1 X360.0943 Y81.5900 Z-1.4667 F800
G1 X358.5547 Y78.8573 Z-1.4667 F800
G1 X356.8761 Y76.0210 Z-1.4667 F800
G1 X355.0537 Y73.0921 Z-1.4667 F800
G1 X353.0826 Y70.0815 Z-1.4667 F800
G1 X350.9580 Y67.0004 Z-1.4667 F800
G1 X348.6750 Y63.8596 Z-1.4667 F800
G1 X346.2287 Y60.6702 Z-1.4667 F800
G1 X343.6142 Y57.4432 Z-1.4667 F800
G1 X340.8267 Y54.1895 Z-1.4667 F800
G1 X337.8612 Y50.9202 Z-1.4667 F800
G1 X334.7130 Y47.6461 Z-1.4667 F800
G1 X331.3769 Y44.3782 Z-1.4667 F800
G1 X327.8482 Y41.1276 Z-1.4667 F800
G1 X324.1219 Y37.9050 Z-1.4667 F800
G1 X320.1929 Y34.7214 Z-1.4667 F800
G1 X316.0564 Y31.5878 Z-1.4667 F800
G1 X311.7073 Y28.5151 Z-1.4667 F800
G1 X307.1406 Y25.5142 Z-1.4667 F800
G1 X302.3513 Y22.5960 Z-1.4667 F800
G1 X297.3343 Y19.7715 Z-1.4667 F800
G1 X292.0844 Y17.0516 Z-1.4667 F800
G1 X286.5967 Y14.4474 Z-1.4667 F800
G1 X280.8659 Y11.9697 Z-1.4667 F800
G1 X274.8870 Y9.6296 Z-1.4667 F800
G1 X268.6549 Y7.4382 Z-1.4667 F800
G1 X262.1643 Y5.4064 Z-1.4667 F800
G1 X255.4102 Y3.5454 Z-1.4667 F800
G1 X248.3875 Y1.8662 Z-1.4667 F800
G1 X241.0909 Y0.3800 Z-1.4667 F800
G1 X233.5155 Y-0.9021 Z-1.4667 F800
G1 X225.6561 Y-1.9690 Z-1.4667 F800
G1 X217.5077 Y-2.8096 Z-1.4667 F800
G1 X209.0651 Y-3.4125 Z-1.4667 F800
G1 X200.3226 Y-3.7668 Z-1.4667 F800
G1 X191.5754 Y-3.8658 Z-1.4667 F800
G1 X183.1208 Y-3.7177 Z-1.4667 F800
G1 X174.9549 Y-3.3329 Z-1.4667 F800
G1 X167.0731 Y-2.7218 Z-1.4667 F800
G1 X159.4706 Y-1.8949 Z-1.4667 F800
G1 X152.1427 Y-0.8627 Z-1.4667 F800
G1 X145.0848 Y0.3645 Z-1.4667 F800
G1 X138.2921 Y1.7762 Z-1.4667 F800
G1 X131.7599 Y3.3619 Z-1.4667 F800
G1 X125.4833 Y5.1113 Z-1.4667 F800
G1 X119.4578 Y7.0140 Z-1.4667 F800
G1 X113.6785 Y9.0597 Z-1.4667 F800
G1 X108.1405 Y11.2380 Z-1.4667 F800
G1 X102.8393 Y13.5386 Z-1.4667 F800
G1 X97.7700 Y15.9512 Z-1.4667 F800
G1 X92.9278 Y18.4656 Z-1.4667 F800
G1 X88.3080 Y21.0714 Z-1.4667 F800
G1 X83.9060 Y23.7583 Z-1.4667 F800
G1 X79.7169 Y26.5163 Z-1.4667 F800
G1 X75.7362 Y29.3350 Z-1.4667 F800
G1 X71.9590 Y32.2042 Z-1.4667 F800
G1 X68.3808 Y35.1137 Z-1.4667 F800
G1 X64.9970 Y38.0533 Z-1.4667 F800
G1 X61.8029 Y41.0128 Z-1.4667 F800
G1 X58.7939 Y43.9819 Z-1.4667 F800
G1 X55.9655 Y46.9503 Z-1.4667 F800
G1 X53.3130 Y49.9079 Z-1.4667 F800
G1 X50.8320 Y52.8444 Z-1.4667 F800
G1 X48.5179 Y55.7495 Z-1.4667 F800
G1 X46.3662 Y58.6129 Z-1.4667 F800
G1 X44.3723 Y61.4244 Z-1.4667 F800
G1 X42.5317 Y64.1735 Z-1.4667 F800
G1 X40.8400 Y66.8501 Z-1.4667 F800
G1 X39.2926 Y69.4436 Z-1.4667 F800
G1 X37.8851 Y71.9438 Z-1.4667 F800
G1 X36.6129 Y74.3402 Z-1.4667 F800
G1 X35.4716 Y76.6224 Z-1.4667 F800
G1 X34.4567 Y78.7799 Z-1.4667 F800
G1 X33.5638 Y80.8020 Z-1.4667 F800
G1 X32.7884 Y82.6782 Z-1.4667 F800
G1 X32.1260 Y84.3975 Z-1.4667 F800
G1 X31.5724 Y85.9488 Z-1.4667 F800
G1 X31.1232 Y87.3203 Z-1.4667 F800
G1 X30.7743 Y88.4993 Z-1.4667 F800
G1 X30.5219 Y89.4701 Z-1.4667 F800
G1 X30.3700 Y90.1759 Z-1.4667 F800
G0 Z5.000
( -- pass 2/9, target Z=-2.9333 -- )
G0 X30.3700 Y90.1759 Z5.0000
G1 Z-2.9333 F300
G1 X30.4668 Y90.1965 Z-2.9333 F800
G1 X30.9531 Y90.2595 Z-2.9333 F800
G1 X31.5561 Y90.3026 Z-2.9333 F800
G1 X32.2614 Y90.3228 Z-2.9333 F800
G1 X33.0581 Y90.3193 Z-2.9333 F800
G1 X33.9380 Y90.2925 Z-2.9333 F800
G1 X34.8936 Y90.2433 Z-2.9333 F800
G1 X35.9188 Y90.1729 Z-2.9333 F800
G1 X37.0076 Y90.0824 Z-2.9333 F800
G1 X38.1546 Y89.9732 Z-2.9333 F800
G1 X39.3543 Y89.8467 Z-2.9333 F800
G1 X40.6017 Y89.7041 Z-2.9333 F800
G1 X41.8917 Y89.5468 Z-2.9333 F800
G1 X43.2194 Y89.3763 Z-2.9333 F800
G1 X44.5799 Y89.1940 Z-2.9333 F800
G1 X45.9684 Y89.0011 Z-2.9333 F800
G1 X47.3801 Y88.7991 Z-2.9333 F800
G1 X48.8101 Y88.5894 Z-2.9333 F800
G1 X50.2538 Y88.3733 Z-2.9333 F800
G1 X51.7064 Y88.1523 Z-2.9333 F800
G1 X53.1631 Y87.9277 Z-2.9333 F800
G1 X54.6194 Y87.7009 Z-2.9333 F800
G1 X56.0705 Y87.4733 Z-2.9333 F800
G1 X57.5117 Y87.2462 Z-2.9333 F800
G1 X58.9386 Y87.0211 Z-2.9333 F800
G1 X60.3464 Y86.7993 Z-2.9333 F800
G1 X61.7287 Y86.5824 Z-2.9333 F800
G1 X61.7305 Y86.5821 Z-2.9333 F800
G1 X63.0836 Y86.3714 Z-2.9333 F800
G1 X63.0863 Y86.3710 Z-2.9333 F800
G1 X64.4055 Y86.1679 Z-2.9333 F800
G1 X64.4091 Y86.1674 Z-2.9333 F800
G1 X65.6897 Y85.9733 Z-2.9333 F800
G1 X65.6944 Y85.9726 Z-2.9333 F800
G1 X66.9318 Y85.7888 Z-2.9333 F800
G1 X66.9378 Y85.7879 Z-2.9333 F800
G1 X68.1273 Y85.6158 Z-2.9333 F800
G1 X68.1347 Y85.6148 Z-2.9333 F800
G1 X69.2717 Y85.4558 Z-2.9333 F800
G1 X69.2810 Y85.4545 Z-2.9333 F800
G1 X70.3607 Y85.3101 Z-2.9333 F800
G1 X70.3722 Y85.3086 Z-2.9333 F800
G1 X71.3900 Y85.1800 Z-2.9333 F800
G1 X71.4044 Y85.1782 Z-2.9333 F800
G1 X72.3557 Y85.0668 Z-2.9333 F800
G1 X72.3739 Y85.0648 Z-2.9333 F800
G1 X73.2539 Y84.9721 Z-2.9333 F800
G1 X73.2772 Y84.9698 Z-2.9333 F800
G1 X74.0813 Y84.8970 Z-2.9333 F800
G1 X74.1119 Y84.8946 Z-2.9333 F800
G1 X74.8354 Y84.8432 Z-2.9333 F800
G1 X74.8768 Y84.8408 Z-2.9333 F800
G1 X75.5150 Y84.8122 Z-2.9333 F800
G1 X75.5732 Y84.8107 Z-2.9333 F800
G1 X76.1215 Y84.8063 Z-2.9333 F800
G1 X76.2081 Y84.8079 Z-2.9333 F800
G1 X76.6618 Y84.8290 Z-2.9333 F800
G1 X76.8012 Y84.8417 Z-2.9333 F800
G1 X77.1557 Y84.8897 Z-2.9333 F800
G1 X77.2289 Y84.9027 Z-2.9333 F800
G1 X77.3056 Y84.8288 Z-2.9333 F800
G1 X77.5450 Y84.5570 Z-2.9333 F800
G1 X77.8271 Y84.1959 Z-2.9333 F800
G1 X78.1418 Y83.7549 Z-2.9333 F800
G1 X78.4830 Y83.2416 Z-2.9333 F800
G1 X78.8468 Y82.6625 Z-2.9333 F800
G1 X79.2307 Y82.0230 Z-2.9333 F800
G1 X79.6325 Y81.3283 Z-2.9333 F800
G1 X80.0507 Y80.5831 Z-2.9333 F800
G1 X80.4839 Y79.7918 Z-2.9333 F800
G1 X80.9310 Y78.9586 Z-2.9333 F800
G1 X81.3909 Y78.0877 Z-2.9333 F800
G1 X81.8625 Y77.1831 Z-2.9333 F800
G1 X82.3450 Y76.2487 Z-2.9333 F800
G1 X82.8375 Y75.2886 Z-2.9333 F800
G1 X83.3390 Y74.3064 Z-2.9333 F800
G1 X83.8489 Y73.3061 Z-2.9333 F800
G1 X84.3664 Y72.2908 Z-2.9333 F800
G1 X84.8892 Y71.2676 Z-2.9333 F800
G1 X84.8905 Y71.2650 Z-2.9333 F800
G1 X85.4186 Y70.2361 Z-2.9333 F800
G1 X85.4205 Y70.2324 Z-2.9333 F800
G1 X85.9530 Y69.2016 Z-2.9333 F800
G1 X85.9555 Y69.1967 Z-2.9333 F800
G1 X86.4916 Y68.1677 Z-2.9333 F800
G1 X86.4949 Y68.1615 Z-2.9333 F800
G1 X87.0338 Y67.1382 Z-2.9333 F800
G1 X87.0378 Y67.1307 Z-2.9333 F800
G1 X87.5788 Y66.1166 Z-2.9333 F800
G1 X87.5836 Y66.1077 Z-2.9333 F800
G1 X88.1258 Y65.1067 Z-2.9333 F800
G1 X88.1315 Y65.0963 Z-2.9333 F800
G1 X88.6742 Y64.1120 Z-2.9333 F800
G1 X88.6810 Y64.1000 Z-2.9333 F800
G1 X89.2234 Y63.1363 Z-2.9333 F800
G1 X89.2313 Y63.1223 Z-2.9333 F800
G1 X89.7726 Y62.1829 Z-2.9333 F800
G1 X89.7819 Y62.1669 Z-2.9333 F800
G1 X90.3213 Y61.2555 Z-2.9333 F800
G1 X90.3323 Y61.2372 Z-2.9333 F800
G1 X90.8690 Y60.3575 Z-2.9333 F800
G1 X90.8820 Y60.3365 Z-2.9333 F800
G1 X91.4153 Y59.4923 Z-2.9333 F800
G1 X91.4308 Y59.4683 Z-2.9333 F800
G1 X91.9598 Y58.6632 Z-2.9333 F800
G1 X91.9783 Y58.6356 Z-2.9333 F800
G1 X92.5022 Y57.8735 Z-2.9333 F800
G1 X92.5246 Y57.8417 Z-2.9333 F800
G1 X93.0427 Y57.1263 Z-2.9333 F800
G1 X93.0701 Y57.0896 Z-2.9333 F800
G1 X93.5816 Y56.4246 Z-2.9333 F800
G1 X93.6155 Y56.3820 Z-2.9333 F800
G1 X94.1195 Y55.7711 Z-2.9333 F800
G1 X94.1621 Y55.7217 Z-2.9333 F800
G1 X94.6579 Y55.1687 Z-2.9333 F800
G1 X94.7121 Y55.1111 Z-2.9333 F800
G1 X95.1990 Y54.6197 Z-2.9333 F800
G1 X95.2693 Y54.5530 Z-2.9333 F800
G1 X95.7463 Y54.1269 Z-2.9333 F800
G1 X95.8390 Y54.0503 Z-2.9333 F800
G1 X96.3055 Y53.6933 Z-2.9333 F800
G1 X96.4295 Y53.6074 Z-2.9333 F800
G1 X96.8846 Y53.3233 Z-2.9333 F800
G1 X97.0517 Y53.2324 Z-2.9333 F800
G1 X97.4947 Y53.0248 Z-2.9333 F800
G1 X97.6046 Y52.9782 Z-2.9333 F800
G1 X97.7177 Y52.9401 Z-2.9333 F800
G1 X98.1478 Y52.8128 Z-2.9333 F800
G1 X98.2897 Y52.7778 Z-2.9333 F800
G1 X98.4343 Y52.7560 Z-2.9333 F800
G1 X98.8505 Y52.7127 Z-2.9333 F800
G1 X99.0279 Y52.7043 Z-2.9333 F800
G1 X99.2050 Y52.7157 Z-2.9333 F800
G1 X99.6228 Y52.7662 Z-2.9333 F800
G1 X99.7866 Y52.7947 Z-2.9333 F800
G1 X99.9465 Y52.8402 Z-2.9333 F800
G1 X100.3809 Y52.9889 Z-2.9333 F800
G1 X100.5031 Y53.0364 Z-2.9333 F800
G1 X100.6208 Y53.0939 Z-2.9333 F800
G1 X101.0708 Y53.3367 Z-2.9333 F800
G1 X101.2418 Y53.4435 Z-2.9333 F800
G1 X101.7062 Y53.7764 Z-2.9333 F800
G1 X101.8279 Y53.8730 Z-2.9333 F800
G1 X102.3057 Y54.2920 Z-2.9333 F800
G1 X102.3938 Y54.3753 Z-2.9333 F800
G1 X102.8840 Y54.8763 Z-2.9333 F800
G1 X102.9492 Y54.9471 Z-2.9333 F800
G1 X103.4508 Y55.5259 Z-2.9333 F800
G1 X103.5002 Y55.5859 Z-2.9333 F800
G1 X104.0120 Y56.2386 Z-2.9333 F800
G1 X104.0504 Y56.2897 Z-2.9333 F800
G1 X104.5713 Y57.0121 Z-2.9333 F800
G1 X104.6017 Y57.0559 Z-2.9333 F800
G1 X105.1307 Y57.8440 Z-2.9333 F800
G1 X105.1553 Y57.8818 Z-2.9333 F800
G1 X105.6913 Y58.7316 Z-2.9333 F800
G1 X105.7115 Y58.7645 Z-2.9333 F800
G1 X106.2534 Y59.6718 Z-2.9333 F800
G1 X106.2702 Y59.7007 Z-2.9333 F800
G1 X106.8171 Y60.6615 Z-2.9333 F800
G1 X106.8313 Y60.6870 Z-2.9333 F800
G1 X107.3820 Y61.6973 Z-2.9333 F800
G1 X107.3941 Y61.7200 Z-2.9333 F800
G1 X107.9476 Y62.7757 Z-2.9333 F800
G1 X107.9580 Y62.7960 Z-2.9333 F800
G1 X108.5132 Y63.8930 Z-2.9333 F800
G1 X108.5223 Y63.9113 Z-2.9333 F800
G1 X109.0780 Y65.0456 Z-2.9333 F800
G1 X109.0860 Y65.0622 Z-2.9333 F800
G1 X109.6414 Y66.2297 Z-2.9333 F800
G1 X109.6485 Y66.2448 Z-2.9333 F800
G1 X110.2023 Y67.4414 Z-2.9333 F800
G1 X110.2087 Y67.4552 Z-2.9333 F800
G1 X110.7599 Y68.6769 Z-2.9333 F800
G1 X110.7656 Y68.6896 Z-2.9333 F800
G1 X111.3133 Y69.9323 Z-2.9333 F800
G1 X111.3184 Y69.9441 Z-2.9333 F800
G1 X111.8614 Y71.2037 Z-2.9333 F800
G1 X111.8661 Y71.2146 Z-2.9333 F800
G1 X112.4033 Y72.4871 Z-2.9333 F800
G1 X112.4075 Y72.4973 Z-2.9333 F800
G1 X112.9379 Y73.7786 Z-2.9333 F800
G1 X112.9419 Y73.7882 Z-2.9333 F800
G1 X113.4643 Y75.0742 Z-2.9333 F800
G1 X113.4680 Y75.0833 Z-2.9333 F800
G1 X113.9815 Y76.3699 Z-2.9333 F800
G1 X113.9849 Y76.3786 Z-2.9333 F800
G1 X114.4884 Y77.6618 Z-2.9333 F800
G1 X114.4916 Y77.6700 Z-2.9333 F800
G1 X114.9840 Y78.9458 Z-2.9333 F800
G1 X114.9870 Y78.9537 Z-2.9333 F800
G1 X115.4673 Y80.2180 Z-2.9333 F800
G1 X115.4701 Y80.2256 Z-2.9333 F800
G1 X115.9372 Y81.4743 Z-2.9333 F800
G1 X115.9399 Y81.4817 Z-2.9333 F800
G1 X116.3927 Y82.7107 Z-2.9333 F800
G1 X116.3953 Y82.7179 Z-2.9333 F800
G1 X116.8327 Y83.9232 Z-2.9333 F800
G1 X116.8352 Y83.9304 Z-2.9333 F800
G1 X117.2562 Y85.1079 Z-2.9333 F800
G1 X117.2587 Y85.1150 Z-2.9333 F800
G1 X117.6622 Y86.2607 Z-2.9333 F800
G1 X117.6647 Y86.2678 Z-2.9333 F800
G1 X118.0496 Y87.3775 Z-2.9333 F800
G1 X118.0521 Y87.3847 Z-2.9333 F800
G1 X118.4175 Y88.4545 Z-2.9333 F800
G1 X118.4200 Y88.4620 Z-2.9333 F800
G1 X118.7646 Y89.4877 Z-2.9333 F800
G1 X118.7672 Y89.4955 Z-2.9333 F800
G1 X119.0901 Y90.4731 Z-2.9333 F800
G1 X119.0928 Y90.4813 Z-2.9333 F800
G1 X119.3929 Y91.4068 Z-2.9333 F800
G1 X119.3957 Y91.4157 Z-2.9333 F800
G1 X119.6720 Y92.2849 Z-2.9333 F800
G1 X119.6751 Y92.2948 Z-2.9333 F800
G1 X119.9263 Y93.1037 Z-2.9333 F800
G1 X119.9298 Y93.1150 Z-2.9333 F800
G1 X120.1551 Y93.8595 Z-2.9333 F800
G1 X120.1590 Y93.8727 Z-2.9333 F800
G1 X120.3572 Y94.5489 Z-2.9333 F800
G1 X120.3618 Y94.5649 Z-2.9333 F800
G1 X120.5319 Y95.1686 Z-2.9333 F800
G1 X120.5375 Y95.1892 Z-2.9333 F800
G1 X120.6784 Y95.7163 Z-2.9333 F800
G1 X120.6856 Y95.7445 Z-2.9333 F800
G1 X120.7826 Y96.1360 Z-2.9333 F800
G1 X121.5117 Y96.2860 Z-2.9333 F800
G1 X122.7972 Y96.4729 Z-2.9333 F800
G1 X124.4530 Y96.6572 Z-2.9333 F800
G1 X126.4477 Y96.8357 Z-2.9333 F800
G1 X128.7581 Y97.0073 Z-2.9333 F800
G1 X131.3643 Y97.1718 Z-2.9333 F800
G1 X134.2475 Y97.3290 Z-2.9333 F800
G1 X137.3897 Y97.4790 Z-2.9333 F800
G1 X140.7735 Y97.6219 Z-2.9333 F800
G1 X144.3814 Y97.7577 Z-2.9333 F800
G1 X148.1961 Y97.8867 Z-2.9333 F800
G1 X152.2005 Y98.0089 Z-2.9333 F800
G1 X156.3775 Y98.1245 Z-2.9333 F800
G1 X160.7100 Y98.2337 Z-2.9333 F800
G1 X165.1811 Y98.3365 Z-2.9333 F800
G1 X169.7736 Y98.4333 Z-2.9333 F800
G1 X174.4705 Y98.5240 Z-2.9333 F800
G1 X179.2550 Y98.6089 Z-2.9333 F800
G1 X184.1100 Y98.6881 Z-2.9333 F800
G1 X189.0185 Y98.7618 Z-2.9333 F800
G1 X193.9636 Y98.8302 Z-2.9333 F800
G1 X198.9283 Y98.8933 Z-2.9333 F800
G1 X203.8956 Y98.9514 Z-2.9333 F800
G1 X208.8487 Y99.0046 Z-2.9333 F800
G1 X213.7704 Y99.0531 Z-2.9333 F800
G1 X218.6439 Y99.0970 Z-2.9333 F800
G1 X223.4523 Y99.1365 Z-2.9333 F800
G1 X228.1785 Y99.1717 Z-2.9333 F800
G1 X232.8056 Y99.2028 Z-2.9333 F800
G1 X237.3167 Y99.2300 Z-2.9333 F800
G1 X241.6948 Y99.2534 Z-2.9333 F800
G1 X245.9230 Y99.2731 Z-2.9333 F800
G1 X249.9842 Y99.2894 Z-2.9333 F800
G1 X253.8616 Y99.3024 Z-2.9333 F800
G1 X257.5382 Y99.3122 Z-2.9333 F800
G1 X260.9970 Y99.3190 Z-2.9333 F800
G1 X264.2210 Y99.3230 Z-2.9333 F800
G1 X267.1934 Y99.3243 Z-2.9333 F800
G1 X269.8969 Y99.3230 Z-2.9333 F800
G1 X272.3147 Y99.3194 Z-2.9333 F800
G1 X274.4295 Y99.3136 Z-2.9333 F800
G1 X276.2242 Y99.3058 Z-2.9333 F800
G1 X277.6808 Y99.2960 Z-2.9333 F800
G1 X278.7802 Y99.2846 Z-2.9333 F800
G1 X279.3263 Y99.2750 Z-2.9333 F800
G1 X279.4757 Y99.0799 Z-2.9333 F800
G1 X279.7307 Y98.7069 Z-2.9333 F800
G1 X280.0283 Y98.2358 Z-2.9333 F800
G1 X280.3614 Y97.6769 Z-2.9333 F800
G1 X280.7257 Y97.0382 Z-2.9333 F800
G1 X281.1184 Y96.3260 Z-2.9333 F800
G1 X281.5371 Y95.5461 Z-2.9333 F800
G1 X281.9802 Y94.7036 Z-2.9333 F800
G1 X282.4458 Y93.8034 Z-2.9333 F800
G1 X282.9324 Y92.8503 Z-2.9333 F800
G1 X283.4388 Y91.8489 Z-2.9333 F800
G1 X283.9635 Y90.8037 Z-2.9333 F800
G1 X284.5051 Y89.7191 Z-2.9333 F800
G1 X285.0624 Y88.5997 Z-2.9333 F800
G1 X285.6342 Y87.4496 Z-2.9333 F800
G1 X286.2192 Y86.2729 Z-2.9333 F800
G1 X286.8153 Y85.0761 Z-2.9333 F800
G1 X286.8162 Y85.0743 Z-2.9333 F800
G1 X287.4226 Y83.8607 Z-2.9333 F800
G1 X287.4239 Y83.8582 Z-2.9333 F800
G1 X288.0392 Y82.6321 Z-2.9333 F800
G1 X288.0409 Y82.6287 Z-2.9333 F800
G1 X288.6641 Y81.3944 Z-2.9333 F800
G1 X288.6662 Y81.3902 Z-2.9333 F800
G1 X289.2960 Y80.1519 Z-2.9333 F800
G1 X289.2986 Y80.1469 Z-2.9333 F800
G1 X289.9337 Y78.9090 Z-2.9333 F800
G1 X289.9368 Y78.9031 Z-2.9333 F800
G1 X290.5761 Y77.6697 Z-2.9333 F800
G1 X290.5796 Y77.6629 Z-2.9333 F800
G1 X291.2218 Y76.4384 Z-2.9333 F800
G1 X291.2259 Y76.4307 Z-2.9333 F800
G1 X291.8699 Y75.2193 Z-2.9333 F800
G1 X291.8746 Y75.2104 Z-2.9333 F800
G1 X292.5190 Y74.0165 Z-2.9333 F800
G1 X292.5245 Y74.0064 Z-2.9333 F800
G1 X293.1681 Y72.8342 Z-2.9333 F800
G1 X293.1744 Y72.8228 Z-2.9333 F800
G1 X293.8161 Y71.6765 Z-2.9333 F800
G1 X293.8234 Y71.6636 Z-2.9333 F800
G1 X294.4618 Y70.5476 Z-2.9333 F800
G1 X294.4703 Y70.5330 Z-2.9333 F800
G1 X295.1043 Y69.4515 Z-2.9333 F800
G1 X295.1141 Y69.4350 Z-2.9333 F800
G1 X295.7426 Y68.3922 Z-2.9333 F800
G1 X295.7541 Y68.3734 Z-2.9333 F800
G1 X296.3756 Y67.3738 Z-2.9333 F800
G1 X296.3892 Y67.3523 Z-2.9333 F800
G1 X297.0026 Y66.4000 Z-2.9333 F800
G1 X297.0188 Y66.3754 Z-2.9333 F800
G1 X297.6230 Y65.4746 Z-2.9333 F800
G1 X297.6424 Y65.4463 Z-2.9333 F800
G1 X298.2360 Y64.6015 Z-2.9333 F800
G1 X298.2598 Y64.5686 Z-2.9333 F800
G1 X298.8416 Y63.7839 Z-2.9333 F800
G1 X298.8710 Y63.7455 Z-2.9333 F800
G1 X299.4399 Y63.0253 Z-2.9333 F800
G1 X299.4769 Y62.9802 Z-2.9333 F800
G1 X300.0315 Y62.3287 Z-2.9333 F800
G1 X300.0790 Y62.2754 Z-2.9333 F800
G1 X300.6183 Y61.6969 Z-2.9333 F800
G1 X300.6806 Y61.6336 Z-2.9333 F800
G1 X301.2032 Y61.1324 Z-2.9333 F800
G1 X301.2871 Y61.0575 Z-2.9333 F800
G1 X301.7918 Y60.6378 Z-2.9333 F800
G1 X301.9074 Y60.5503 Z-2.9333 F800
G1 X302.3930 Y60.2164 Z-2.9333 F800
G1 X302.5556 Y60.1184 Z-2.9333 F800
G1 X303.0209 Y59.8746 Z-2.9333 F800
G1 X303.1341 Y59.8209 Z-2.9333 F800
G1 X303.2511 Y59.7763 Z-2.9333 F800
G1 X303.6948 Y59.6269 Z-2.9333 F800
G1 X303.8512 Y59.5830 Z-2.9333 F800
G1 X304.0113 Y59.5553 Z-2.9333 F800
G1 X304.4323 Y59.5046 Z-2.9333 F800
G1 X304.6086 Y59.4932 Z-2.9333 F800
G1 X304.7852 Y59.5015 Z-2.9333 F800
G1 X305.1927 Y59.5436 Z-2.9333 F800
G1 X305.3451 Y59.5668 Z-2.9333 F800
G1 X305.4945 Y59.6047 Z-2.9333 F800
G1 X305.8988 Y59.7285 Z-2.9333 F800
G1 X306.0257 Y59.7733 Z-2.9333 F800
G1 X306.1483 Y59.8286 Z-2.9333 F800
G1 X306.5493 Y60.0306 Z-2.9333 F800
G1 X306.7419 Y60.1454 Z-2.9333 F800
G1 X307.1396 Y60.4221 Z-2.9333 F800
G1 X307.2833 Y60.5349 Z-2.9333 F800
G1 X307.6775 Y60.8828 Z-2.9333 F800
G1 X307.7837 Y60.9857 Z-2.9333 F800
G1 X308.1743 Y61.4013 Z-2.9333 F800
G1 X308.2532 Y61.4919 Z-2.9333 F800
G1 X308.6401 Y61.9716 Z-2.9333 F800
G1 X308.6994 Y62.0499 Z-2.9333 F800
G1 X309.0827 Y62.5903 Z-2.9333 F800
G1 X309.1279 Y62.6576 Z-2.9333 F800
G1 X309.5073 Y63.2551 Z-2.9333 F800
G1 X309.5424 Y63.3130 Z-2.9333 F800
G1 X309.9180 Y63.9641 Z-2.9333 F800
G1 X309.9455 Y64.0139 Z-2.9333 F800
G1 X310.3172 Y64.7152 Z-2.9333 F800
G1 X310.3392 Y64.7583 Z-2.9333 F800
G1 X310.7068 Y65.5061 Z-2.9333 F800
G1 X310.7246 Y65.5435 Z-2.9333 F800
G1 X311.0881 Y66.3345 Z-2.9333 F800
G1 X311.1026 Y66.3671 Z-2.9333 F800
G1 X311.4620 Y67.1976 Z-2.9333 F800
G1 X311.4739 Y67.2261 Z-2.9333 F800
G1 X311.8290 Y68.0927 Z-2.9333 F800
G1 X311.8390 Y68.1177 Z-2.9333 F800
G1 X312.1898 Y69.0169 Z-2.9333 F800
G1 X312.1981 Y69.0388 Z-2.9333 F800
G1 X312.5444 Y69.9671 Z-2.9333 F800
G1 X312.5515 Y69.9864 Z-2.9333 F800
G1 X312.8933 Y70.9402 Z-2.9333 F800
G1 X312.8993 Y70.9572 Z-2.9333 F800
G1 X313.2366 Y71.9330 Z-2.9333 F800
G1 X313.2417 Y71.9479 Z-2.9333 F800
G1 X313.5742 Y72.9422 Z-2.9333 F800
G1 X313.5786 Y72.9554 Z-2.9333 F800
G1 X313.9064 Y73.9646 Z-2.9333 F800
G1 X313.9101 Y73.9761 Z-2.9333 F800
G1 X314.2331 Y74.9969 Z-2.9333 F800
G1 X314.2362 Y75.0068 Z-2.9333 F800
G1 X314.5544 Y76.0355 Z-2.9333 F800
G1 X314.5570 Y76.0441 Z-2.9333 F800
G1 X314.8702 Y77.0773 Z-2.9333 F800
G1 X314.8723 Y77.0845 Z-2.9333 F800
G1 X315.1804 Y78.1186 Z-2.9333 F800
G1 X315.1822 Y78.1245 Z-2.9333 F800
G1 X315.4852 Y79.1561 Z-2.9333 F800
G1 X315.4865 Y79.1608 Z-2.9333 F800
G1 X315.7843 Y80.1863 Z-2.9333 F800
G1 X315.7853 Y80.1898 Z-2.9333 F800
G1 X316.0778 Y81.2057 Z-2.9333 F800
G1 X316.0785 Y81.2079 Z-2.9333 F800
G1 X316.3659 Y82.2117 Z-2.9333 F800
G1 X316.6475 Y83.1977 Z-2.9333 F800
G1 X316.9233 Y84.1628 Z-2.9333 F800
G1 X317.1932 Y85.1027 Z-2.9333 F800
G1 X317.4569 Y86.0139 Z-2.9333 F800
G1 X317.7142 Y86.8926 Z-2.9333 F800
G1 X317.9651 Y87.7351 Z-2.9333 F800
G1 X318.2093 Y88.5374 Z-2.9333 F800
G1 X318.4465 Y89.2956 Z-2.9333 F800
G1 X318.6762 Y90.0055 Z-2.9333 F800
G1 X318.8981 Y90.6626 Z-2.9333 F800
G1 X319.1113 Y91.2622 Z-2.9333 F800
G1 X319.3145 Y91.7987 Z-2.9333 F800
G1 X319.5059 Y92.2657 Z-2.9333 F800
G1 X319.6819 Y92.6551 Z-2.9333 F800
G1 X319.8361 Y92.9561 Z-2.9333 F800
G1 X319.9097 Y93.0779 Z-2.9333 F800
G1 X320.0416 Y93.1045 Z-2.9333 F800
G1 X320.4767 Y93.1851 Z-2.9333 F800
G1 X321.0256 Y93.2814 Z-2.9333 F800
G1 X321.6793 Y93.3920 Z-2.9333 F800
G1 X322.4311 Y93.5158 Z-2.9333 F800
G1 X323.2748 Y93.6519 Z-2.9333 F800
G1 X324.2048 Y93.7996 Z-2.9333 F800
G1 X325.2156 Y93.9580 Z-2.9333 F800
G1 X326.3018 Y94.1263 Z-2.9333 F800
G1 X327.4580 Y94.3040 Z-2.9333 F800
G1 X328.6789 Y94.4901 Z-2.9333 F800
G1 X329.9592 Y94.6840 Z-2.9333 F800
G1 X331.2937 Y94.8849 Z-2.9333 F800
G1 X332.6770 Y95.0922 Z-2.9333 F800
G1 X334.1041 Y95.3050 Z-2.9333 F800
G1 X335.5695 Y95.5227 Z-2.9333 F800
G1 X337.0682 Y95.7445 Z-2.9333 F800
G1 X338.5947 Y95.9698 Z-2.9333 F800
G1 X340.1440 Y96.1977 Z-2.9333 F800
G1 X341.7107 Y96.4275 Z-2.9333 F800
G1 X343.2897 Y96.6586 Z-2.9333 F800
G1 X344.8757 Y96.8902 Z-2.9333 F800
G1 X346.4635 Y97.1216 Z-2.9333 F800
G1 X348.0479 Y97.3521 Z-2.9333 F800
G1 X349.6235 Y97.5808 Z-2.9333 F800
G1 X351.1853 Y97.8072 Z-2.9333 F800
G1 X352.7280 Y98.0305 Z-2.9333 F800
G1 X354.2464 Y98.2499 Z-2.9333 F800
G1 X355.7351 Y98.4648 Z-2.9333 F800
G1 X357.1891 Y98.6744 Z-2.9333 F800
G1 X358.6031 Y98.8780 Z-2.9333 F800
G1 X359.9718 Y99.0748 Z-2.9333 F800
G1 X361.2901 Y99.2642 Z-2.9333 F800
G1 X362.5527 Y99.4454 Z-2.9333 F800
G1 X363.7544 Y99.6177 Z-2.9333 F800
G1 X364.8899 Y99.7804 Z-2.9333 F800
G1 X365.9541 Y99.9327 Z-2.9333 F800
G1 X366.9418 Y100.0740 Z-2.9333 F800
G1 X367.8476 Y100.2034 Z-2.9333 F800
G1 X368.6664 Y100.3204 Z-2.9333 F800
G1 X368.7440 Y100.3314 Z-2.9333 F800
G1 X368.5083 Y99.7168 Z-2.9333 F800
G1 X367.9973 Y98.4060 Z-2.9333 F800
G1 X367.3924 Y96.8955 Z-2.9333 F800
G1 X366.6881 Y95.1948 Z-2.9333 F800
G1 X365.8793 Y93.3142 Z-2.9333 F800
G1 X364.9611 Y91.2644 Z-2.9333 F800
G1 X363.9284 Y89.0562 Z-2.9333 F800
G1 X362.7763 Y86.7004 Z-2.9333 F800
G1 X361.4999 Y84.2080 Z-2.9333 F800
G1 X360.0943 Y81.5900 Z-2.9333 F800
G1 X358.5547 Y78.8573 Z-2.9333 F800
G1 X356.8761 Y76.0210 Z-2.9333 F800
G1 X355.0537 Y73.0921 Z-2.9333 F800
G1 X353.0826 Y70.0815 Z-2.9333 F800
G1 X350.9580 Y67.0004 Z-2.9333 F800
G1 X348.6750 Y63.8596 Z-2.9333 F800
G1 X346.2287 Y60.6702 Z-2.9333 F800
G1 X343.6142 Y57.4432 Z-2.9333 F800
G1 X340.8267 Y54.1895 Z-2.9333 F800
G1 X337.8612 Y50.9202 Z-2.9333 F800
G1 X334.7130 Y47.6461 Z-2.9333 F800
G1 X331.3769 Y44.3782 Z-2.9333 F800
G1 X327.8482 Y41.1276 Z-2.9333 F800
G1 X324.1219 Y37.9050 Z-2.9333 F800
G1 X320.1929 Y34.7214 Z-2.9333 F800
G1 X316.0564 Y31.5878 Z-2.9333 F800
G1 X311.7073 Y28.5151 Z-2.9333 F800
G1 X307.1406 Y25.5142 Z-2.9333 F800
G1 X302.3513 Y22.5960 Z-2.9333 F800
G1 X297.3343 Y19.7715 Z-2.9333 F800
G1 X292.0844 Y17.0516 Z-2.9333 F800
G1 X286.5967 Y14.4474 Z-2.9333 F800
G1 X280.8659 Y11.9697 Z-2.9333 F800
G1 X274.8870 Y9.6296 Z-2.9333 F800
G1 X268.6549 Y7.4382 Z-2.9333 F800
G1 X262.1643 Y5.4064 Z-2.9333 F800
G1 X255.4102 Y3.5454 Z-2.9333 F800
G1 X248.3875 Y1.8662 Z-2.9333 F800
G1 X241.0909 Y0.3800 Z-2.9333 F800
G1 X233.5155 Y-0.9021 Z-2.9333 F800
G1 X225.6561 Y-1.9690 Z-2.9333 F800
G1 X217.5077 Y-2.8096 Z-2.9333 F800
G1 X209.0651 Y-3.4125 Z-2.9333 F800
G1 X200.3226 Y-3.7668 Z-2.9333 F800
G1 X191.5754 Y-3.8658 Z-2.9333 F800
G1 X183.1208 Y-3.7177 Z-2.9333 F800
G1 X174.9549 Y-3.3329 Z-2.9333 F800
G1 X167.0731 Y-2.7218 Z-2.9333 F800
G1 X159.4706 Y-1.8949 Z-2.9333 F800
G1 X152.1427 Y-0.8627 Z-2.9333 F800
G1 X145.0848 Y0.3645 Z-2.9333 F800
G1 X138.2921 Y1.7762 Z-2.9333 F800
G1 X131.7599 Y3.3619 Z-2.9333 F800
G1 X125.4833 Y5.1113 Z-2.9333 F800
G1 X119.4578 Y7.0140 Z-2.9333 F800
G1 X113.6785 Y9.0597 Z-2.9333 F800
G1 X108.1405 Y11.2380 Z-2.9333 F800
G1 X102.8393 Y13.5386 Z-2.9333 F800
G1 X97.7700 Y15.9512 Z-2.9333 F800
G1 X92.9278 Y18.4656 Z-2.9333 F800
G1 X88.3080 Y21.0714 Z-2.9333 F800
G1 X83.9060 Y23.7583 Z-2.9333 F800
G1 X79.7169 Y26.5163 Z-2.9333 F800
G1 X75.7362 Y29.3350 Z-2.9333 F800
G1 X71.9590 Y32.2042 Z-2.9333 F800
G1 X68.3808 Y35.1137 Z-2.9333 F800
G1 X64.9970 Y38.0533 Z-2.9333 F800
G1 X61.8029 Y41.0128 Z-2.9333 F800
G1 X58.7939 Y43.9819 Z-2.9333 F800
G1 X55.9655 Y46.9503 Z-2.9333 F800
G1 X53.3130 Y49.9079 Z-2.9333 F800
G1 X50.8320 Y52.8444 Z-2.9333 F800
G1 X48.5179 Y55.7495 Z-2.9333 F800
G1 X46.3662 Y58.6129 Z-2.9333 F800
G1 X44.3723 Y61.4244 Z-2.9333 F800
G1 X42.5317 Y64.1735 Z-2.9333 F800
G1 X40.8400 Y66.8501 Z-2.9333 F800
G1 X39.2926 Y69.4436 Z-2.9333 F800
G1 X37.8851 Y71.9438 Z-2.9333 F800
G1 X36.6129 Y74.3402 Z-2.9333 F800
G1 X35.4716 Y76.6224 Z-2.9333 F800
G1 X34.4567 Y78.7799 Z-2.9333 F800
G1 X33.5638 Y80.8020 Z-2.9333 F800
G1 X32.7884 Y82.6782 Z-2.9333 F800
G1 X32.1260 Y84.3975 Z-2.9333 F800
G1 X31.5724 Y85.9488 Z-2.9333 F800
G1 X31.1232 Y87.3203 Z-2.9333 F800
G1 X30.7743 Y88.4993 Z-2.9333 F800
G1 X30.5219 Y89.4701 Z-2.9333 F800
G1 X30.3700 Y90.1759 Z-2.9333 F800
G0 Z5.000
( -- pass 3/9, target Z=-4.4000 -- )
G0 X30.3700 Y90.1759 Z5.0000
G1 Z-4.4000 F300
G1 X30.4668 Y90.1965 Z-4.4000 F800
G1 X30.9531 Y90.2595 Z-4.4000 F800
G1 X31.5561 Y90.3026 Z-4.4000 F800
G1 X32.2614 Y90.3228 Z-4.4000 F800
G1 X33.0581 Y90.3193 Z-4.4000 F800
G1 X33.9380 Y90.2925 Z-4.4000 F800
G1 X34.8936 Y90.2433 Z-4.4000 F800
G1 X35.9188 Y90.1729 Z-4.4000 F800
G1 X37.0076 Y90.0824 Z-4.4000 F800
G1 X38.1546 Y89.9732 Z-4.4000 F800
G1 X39.3543 Y89.8467 Z-4.4000 F800
G1 X40.6017 Y89.7041 Z-4.4000 F800
G1 X41.8917 Y89.5468 Z-4.4000 F800
G1 X43.2194 Y89.3763 Z-4.4000 F800
G1 X44.5799 Y89.1940 Z-4.4000 F800
G1 X45.9684 Y89.0011 Z-4.4000 F800
G1 X47.3801 Y88.7991 Z-4.4000 F800
G1 X48.8101 Y88.5894 Z-4.4000 F800
G1 X50.2538 Y88.3733 Z-4.4000 F800
G1 X51.7064 Y88.1523 Z-4.4000 F800
G1 X53.1631 Y87.9277 Z-4.4000 F800
G1 X54.6194 Y87.7009 Z-4.4000 F800
G1 X56.0705 Y87.4733 Z-4.4000 F800
G1 X57.5117 Y87.2462 Z-4.4000 F800
G1 X58.9386 Y87.0211 Z-4.4000 F800
G1 X60.3464 Y86.7993 Z-4.4000 F800
G1 X61.7287 Y86.5824 Z-4.4000 F800
G1 X61.7305 Y86.5821 Z-4.4000 F800
G1 X63.0836 Y86.3714 Z-4.4000 F800
G1 X63.0863 Y86.3710 Z-4.4000 F800
G1 X64.4055 Y86.1679 Z-4.4000 F800
G1 X64.4091 Y86.1674 Z-4.4000 F800
G1 X65.6897 Y85.9733 Z-4.4000 F800
G1 X65.6944 Y85.9726 Z-4.4000 F800
G1 X66.9318 Y85.7888 Z-4.4000 F800
G1 X66.9378 Y85.7879 Z-4.4000 F800
G1 X68.1273 Y85.6158 Z-4.4000 F800
G1 X68.1347 Y85.6148 Z-4.4000 F800
G1 X69.2717 Y85.4558 Z-4.4000 F800
G1 X69.2810 Y85.4545 Z-4.4000 F800
G1 X70.3607 Y85.3101 Z-4.4000 F800
G1 X70.3722 Y85.3086 Z-4.4000 F800
G1 X71.3900 Y85.1800 Z-4.4000 F800
G1 X71.4044 Y85.1782 Z-4.4000 F800
G1 X72.3557 Y85.0668 Z-4.4000 F800
G1 X72.3739 Y85.0648 Z-4.4000 F800
G1 X73.2539 Y84.9721 Z-4.4000 F800
G1 X73.2772 Y84.9698 Z-4.4000 F800
G1 X74.0813 Y84.8970 Z-4.4000 F800
G1 X74.1119 Y84.8946 Z-4.4000 F800
G1 X74.8354 Y84.8432 Z-4.4000 F800
G1 X74.8768 Y84.8408 Z-4.4000 F800
G1 X75.5150 Y84.8122 Z-4.4000 F800
G1 X75.5732 Y84.8107 Z-4.4000 F800
G1 X76.1215 Y84.8063 Z-4.4000 F800
G1 X76.2081 Y84.8079 Z-4.4000 F800
G1 X76.6618 Y84.8290 Z-4.4000 F800
G1 X76.8012 Y84.8417 Z-4.4000 F800
G1 X77.1557 Y84.8897 Z-4.4000 F800
G1 X77.2289 Y84.9027 Z-4.4000 F800
G1 X77.3056 Y84.8288 Z-4.4000 F800
G1 X77.5450 Y84.5570 Z-4.4000 F800
G1 X77.8271 Y84.1959 Z-4.4000 F800
G1 X78.1418 Y83.7549 Z-4.4000 F800
G1 X78.4830 Y83.2416 Z-4.4000 F800
G1 X78.8468 Y82.6625 Z-4.4000 F800
G1 X79.2307 Y82.0230 Z-4.4000 F800
G1 X79.6325 Y81.3283 Z-4.4000 F800
G1 X80.0507 Y80.5831 Z-4.4000 F800
G1 X80.4839 Y79.7918 Z-4.4000 F800
G1 X80.9310 Y78.9586 Z-4.4000 F800
G1 X81.3909 Y78.0877 Z-4.4000 F800
G1 X81.8625 Y77.1831 Z-4.4000 F800
G1 X82.3450 Y76.2487 Z-4.4000 F800
G1 X82.8375 Y75.2886 Z-4.4000 F800
G1 X83.3390 Y74.3064 Z-4.4000 F800
G1 X83.8489 Y73.3061 Z-4.4000 F800
G1 X84.3664 Y72.2908 Z-4.4000 F800
G1 X84.8892 Y71.2676 Z-4.4000 F800
G1 X84.8905 Y71.2650 Z-4.4000 F800
G1 X85.4186 Y70.2361 Z-4.4000 F800
G1 X85.4205 Y70.2324 Z-4.4000 F800
G1 X85.9530 Y69.2016 Z-4.4000 F800
G1 X85.9555 Y69.1967 Z-4.4000 F800
G1 X86.4916 Y68.1677 Z-4.4000 F800
G1 X86.4949 Y68.1615 Z-4.4000 F800
G1 X87.0338 Y67.1382 Z-4.4000 F800
G1 X87.0378 Y67.1307 Z-4.4000 F800
G1 X87.5788 Y66.1166 Z-4.4000 F800
G1 X87.5836 Y66.1077 Z-4.4000 F800
G1 X88.1258 Y65.1067 Z-4.4000 F800
G1 X88.1315 Y65.0963 Z-4.4000 F800
G1 X88.6742 Y64.1120 Z-4.4000 F800
G1 X88.6810 Y64.1000 Z-4.4000 F800
G1 X89.2234 Y63.1363 Z-4.4000 F800
G1 X89.2313 Y63.1223 Z-4.4000 F800
G1 X89.7726 Y62.1829 Z-4.4000 F800
G1 X89.7819 Y62.1669 Z-4.4000 F800
G1 X90.3213 Y61.2555 Z-4.4000 F800
G1 X90.3323 Y61.2372 Z-4.4000 F800
G1 X90.8690 Y60.3575 Z-4.4000 F800
G1 X90.8820 Y60.3365 Z-4.4000 F800
G1 X91.4153 Y59.4923 Z-4.4000 F800
G1 X91.4308 Y59.4683 Z-4.4000 F800
G1 X91.9598 Y58.6632 Z-4.4000 F800
G1 X91.9783 Y58.6356 Z-4.4000 F800
G1 X92.5022 Y57.8735 Z-4.4000 F800
G1 X92.5246 Y57.8417 Z-4.4000 F800
G1 X93.0427 Y57.1263 Z-4.4000 F800
G1 X93.0701 Y57.0896 Z-4.4000 F800
G1 X93.5816 Y56.4246 Z-4.4000 F800
G1 X93.6155 Y56.3820 Z-4.4000 F800
G1 X94.1195 Y55.7711 Z-4.4000 F800
G1 X94.1621 Y55.7217 Z-4.4000 F800
G1 X94.6579 Y55.1687 Z-4.4000 F800
G1 X94.7121 Y55.1111 Z-4.4000 F800
G1 X95.1990 Y54.6197 Z-4.4000 F800
G1 X95.2693 Y54.5530 Z-4.4000 F800
G1 X95.7463 Y54.1269 Z-4.4000 F800
G1 X95.8390 Y54.0503 Z-4.4000 F800
G1 X96.3055 Y53.6933 Z-4.4000 F800
G1 X96.4295 Y53.6074 Z-4.4000 F800
G1 X96.8846 Y53.3233 Z-4.4000 F800
G1 X97.0517 Y53.2324 Z-4.4000 F800
G1 X97.4947 Y53.0248 Z-4.4000 F800
G1 X97.6046 Y52.9782 Z-4.4000 F800
G1 X97.7177 Y52.9401 Z-4.4000 F800
G1 X98.1478 Y52.8128 Z-4.4000 F800
G1 X98.2897 Y52.7778 Z-4.4000 F800
G1 X98.4343 Y52.7560 Z-4.4000 F800
G1 X98.8505 Y52.7127 Z-4.4000 F800
G1 X99.0279 Y52.7043 Z-4.4000 F800
G1 X99.2050 Y52.7157 Z-4.4000 F800
G1 X99.6228 Y52.7662 Z-4.4000 F800
G1 X99.7866 Y52.7947 Z-4.4000 F800
G1 X99.9465 Y52.8402 Z-4.4000 F800
G1 X100.3809 Y52.9889 Z-4.4000 F800
G1 X100.5031 Y53.0364 Z-4.4000 F800
G1 X100.6208 Y53.0939 Z-4.4000 F800
G1 X101.0708 Y53.3367 Z-4.4000 F800
G1 X101.2418 Y53.4435 Z-4.4000 F800
G1 X101.7062 Y53.7764 Z-4.4000 F800
G1 X101.8279 Y53.8730 Z-4.4000 F800
G1 X102.3057 Y54.2920 Z-4.4000 F800
G1 X102.3938 Y54.3753 Z-4.4000 F800
G1 X102.8840 Y54.8763 Z-4.4000 F800
G1 X102.9492 Y54.9471 Z-4.4000 F800
G1 X103.4508 Y55.5259 Z-4.4000 F800
G1 X103.5002 Y55.5859 Z-4.4000 F800
G1 X104.0120 Y56.2386 Z-4.4000 F800
G1 X104.0504 Y56.2897 Z-4.4000 F800
G1 X104.5713 Y57.0121 Z-4.4000 F800
G1 X104.6017 Y57.0559 Z-4.4000 F800
G1 X105.1307 Y57.8440 Z-4.4000 F800
G1 X105.1553 Y57.8818 Z-4.4000 F800
G1 X105.6913 Y58.7316 Z-4.4000 F800
G1 X105.7115 Y58.7645 Z-4.4000 F800
G1 X106.2534 Y59.6718 Z-4.4000 F800
G1 X106.2702 Y59.7007 Z-4.4000 F800
G1 X106.8171 Y60.6615 Z-4.4000 F800
G1 X106.8313 Y60.6870 Z-4.4000 F800
G1 X107.3820 Y61.6973 Z-4.4000 F800
G1 X107.3941 Y61.7200 Z-4.4000 F800
G1 X107.9476 Y62.7757 Z-4.4000 F800
G1 X107.9580 Y62.7960 Z-4.4000 F800
G1 X108.5132 Y63.8930 Z-4.4000 F800
G1 X108.5223 Y63.9113 Z-4.4000 F800
G1 X109.0780 Y65.0456 Z-4.4000 F800
G1 X109.0860 Y65.0622 Z-4.4000 F800
G1 X109.6414 Y66.2297 Z-4.4000 F800
G1 X109.6485 Y66.2448 Z-4.4000 F800
G1 X110.2023 Y67.4414 Z-4.4000 F800
G1 X110.2087 Y67.4552 Z-4.4000 F800
G1 X110.7599 Y68.6769 Z-4.4000 F800
G1 X110.7656 Y68.6896 Z-4.4000 F800
G1 X111.3133 Y69.9323 Z-4.4000 F800
G1 X111.3184 Y69.9441 Z-4.4000 F800
G1 X111.8614 Y71.2037 Z-4.4000 F800
G1 X111.8661 Y71.2146 Z-4.4000 F800
G1 X112.4033 Y72.4871 Z-4.4000 F800
G1 X112.4075 Y72.4973 Z-4.4000 F800
G1 X112.9379 Y73.7786 Z-4.4000 F800
G1 X112.9419 Y73.7882 Z-4.4000 F800
G1 X113.4643 Y75.0742 Z-4.4000 F800
G1 X113.4680 Y75.0833 Z-4.4000 F800
G1 X113.9815 Y76.3699 Z-4.4000 F800
G1 X113.9849 Y76.3786 Z-4.4000 F800
G1 X114.4884 Y77.6618 Z-4.4000 F800
G1 X114.4916 Y77.6700 Z-4.4000 F800
G1 X114.9840 Y78.9458 Z-4.4000 F800
G1 X114.9870 Y78.9537 Z-4.4000 F800
G1 X115.4673 Y80.2180 Z-4.4000 F800
G1 X115.4701 Y80.2256 Z-4.4000 F800
G1 X115.9372 Y81.4743 Z-4.4000 F800
G1 X115.9399 Y81.4817 Z-4.4000 F800
G1 X116.3927 Y82.7107 Z-4.4000 F800
G1 X116.3953 Y82.7179 Z-4.4000 F800
G1 X116.8327 Y83.9232 Z-4.4000 F800
G1 X116.8352 Y83.9304 Z-4.4000 F800
G1 X117.2562 Y85.1079 Z-4.4000 F800
G1 X117.2587 Y85.1150 Z-4.4000 F800
G1 X117.6622 Y86.2607 Z-4.4000 F800
G1 X117.6647 Y86.2678 Z-4.4000 F800
G1 X118.0496 Y87.3775 Z-4.4000 F800
G1 X118.0521 Y87.3847 Z-4.4000 F800
G1 X118.4175 Y88.4545 Z-4.4000 F800
G1 X118.4200 Y88.4620 Z-4.4000 F800
G1 X118.7646 Y89.4877 Z-4.4000 F800
G1 X118.7672 Y89.4955 Z-4.4000 F800
G1 X119.0901 Y90.4731 Z-4.4000 F800
G1 X119.0928 Y90.4813 Z-4.4000 F800
G1 X119.3929 Y91.4068 Z-4.4000 F800
G1 X119.3957 Y91.4157 Z-4.4000 F800
G1 X119.6720 Y92.2849 Z-4.4000 F800
G1 X119.6751 Y92.2948 Z-4.4000 F800
G1 X119.9263 Y93.1037 Z-4.4000 F800
G1 X119.9298 Y93.1150 Z-4.4000 F800
G1 X120.1551 Y93.8595 Z-4.4000 F800
G1 X120.1590 Y93.8727 Z-4.4000 F800
G1 X120.3572 Y94.5489 Z-4.4000 F800
G1 X120.3618 Y94.5649 Z-4.4000 F800
G1 X120.5319 Y95.1686 Z-4.4000 F800
G1 X120.5375 Y95.1892 Z-4.4000 F800
G1 X120.6784 Y95.7163 Z-4.4000 F800
G1 X120.6856 Y95.7445 Z-4.4000 F800
G1 X120.7826 Y96.1360 Z-4.4000 F800
G1 X121.5117 Y96.2860 Z-4.4000 F800
G1 X122.7972 Y96.4729 Z-4.4000 F800
G1 X124.4530 Y96.6572 Z-4.4000 F800
G1 X126.4477 Y96.8357 Z-4.4000 F800
G1 X128.7581 Y97.0073 Z-4.4000 F800
G1 X131.3643 Y97.1718 Z-4.4000 F800
G1 X134.2475 Y97.3290 Z-4.4000 F800
G1 X137.3897 Y97.4790 Z-4.4000 F800
G1 X140.7735 Y97.6219 Z-4.4000 F800
G1 X144.3814 Y97.7577 Z-4.4000 F800
G1 X148.1961 Y97.8867 Z-4.4000 F800
G1 X152.2005 Y98.0089 Z-4.4000 F800
G1 X156.3775 Y98.1245 Z-4.4000 F800
G1 X160.7100 Y98.2337 Z-4.4000 F800
G1 X165.1811 Y98.3365 Z-4.4000 F800
G1 X169.7736 Y98.4333 Z-4.4000 F800
G1 X174.4705 Y98.5240 Z-4.4000 F800
G1 X179.2550 Y98.6089 Z-4.4000 F800
G1 X184.1100 Y98.6881 Z-4.4000 F800
G1 X189.0185 Y98.7618 Z-4.4000 F800
G1 X193.9636 Y98.8302 Z-4.4000 F800
G1 X198.9283 Y98.8933 Z-4.4000 F800
G1 X203.8956 Y98.9514 Z-4.4000 F800
G1 X208.8487 Y99.0046 Z-4.4000 F800
G1 X213.7704 Y99.0531 Z-4.4000 F800
G1 X218.6439 Y99.0970 Z-4.4000 F800
G1 X223.4523 Y99.1365 Z-4.4000 F800
G1 X228.1785 Y99.1717 Z-4.4000 F800
G1 X232.8056 Y99.2028 Z-4.4000 F800
G1 X237.3167 Y99.2300 Z-4.4000 F800
G1 X241.6948 Y99.2534 Z-4.4000 F800
G1 X245.9230 Y99.2731 Z-4.4000 F800
G1 X249.9842 Y99.2894 Z-4.4000 F800
G1 X253.8616 Y99.3024 Z-4.4000 F800
G1 X257.5382 Y99.3122 Z-4.4000 F800
G1 X260.9970 Y99.3190 Z-4.4000 F800
G1 X264.2210 Y99.3230 Z-4.4000 F800
G1 X267.1934 Y99.3243 Z-4.4000 F800
G1 X269.8969 Y99.3230 Z-4.4000 F800
G1 X272.3147 Y99.3194 Z-4.4000 F800
G1 X274.4295 Y99.3136 Z-4.4000 F800
G1 X276.2242 Y99.3058 Z-4.4000 F800
G1 X277.6808 Y99.2960 Z-4.4000 F800
G1 X278.7802 Y99.2846 Z-4.4000 F800
G1 X279.3263 Y99.2750 Z-4.4000 F800
G1 X279.4757 Y99.0799 Z-4.4000 F800
G1 X279.7307 Y98.7069 Z-4.4000 F800
G1 X280.0283 Y98.2358 Z-4.4000 F800
G1 X280.3614 Y97.6769 Z-4.4000 F800
G1 X280.7257 Y97.0382 Z-4.4000 F800
G1 X281.1184 Y96.3260 Z-4.4000 F800
G1 X281.5371 Y95.5461 Z-4.4000 F800
G1 X281.9802 Y94.7036 Z-4.4000 F800
G1 X282.4458 Y93.8034 Z-4.4000 F800
G1 X282.9324 Y92.8503 Z-4.4000 F800
G1 X283.4388 Y91.8489 Z-4.4000 F800
G1 X283.9635 Y90.8037 Z-4.4000 F800
G1 X284.5051 Y89.7191 Z-4.4000 F800
G1 X285.0624 Y88.5997 Z-4.4000 F800
G1 X285.6342 Y87.4496 Z-4.4000 F800
G1 X286.2192 Y86.2729 Z-4.4000 F800
G1 X286.8153 Y85.0761 Z-4.4000 F800
G1 X286.8162 Y85.0743 Z-4.4000 F800
G1 X287.4226 Y83.8607 Z-4.4000 F800
G1 X287.4239 Y83.8582 Z-4.4000 F800
G1 X288.0392 Y82.6321 Z-4.4000 F800
G1 X288.0409 Y82.6287 Z-4.4000 F800
G1 X288.6641 Y81.3944 Z-4.4000 F800
G1 X288.6662 Y81.3902 Z-4.4000 F800
G1 X289.2960 Y80.1519 Z-4.4000 F800
G1 X289.2986 Y80.1469 Z-4.4000 F800
G1 X289.9337 Y78.9090 Z-4.4000 F800
G1 X289.9368 Y78.9031 Z-4.4000 F800
G1 X290.5761 Y77.6697 Z-4.4000 F800
G1 X290.5796 Y77.6629 Z-4.4000 F800
G1 X291.2218 Y76.4384 Z-4.4000 F800
G1 X291.2259 Y76.4307 Z-4.4000 F800
G1 X291.8699 Y75.2193 Z-4.4000 F800
G1 X291.8746 Y75.2104 Z-4.4000 F800
G1 X292.5190 Y74.0165 Z-4.4000 F800
G1 X292.5245 Y74.0064 Z-4.4000 F800
G1 X293.1681 Y72.8342 Z-4.4000 F800
G1 X293.1744 Y72.8228 Z-4.4000 F800
G1 X293.8161 Y71.6765 Z-4.4000 F800
G1 X293.8234 Y71.6636 Z-4.4000 F800
G1 X294.4618 Y70.5476 Z-4.4000 F800
G1 X294.4703 Y70.5330 Z-4.4000 F800
G1 X295.1043 Y69.4515 Z-4.4000 F800
G1 X295.1141 Y69.4350 Z-4.4000 F800
G1 X295.7426 Y68.3922 Z-4.4000 F800
G1 X295.7541 Y68.3734 Z-4.4000 F800
G1 X296.3756 Y67.3738 Z-4.4000 F800
G1 X296.3892 Y67.3523 Z-4.4000 F800
G1 X297.0026 Y66.4000 Z-4.4000 F800
G1 X297.0188 Y66.3754 Z-4.4000 F800
G1 X297.6230 Y65.4746 Z-4.4000 F800
G1 X297.6424 Y65.4463 Z-4.4000 F800
G1 X298.2360 Y64.6015 Z-4.4000 F800
G1 X298.2598 Y64.5686 Z-4.4000 F800
G1 X298.8416 Y63.7839 Z-4.4000 F800
G1 X298.8710 Y63.7455 Z-4.4000 F800
G1 X299.4399 Y63.0253 Z-4.4000 F800
G1 X299.4769 Y62.9802 Z-4.4000 F800
G1 X300.0315 Y62.3287 Z-4.4000 F800
G1 X300.0790 Y62.2754 Z-4.4000 F800
G1 X300.6183 Y61.6969 Z-4.4000 F800
G1 X300.6806 Y61.6336 Z-4.4000 F800
G1 X301.2032 Y61.1324 Z-4.4000 F800
G1 X301.2871 Y61.0575 Z-4.4000 F800
G1 X301.7918 Y60.6378 Z-4.4000 F800
G1 X301.9074 Y60.5503 Z-4.4000 F800
G1 X302.3930 Y60.2164 Z-4.4000 F800
G1 X302.5556 Y60.1184 Z-4.4000 F800
G1 X303.0209 Y59.8746 Z-4.4000 F800
G1 X303.1341 Y59.8209 Z-4.4000 F800
G1 X303.2511 Y59.7763 Z-4.4000 F800
G1 X303.6948 Y59.6269 Z-4.4000 F800
G1 X303.8512 Y59.5830 Z-4.4000 F800
G1 X304.0113 Y59.5553 Z-4.4000 F800
G1 X304.4323 Y59.5046 Z-4.4000 F800
G1 X304.6086 Y59.4932 Z-4.4000 F800
G1 X304.7852 Y59.5015 Z-4.4000 F800
G1 X305.1927 Y59.5436 Z-4.4000 F800
G1 X305.3451 Y59.5668 Z-4.4000 F800
G1 X305.4945 Y59.6047 Z-4.4000 F800
G1 X305.8988 Y59.7285 Z-4.4000 F800
G1 X306.0257 Y59.7733 Z-4.4000 F800
G1 X306.1483 Y59.8286 Z-4.4000 F800
G1 X306.5493 Y60.0306 Z-4.4000 F800
G1 X306.7419 Y60.1454 Z-4.4000 F800
G1 X307.1396 Y60.4221 Z-4.4000 F800
G1 X307.2833 Y60.5349 Z-4.4000 F800
G1 X307.6775 Y60.8828 Z-4.4000 F800
G1 X307.7837 Y60.9857 Z-4.4000 F800
G1 X308.1743 Y61.4013 Z-4.4000 F800
G1 X308.2532 Y61.4919 Z-4.4000 F800
G1 X308.6401 Y61.9716 Z-4.4000 F800
G1 X308.6994 Y62.0499 Z-4.4000 F800
G1 X309.0827 Y62.5903 Z-4.4000 F800
G1 X309.1279 Y62.6576 Z-4.4000 F800
G1 X309.5073 Y63.2551 Z-4.4000 F800
G1 X309.5424 Y63.3130 Z-4.4000 F800
G1 X309.9180 Y63.9641 Z-4.4000 F800
G1 X309.9455 Y64.0139 Z-4.4000 F800
G1 X310.3172 Y64.7152 Z-4.4000 F800
G1 X310.3392 Y64.7583 Z-4.4000 F800
G1 X310.7068 Y65.5061 Z-4.4000 F800
G1 X310.7246 Y65.5435 Z-4.4000 F800
G1 X311.0881 Y66.3345 Z-4.4000 F800
G1 X311.1026 Y66.3671 Z-4.4000 F800
G1 X311.4620 Y67.1976 Z-4.4000 F800
G1 X311.4739 Y67.2261 Z-4.4000 F800
G1 X311.8290 Y68.0927 Z-4.4000 F800
G1 X311.8390 Y68.1177 Z-4.4000 F800
G1 X312.1898 Y69.0169 Z-4.4000 F800
G1 X312.1981 Y69.0388 Z-4.4000 F800
G1 X312.5444 Y69.9671 Z-4.4000 F800
G1 X312.5515 Y69.9864 Z-4.4000 F800
G1 X312.8933 Y70.9402 Z-4.4000 F800
G1 X312.8993 Y70.9572 Z-4.4000 F800
G1 X313.2366 Y71.9330 Z-4.4000 F800
G1 X313.2417 Y71.9479 Z-4.4000 F800
G1 X313.5742 Y72.9422 Z-4.4000 F800
G1 X313.5786 Y72.9554 Z-4.4000 F800
G1 X313.9064 Y73.9646 Z-4.4000 F800
G1 X313.9101 Y73.9761 Z-4.4000 F800
G1 X314.2331 Y74.9969 Z-4.4000 F800
G1 X314.2362 Y75.0068 Z-4.4000 F800
G1 X314.5544 Y76.0355 Z-4.4000 F800
G1 X314.5570 Y76.0441 Z-4.4000 F800
G1 X314.8702 Y77.0773 Z-4.4000 F800
G1 X314.8723 Y77.0845 Z-4.4000 F800
G1 X315.1804 Y78.1186 Z-4.4000 F800
G1 X315.1822 Y78.1245 Z-4.4000 F800
G1 X315.4852 Y79.1561 Z-4.4000 F800
G1 X315.4865 Y79.1608 Z-4.4000 F800
G1 X315.7843 Y80.1863 Z-4.4000 F800
G1 X315.7853 Y80.1898 Z-4.4000 F800
G1 X316.0778 Y81.2057 Z-4.4000 F800
G1 X316.0785 Y81.2079 Z-4.4000 F800
G1 X316.3659 Y82.2117 Z-4.4000 F800
G1 X316.6475 Y83.1977 Z-4.4000 F800
G1 X316.9233 Y84.1628 Z-4.4000 F800
G1 X317.1932 Y85.1027 Z-4.4000 F800
G1 X317.4569 Y86.0139 Z-4.4000 F800
G1 X317.7142 Y86.8926 Z-4.4000 F800
G1 X317.9651 Y87.7351 Z-4.4000 F800
G1 X318.2093 Y88.5374 Z-4.4000 F800
G1 X318.4465 Y89.2956 Z-4.4000 F800
G1 X318.6762 Y90.0055 Z-4.4000 F800
G1 X318.8981 Y90.6626 Z-4.4000 F800
G1 X319.1113 Y91.2622 Z-4.4000 F800
G1 X319.3145 Y91.7987 Z-4.4000 F800
G1 X319.5059 Y92.2657 Z-4.4000 F800
G1 X319.6819 Y92.6551 Z-4.4000 F800
G1 X319.8361 Y92.9561 Z-4.4000 F800
G1 X319.9097 Y93.0779 Z-4.4000 F800
G1 X320.0416 Y93.1045 Z-4.4000 F800
G1 X320.4767 Y93.1851 Z-4.4000 F800
G1 X321.0256 Y93.2814 Z-4.4000 F800
G1 X321.6793 Y93.3920 Z-4.4000 F800
G1 X322.4311 Y93.5158 Z-4.4000 F800
G1 X323.2748 Y93.6519 Z-4.4000 F800
G1 X324.2048 Y93.7996 Z-4.4000 F800
G1 X325.2156 Y93.9580 Z-4.4000 F800
G1 X326.3018 Y94.1263 Z-4.4000 F800
G1 X327.4580 Y94.3040 Z-4.4000 F800
G1 X328.6789 Y94.4901 Z-4.4000 F800
G1 X329.9592 Y94.6840 Z-4.4000 F800
G1 X331.2937 Y94.8849 Z-4.4000 F800
G1 X332.6770 Y95.0922 Z-4.4000 F800
G1 X334.1041 Y95.3050 Z-4.4000 F800
G1 X335.5695 Y95.5227 Z-4.4000 F800
G1 X337.0682 Y95.7445 Z-4.4000 F800
G1 X338.5947 Y95.9698 Z-4.4000 F800
G1 X340.1440 Y96.1977 Z-4.4000 F800
G1 X341.7107 Y96.4275 Z-4.4000 F800
G1 X343.2897 Y96.6586 Z-4.4000 F800
G1 X344.8757 Y96.8902 Z-4.4000 F800
G1 X346.4635 Y97.1216 Z-4.4000 F800
G1 X348.0479 Y97.3521 Z-4.4000 F800
G1 X349.6235 Y97.5808 Z-4.4000 F800
G1 X351.1853 Y97.8072 Z-4.4000 F800
G1 X352.7280 Y98.0305 Z-4.4000 F800
G1 X354.2464 Y98.2499 Z-4.4000 F800
G1 X355.7351 Y98.4648 Z-4.4000 F800
G1 X357.1891 Y98.6744 Z-4.4000 F800
G1 X358.6031 Y98.8780 Z-4.4000 F800
G1 X359.9718 Y99.0748 Z-4.4000 F800
G1 X361.2901 Y99.2642 Z-4.4000 F800
G1 X362.5527 Y99.4454 Z-4.4000 F800
G1 X363.7544 Y99.6177 Z-4.4000 F800
G1 X364.8899 Y99.7804 Z-4.4000 F800
G1 X365.9541 Y99.9327 Z-4.4000 F800
G1 X366.9418 Y100.0740 Z-4.4000 F800
G1 X367.8476 Y100.2034 Z-4.4000 F800
G1 X368.6664 Y100.3204 Z-4.4000 F800
G1 X368.7440 Y100.3314 Z-4.4000 F800
G1 X368.5083 Y99.7168 Z-4.4000 F800
G1 X367.9973 Y98.4060 Z-4.4000 F800
G1 X367.3924 Y96.8955 Z-4.4000 F800
G1 X366.6881 Y95.1948 Z-4.4000 F800
G1 X365.8793 Y93.3142 Z-4.4000 F800
G1 X364.9611 Y91.2644 Z-4.4000 F800
G1 X363.9284 Y89.0562 Z-4.4000 F800
G1 X362.7763 Y86.7004 Z-4.4000 F800
G1 X361.4999 Y84.2080 Z-4.4000 F800
G1 X360.0943 Y81.5900 Z-4.4000 F800
G1 X358.5547 Y78.8573 Z-4.4000 F800
G1 X356.8761 Y76.0210 Z-4.4000 F800
G1 X355.0537 Y73.0921 Z-4.4000 F800
G1 X353.0826 Y70.0815 Z-4.4000 F800
G1 X350.9580 Y67.0004 Z-4.4000 F800
G1 X348.6750 Y63.8596 Z-4.4000 F800
G1 X346.2287 Y60.6702 Z-4.4000 F800
G1 X343.6142 Y57.4432 Z-4.4000 F800
G1 X340.8267 Y54.1895 Z-4.4000 F800
G1 X337.8612 Y50.9202 Z-4.4000 F800
G1 X334.7130 Y47.6461 Z-4.4000 F800
G1 X331.3769 Y44.3782 Z-4.4000 F800
G1 X327.8482 Y41.1276 Z-4.4000 F800
G1 X324.1219 Y37.9050 Z-4.4000 F800
G1 X320.1929 Y34.7214 Z-4.4000 F800
G1 X316.0564 Y31.5878 Z-4.4000 F800
G1 X311.7073 Y28.5151 Z-4.4000 F800
G1 X307.1406 Y25.5142 Z-4.4000 F800
G1 X302.3513 Y22.5960 Z-4.4000 F800
G1 X297.3343 Y19.7715 Z-4.4000 F800
G1 X292.0844 Y17.0516 Z-4.4000 F800
G1 X286.5967 Y14.4474 Z-4.4000 F800
G1 X280.8659 Y11.9697 Z-4.4000 F800
G1 X274.8870 Y9.6296 Z-4.4000 F800
G1 X268.6549 Y7.4382 Z-4.4000 F800
G1 X262.1643 Y5.4064 Z-4.4000 F800
G1 X255.4102 Y3.5454 Z-4.4000 F800
G1 X248.3875 Y1.8662 Z-4.4000 F800
G1 X241.0909 Y0.3800 Z-4.4000 F800
G1 X233.5155 Y-0.9021 Z-4.4000 F800
G1 X225.6561 Y-1.9690 Z-4.4000 F800
G1 X217.5077 Y-2.8096 Z-4.4000 F800
G1 X209.0651 Y-3.4125 Z-4.4000 F800
G1 X200.3226 Y-3.7668 Z-4.4000 F800
G1 X191.5754 Y-3.8658 Z-4.4000 F800
G1 X183.1208 Y-3.7177 Z-4.4000 F800
G1 X174.9549 Y-3.3329 Z-4.4000 F800
G1 X167.0731 Y-2.7218 Z-4.4000 F800
G1 X159.4706 Y-1.8949 Z-4.4000 F800
G1 X152.1427 Y-0.8627 Z-4.4000 F800
G1 X145.0848 Y0.3645 Z-4.4000 F800
G1 X138.2921 Y1.7762 Z-4.4000 F800
G1 X131.7599 Y3.3619 Z-4.4000 F800
G1 X125.4833 Y5.1113 Z-4.4000 F800
G1 X119.4578 Y7.0140 Z-4.4000 F800
G1 X113.6785 Y9.0597 Z-4.4000 F800
G1 X108.1405 Y11.2380 Z-4.4000 F800
G1 X102.8393 Y13.5386 Z-4.4000 F800
G1 X97.7700 Y15.9512 Z-4.4000 F800
G1 X92.9278 Y18.4656 Z-4.4000 F800
G1 X88.3080 Y21.0714 Z-4.4000 F800
G1 X83.9060 Y23.7583 Z-4.4000 F800
G1 X79.7169 Y26.5163 Z-4.4000 F800
G1 X75.7362 Y29.3350 Z-4.4000 F800
G1 X71.9590 Y32.2042 Z-4.4000 F800
G1 X68.3808 Y35.1137 Z-4.4000 F800
G1 X64.9970 Y38.0533 Z-4.4000 F800
G1 X61.8029 Y41.0128 Z-4.4000 F800
G1 X58.7939 Y43.9819 Z-4.4000 F800
G1 X55.9655 Y46.9503 Z-4.4000 F800
G1 X53.3130 Y49.9079 Z-4.4000 F800
G1 X50.8320 Y52.8444 Z-4.4000 F800
G1 X48.5179 Y55.7495 Z-4.4000 F800
G1 X46.3662 Y58.6129 Z-4.4000 F800
G1 X44.3723 Y61.4244 Z-4.4000 F800
G1 X42.5317 Y64.1735 Z-4.4000 F800
G1 X40.8400 Y66.8501 Z-4.4000 F800
G1 X39.2926 Y69.4436 Z-4.4000 F800
G1 X37.8851 Y71.9438 Z-4.4000 F800
G1 X36.6129 Y74.3402 Z-4.4000 F800
G1 X35.4716 Y76.6224 Z-4.4000 F800
G1 X34.4567 Y78.7799 Z-4.4000 F800
G1 X33.5638 Y80.8020 Z-4.4000 F800
G1 X32.7884 Y82.6782 Z-4.4000 F800
G1 X32.1260 Y84.3975 Z-4.4000 F800
G1 X31.5724 Y85.9488 Z-4.4000 F800
G1 X31.1232 Y87.3203 Z-4.4000 F800
G1 X30.7743 Y88.4993 Z-4.4000 F800
G1 X30.5219 Y89.4701 Z-4.4000 F800
G1 X30.3700 Y90.1759 Z-4.4000 F800
G0 Z5.000
( -- pass 4/9, target Z=-5.8667 -- )
G0 X30.3700 Y90.1759 Z5.0000
G1 Z-5.8667 F300
G1 X30.4668 Y90.1965 Z-5.8667 F800
G1 X30.9531 Y90.2595 Z-5.8667 F800
G1 X31.5561 Y90.3026 Z-5.8667 F800
G1 X32.2614 Y90.3228 Z-5.8667 F800
G1 X33.0581 Y90.3193 Z-5.8667 F800
G1 X33.9380 Y90.2925 Z-5.8667 F800
G1 X34.8936 Y90.2433 Z-5.8667 F800
G1 X35.9188 Y90.1729 Z-5.8667 F800
G1 X37.0076 Y90.0824 Z-5.8667 F800
G1 X38.1546 Y89.9732 Z-5.8667 F800
G1 X39.3543 Y89.8467 Z-5.8667 F800
G1 X40.6017 Y89.7041 Z-5.8667 F800
G1 X41.8917 Y89.5468 Z-5.8667 F800
G1 X43.2194 Y89.3763 Z-5.8667 F800
G1 X44.5799 Y89.1940 Z-5.8667 F800
G1 X45.9684 Y89.0011 Z-5.8667 F800
G1 X47.3801 Y88.7991 Z-5.8667 F800
G1 X48.8101 Y88.5894 Z-5.8667 F800
G1 X50.2538 Y88.3733 Z-5.8667 F800
G1 X51.7064 Y88.1523 Z-5.8667 F800
G1 X53.1631 Y87.9277 Z-5.8667 F800
G1 X54.6194 Y87.7009 Z-5.8667 F800
G1 X56.0705 Y87.4733 Z-5.8667 F800
G1 X57.5117 Y87.2462 Z-5.8667 F800
G1 X58.9386 Y87.0211 Z-5.8667 F800
G1 X60.3464 Y86.7993 Z-5.8667 F800
G1 X61.7287 Y86.5824 Z-5.8667 F800
G1 X61.7305 Y86.5821 Z-5.8667 F800
G1 X63.0836 Y86.3714 Z-5.8667 F800
G1 X63.0863 Y86.3710 Z-5.8667 F800
G1 X64.4055 Y86.1679 Z-5.8667 F800
G1 X64.4091 Y86.1674 Z-5.8667 F800
G1 X65.6897 Y85.9733 Z-5.8667 F800
G1 X65.6944 Y85.9726 Z-5.8667 F800
G1 X66.9318 Y85.7888 Z-5.8667 F800
G1 X66.9378 Y85.7879 Z-5.8667 F800
G1 X68.1273 Y85.6158 Z-5.8667 F800
G1 X68.1347 Y85.6148 Z-5.8667 F800
G1 X69.2717 Y85.4558 Z-5.8667 F800
G1 X69.2810 Y85.4545 Z-5.8667 F800
G1 X70.3607 Y85.3101 Z-5.8667 F800
G1 X70.3722 Y85.3086 Z-5.8667 F800
G1 X71.3900 Y85.1800 Z-5.8667 F800
G1 X71.4044 Y85.1782 Z-5.8667 F800
G1 X72.3557 Y85.0668 Z-5.8667 F800
G1 X72.3739 Y85.0648 Z-5.8667 F800
G1 X73.2539 Y84.9721 Z-5.8667 F800
G1 X73.2772 Y84.9698 Z-5.8667 F800
G1 X74.0813 Y84.8970 Z-5.8667 F800
G1 X74.1119 Y84.8946 Z-5.8667 F800
G1 X74.8354 Y84.8432 Z-5.8667 F800
G1 X74.8768 Y84.8408 Z-5.8667 F800
G1 X75.5150 Y84.8122 Z-5.8667 F800
G1 X75.5732 Y84.8107 Z-5.8667 F800
G1 X76.1215 Y84.8063 Z-5.8667 F800
G1 X76.2081 Y84.8079 Z-5.8667 F800
G1 X76.6618 Y84.8290 Z-5.8667 F800
G1 X76.8012 Y84.8417 Z-5.8667 F800
G1 X77.1557 Y84.8897 Z-5.8667 F800
G1 X77.2289 Y84.9027 Z-5.8667 F800
G1 X77.3056 Y84.8288 Z-5.8667 F800
G1 X77.5450 Y84.5570 Z-5.8667 F800
G1 X77.8271 Y84.1959 Z-5.8667 F800
G1 X78.1418 Y83.7549 Z-5.8667 F800
G1 X78.4830 Y83.2416 Z-5.8667 F800
G1 X78.8468 Y82.6625 Z-5.8667 F800
G1 X79.2307 Y82.0230 Z-5.8667 F800
G1 X79.6325 Y81.3283 Z-5.8667 F800
G1 X80.0507 Y80.5831 Z-5.8667 F800
G1 X80.4839 Y79.7918 Z-5.8667 F800
G1 X80.9310 Y78.9586 Z-5.8667 F800
G1 X81.3909 Y78.0877 Z-5.8667 F800
G1 X81.8625 Y77.1831 Z-5.8667 F800
G1 X82.3450 Y76.2487 Z-5.8667 F800
G1 X82.8375 Y75.2886 Z-5.8667 F800
G1 X83.3390 Y74.3064 Z-5.8667 F800
G1 X83.8489 Y73.3061 Z-5.8667 F800
G1 X84.3664 Y72.2908 Z-5.8667 F800
G1 X84.8892 Y71.2676 Z-5.8667 F800
G1 X84.8905 Y71.2650 Z-5.8667 F800
G1 X85.4186 Y70.2361 Z-5.8667 F800
G1 X85.4205 Y70.2324 Z-5.8667 F800
G1 X85.9530 Y69.2016 Z-5.8667 F800
G1 X85.9555 Y69.1967 Z-5.8667 F800
G1 X86.4916 Y68.1677 Z-5.8667 F800
G1 X86.4949 Y68.1615 Z-5.8667 F800
G1 X87.0338 Y67.1382 Z-5.8667 F800
G1 X87.0378 Y67.1307 Z-5.8667 F800
G1 X87.5788 Y66.1166 Z-5.8667 F800
G1 X87.5836 Y66.1077 Z-5.8667 F800
G1 X88.1258 Y65.1067 Z-5.8667 F800
G1 X88.1315 Y65.0963 Z-5.8667 F800
G1 X88.6742 Y64.1120 Z-5.8667 F800
G1 X88.6810 Y64.1000 Z-5.8667 F800
G1 X89.2234 Y63.1363 Z-5.8667 F800
G1 X89.2313 Y63.1223 Z-5.8667 F800
G1 X89.7726 Y62.1829 Z-5.8667 F800
G1 X89.7819 Y62.1669 Z-5.8667 F800
G1 X90.3213 Y61.2555 Z-5.8667 F800
G1 X90.3323 Y61.2372 Z-5.8667 F800
G1 X90.8690 Y60.3575 Z-5.8667 F800
G1 X90.8820 Y60.3365 Z-5.8667 F800
G1 X91.4153 Y59.4923 Z-5.8667 F800
G1 X91.4308 Y59.4683 Z-5.8667 F800
G1 X91.9598 Y58.6632 Z-5.8667 F800
G1 X91.9783 Y58.6356 Z-5.8667 F800
G1 X92.5022 Y57.8735 Z-5.8667 F800
G1 X92.5246 Y57.8417 Z-5.8667 F800
G1 X93.0427 Y57.1263 Z-5.8667 F800
G1 X93.0701 Y57.0896 Z-5.8667 F800
G1 X93.5816 Y56.4246 Z-5.8667 F800
G1 X93.6155 Y56.3820 Z-5.8667 F800
G1 X94.1195 Y55.7711 Z-5.8667 F800
G1 X94.1621 Y55.7217 Z-5.8667 F800
G1 X94.6579 Y55.1687 Z-5.8667 F800
G1 X94.7121 Y55.1111 Z-5.8667 F800
G1 X95.1990 Y54.6197 Z-5.8667 F800
G1 X95.2693 Y54.5530 Z-5.8667 F800
G1 X95.7463 Y54.1269 Z-5.8667 F800
G1 X95.8390 Y54.0503 Z-5.8667 F800
G1 X96.3055 Y53.6933 Z-5.8667 F800
G1 X96.4295 Y53.6074 Z-5.8667 F800
G1 X96.8846 Y53.3233 Z-5.8667 F800
G1 X97.0517 Y53.2324 Z-5.8667 F800
G1 X97.4947 Y53.0248 Z-5.8667 F800
G1 X97.6046 Y52.9782 Z-5.8667 F800
G1 X97.7177 Y52.9401 Z-5.8667 F800
G1 X98.1478 Y52.8128 Z-5.8667 F800
G1 X98.2897 Y52.7778 Z-5.8667 F800
G1 X98.4343 Y52.7560 Z-5.8667 F800
G1 X98.8505 Y52.7127 Z-5.8667 F800
G1 X99.0279 Y52.7043 Z-5.8667 F800
G1 X99.2050 Y52.7157 Z-5.8667 F800
G1 X99.6228 Y52.7662 Z-5.8667 F800
G1 X99.7866 Y52.7947 Z-5.8667 F800
G1 X99.9465 Y52.8402 Z-5.8667 F800
G1 X100.3809 Y52.9889 Z-5.8667 F800
G1 X100.5031 Y53.0364 Z-5.8667 F800
G1 X100.6208 Y53.0939 Z-5.8667 F800
G1 X101.0708 Y53.3367 Z-5.8667 F800
G1 X101.2418 Y53.4435 Z-5.8667 F800
G1 X101.7062 Y53.7764 Z-5.8667 F800
G1 X101.8279 Y53.8730 Z-5.8667 F800
G1 X102.3057 Y54.2920 Z-5.8667 F800
G1 X102.3938 Y54.3753 Z-5.8667 F800
G1 X102.8840 Y54.8763 Z-5.8667 F800
G1 X102.9492 Y54.9471 Z-5.8667 F800
G1 X103.4508 Y55.5259 Z-5.8667 F800
G1 X103.5002 Y55.5859 Z-5.8667 F800
G1 X104.0120 Y56.2386 Z-5.8667 F800
G1 X104.0504 Y56.2897 Z-5.8667 F800
G1 X104.5713 Y57.0121 Z-5.8667 F800
G1 X104.6017 Y57.0559 Z-5.8667 F800
G1 X105.1307 Y57.8440 Z-5.8667 F800
G1 X105.1553 Y57.8818 Z-5.8667 F800
G1 X105.6913 Y58.7316 Z-5.8667 F800
G1 X105.7115 Y58.7645 Z-5.8667 F800
G1 X106.2534 Y59.6718 Z-5.8667 F800
G1 X106.2702 Y59.7007 Z-5.8667 F800
G1 X106.8171 Y60.6615 Z-5.8667 F800
G1 X106.8313 Y60.6870 Z-5.8667 F800
G1 X107.3820 Y61.6973 Z-5.8667 F800
G1 X107.3941 Y61.7200 Z-5.8667 F800
G1 X107.9476 Y62.7757 Z-5.8667 F800
G1 X107.9580 Y62.7960 Z-5.8667 F800
G1 X108.5132 Y63.8930 Z-5.8667 F800
G1 X108.5223 Y63.9113 Z-5.8667 F800
G1 X109.0780 Y65.0456 Z-5.8667 F800
G1 X109.0860 Y65.0622 Z-5.8667 F800
G1 X109.6414 Y66.2297 Z-5.8667 F800
G1 X109.6485 Y66.2448 Z-5.8667 F800
G1 X110.2023 Y67.4414 Z-5.8667 F800
G1 X110.2087 Y67.4552 Z-5.8667 F800
G1 X110.7599 Y68.6769 Z-5.8667 F800
G1 X110.7656 Y68.6896 Z-5.8667 F800
G1 X111.3133 Y69.9323 Z-5.8667 F800
G1 X111.3184 Y69.9441 Z-5.8667 F800
G1 X111.8614 Y71.2037 Z-5.8667 F800
G1 X111.8661 Y71.2146 Z-5.8667 F800
G1 X112.4033 Y72.4871 Z-5.8667 F800
G1 X112.4075 Y72.4973 Z-5.8667 F800
G1 X112.9379 Y73.7786 Z-5.8667 F800
G1 X112.9419 Y73.7882 Z-5.8667 F800
G1 X113.4643 Y75.0742 Z-5.8667 F800
G1 X113.4680 Y75.0833 Z-5.8667 F800
G1 X113.9815 Y76.3699 Z-5.8667 F800
G1 X113.9849 Y76.3786 Z-5.8667 F800
G1 X114.4884 Y77.6618 Z-5.8667 F800
G1 X114.4916 Y77.6700 Z-5.8667 F800
G1 X114.9840 Y78.9458 Z-5.8667 F800
G1 X114.9870 Y78.9537 Z-5.8667 F800
G1 X115.4673 Y80.2180 Z-5.8667 F800
G1 X115.4701 Y80.2256 Z-5.8667 F800
G1 X115.9372 Y81.4743 Z-5.8667 F800
G1 X115.9399 Y81.4817 Z-5.8667 F800
G1 X116.3927 Y82.7107 Z-5.8667 F800
G1 X116.3953 Y82.7179 Z-5.8667 F800
G1 X116.8327 Y83.9232 Z-5.8667 F800
G1 X116.8352 Y83.9304 Z-5.8667 F800
G1 X117.2562 Y85.1079 Z-5.8667 F800
G1 X117.2587 Y85.1150 Z-5.8667 F800
G1 X117.6622 Y86.2607 Z-5.8667 F800
G1 X117.6647 Y86.2678 Z-5.8667 F800
G1 X118.0496 Y87.3775 Z-5.8667 F800
G1 X118.0521 Y87.3847 Z-5.8667 F800
G1 X118.4175 Y88.4545 Z-5.8667 F800
G1 X118.4200 Y88.4620 Z-5.8667 F800
G1 X118.7646 Y89.4877 Z-5.8667 F800
G1 X118.7672 Y89.4955 Z-5.8667 F800
G1 X119.0901 Y90.4731 Z-5.8667 F800
G1 X119.0928 Y90.4813 Z-5.8667 F800
G1 X119.3929 Y91.4068 Z-5.8667 F800
G1 X119.3957 Y91.4157 Z-5.8667 F800
G1 X119.6720 Y92.2849 Z-5.8667 F800
G1 X119.6751 Y92.2948 Z-5.8667 F800
G1 X119.9263 Y93.1037 Z-5.8667 F800
G1 X119.9298 Y93.1150 Z-5.8667 F800
G1 X120.1551 Y93.8595 Z-5.8667 F800
G1 X120.1590 Y93.8727 Z-5.8667 F800
G1 X120.3572 Y94.5489 Z-5.8667 F800
G1 X120.3618 Y94.5649 Z-5.8667 F800
G1 X120.5319 Y95.1686 Z-5.8667 F800
G1 X120.5375 Y95.1892 Z-5.8667 F800
G1 X120.6784 Y95.7163 Z-5.8667 F800
G1 X120.6856 Y95.7445 Z-5.8667 F800
G1 X120.7826 Y96.1360 Z-5.8667 F800
G1 X121.5117 Y96.2860 Z-5.8667 F800
G1 X122.7972 Y96.4729 Z-5.8667 F800
G1 X124.4530 Y96.6572 Z-5.8667 F800
G1 X126.4477 Y96.8357 Z-5.8667 F800
G1 X128.7581 Y97.0073 Z-5.8667 F800
G1 X131.3643 Y97.1718 Z-5.8667 F800
G1 X134.2475 Y97.3290 Z-5.8667 F800
G1 X137.3897 Y97.4790 Z-5.8667 F800
G1 X140.7735 Y97.6219 Z-5.8667 F800
G1 X144.3814 Y97.7577 Z-5.8667 F800
G1 X148.1961 Y97.8867 Z-5.8667 F800
G1 X152.2005 Y98.0089 Z-5.8667 F800
G1 X156.3775 Y98.1245 Z-5.8667 F800
G1 X160.7100 Y98.2337 Z-5.8667 F800
G1 X165.1811 Y98.3365 Z-5.8667 F800
G1 X169.7736 Y98.4333 Z-5.8667 F800
G1 X174.4705 Y98.5240 Z-5.8667 F800
G1 X179.2550 Y98.6089 Z-5.8667 F800
G1 X184.1100 Y98.6881 Z-5.8667 F800
G1 X189.0185 Y98.7618 Z-5.8667 F800
G1 X193.9636 Y98.8302 Z-5.8667 F800
G1 X198.9283 Y98.8933 Z-5.8667 F800
G1 X203.8956 Y98.9514 Z-5.8667 F800
G1 X208.8487 Y99.0046 Z-5.8667 F800
G1 X213.7704 Y99.0531 Z-5.8667 F800
G1 X218.6439 Y99.0970 Z-5.8667 F800
G1 X223.4523 Y99.1365 Z-5.8667 F800
G1 X228.1785 Y99.1717 Z-5.8667 F800
G1 X232.8056 Y99.2028 Z-5.8667 F800
G1 X237.3167 Y99.2300 Z-5.8667 F800
G1 X241.6948 Y99.2534 Z-5.8667 F800
G1 X245.9230 Y99.2731 Z-5.8667 F800
G1 X249.9842 Y99.2894 Z-5.8667 F800
G1 X253.8616 Y99.3024 Z-5.8667 F800
G1 X257.5382 Y99.3122 Z-5.8667 F800
G1 X260.9970 Y99.3190 Z-5.8667 F800
G1 X264.2210 Y99.3230 Z-5.8667 F800
G1 X267.1934 Y99.3243 Z-5.8667 F800
G1 X269.8969 Y99.3230 Z-5.8667 F800
G1 X272.3147 Y99.3194 Z-5.8667 F800
G1 X274.4295 Y99.3136 Z-5.8667 F800
G1 X276.2242 Y99.3058 Z-5.8667 F800
G1 X277.6808 Y99.2960 Z-5.8667 F800
G1 X278.7802 Y99.2846 Z-5.8667 F800
G1 X279.3263 Y99.2750 Z-5.8667 F800
G1 X279.4757 Y99.0799 Z-5.8667 F800
G1 X279.7307 Y98.7069 Z-5.8667 F800
G1 X280.0283 Y98.2358 Z-5.8667 F800
G1 X280.3614 Y97.6769 Z-5.8667 F800
G1 X280.7257 Y97.0382 Z-5.8667 F800
G1 X281.1184 Y96.3260 Z-5.8667 F800
G1 X281.5371 Y95.5461 Z-5.8667 F800
G1 X281.9802 Y94.7036 Z-5.8667 F800
G1 X282.4458 Y93.8034 Z-5.8667 F800
G1 X282.9324 Y92.8503 Z-5.8667 F800
G1 X283.4388 Y91.8489 Z-5.8667 F800
G1 X283.9635 Y90.8037 Z-5.8667 F800
G1 X284.5051 Y89.7191 Z-5.8667 F800
G1 X285.0624 Y88.5997 Z-5.8667 F800
G1 X285.6342 Y87.4496 Z-5.8667 F800
G1 X286.2192 Y86.2729 Z-5.8667 F800
G1 X286.8153 Y85.0761 Z-5.8667 F800
G1 X286.8162 Y85.0743 Z-5.8667 F800
G1 X287.4226 Y83.8607 Z-5.8667 F800
G1 X287.4239 Y83.8582 Z-5.8667 F800
G1 X288.0392 Y82.6321 Z-5.8667 F800
G1 X288.0409 Y82.6287 Z-5.8667 F800
G1 X288.6641 Y81.3944 Z-5.8667 F800
G1 X288.6662 Y81.3902 Z-5.8667 F800
G1 X289.2960 Y80.1519 Z-5.8667 F800
G1 X289.2986 Y80.1469 Z-5.8667 F800
G1 X289.9337 Y78.9090 Z-5.8667 F800
G1 X289.9368 Y78.9031 Z-5.8667 F800
G1 X290.5761 Y77.6697 Z-5.8667 F800
G1 X290.5796 Y77.6629 Z-5.8667 F800
G1 X291.2218 Y76.4384 Z-5.8667 F800
G1 X291.2259 Y76.4307 Z-5.8667 F800
G1 X291.8699 Y75.2193 Z-5.8667 F800
G1 X291.8746 Y75.2104 Z-5.8667 F800
G1 X292.5190 Y74.0165 Z-5.8667 F800
G1 X292.5245 Y74.0064 Z-5.8667 F800
G1 X293.1681 Y72.8342 Z-5.8667 F800
G1 X293.1744 Y72.8228 Z-5.8667 F800
G1 X293.8161 Y71.6765 Z-5.8667 F800
G1 X293.8234 Y71.6636 Z-5.8667 F800
G1 X294.4618 Y70.5476 Z-5.8667 F800
G1 X294.4703 Y70.5330 Z-5.8667 F800
G1 X295.1043 Y69.4515 Z-5.8667 F800
G1 X295.1141 Y69.4350 Z-5.8667 F800
G1 X295.7426 Y68.3922 Z-5.8667 F800
G1 X295.7541 Y68.3734 Z-5.8667 F800
G1 X296.3756 Y67.3738 Z-5.8667 F800
G1 X296.3892 Y67.3523 Z-5.8667 F800
G1 X297.0026 Y66.4000 Z-5.8667 F800
G1 X297.0188 Y66.3754 Z-5.8667 F800
G1 X297.6230 Y65.4746 Z-5.8667 F800
G1 X297.6424 Y65.4463 Z-5.8667 F800
G1 X298.2360 Y64.6015 Z-5.8667 F800
G1 X298.2598 Y64.5686 Z-5.8667 F800
G1 X298.8416 Y63.7839 Z-5.8667 F800
G1 X298.8710 Y63.7455 Z-5.8667 F800
G1 X299.4399 Y63.0253 Z-5.8667 F800
G1 X299.4769 Y62.9802 Z-5.8667 F800
G1 X300.0315 Y62.3287 Z-5.8667 F800
G1 X300.0790 Y62.2754 Z-5.8667 F800
G1 X300.6183 Y61.6969 Z-5.8667 F800
G1 X300.6806 Y61.6336 Z-5.8667 F800
G1 X301.2032 Y61.1324 Z-5.8667 F800
G1 X301.2871 Y61.0575 Z-5.8667 F800
G1 X301.7918 Y60.6378 Z-5.8667 F800
G1 X301.9074 Y60.5503 Z-5.8667 F800
G1 X302.3930 Y60.2164 Z-5.8667 F800
G1 X302.5556 Y60.1184 Z-5.8667 F800
G1 X303.0209 Y59.8746 Z-5.8667 F800
G1 X303.1341 Y59.8209 Z-5.8667 F800
G1 X303.2511 Y59.7763 Z-5.8667 F800
G1 X303.6948 Y59.6269 Z-5.8667 F800
G1 X303.8512 Y59.5830 Z-5.8667 F800
G1 X304.0113 Y59.5553 Z-5.8667 F800
G1 X304.4323 Y59.5046 Z-5.8667 F800
G1 X304.6086 Y59.4932 Z-5.8667 F800
G1 X304.7852 Y59.5015 Z-5.8667 F800
G1 X305.1927 Y59.5436 Z-5.8667 F800
G1 X305.3451 Y59.5668 Z-5.8667 F800
G1 X305.4945 Y59.6047 Z-5.8667 F800
G1 X305.8988 Y59.7285 Z-5.8667 F800
G1 X306.0257 Y59.7733 Z-5.8667 F800
G1 X306.1483 Y59.8286 Z-5.8667 F800
G1 X306.5493 Y60.0306 Z-5.8667 F800
G1 X306.7419 Y60.1454 Z-5.8667 F800
G1 X307.1396 Y60.4221 Z-5.8667 F800
G1 X307.2833 Y60.5349 Z-5.8667 F800
G1 X307.6775 Y60.8828 Z-5.8667 F800
G1 X307.7837 Y60.9857 Z-5.8667 F800
G1 X308.1743 Y61.4013 Z-5.8667 F800
G1 X308.2532 Y61.4919 Z-5.8667 F800
G1 X308.6401 Y61.9716 Z-5.8667 F800
G1 X308.6994 Y62.0499 Z-5.8667 F800
G1 X309.0827 Y62.5903 Z-5.8667 F800
G1 X309.1279 Y62.6576 Z-5.8667 F800
G1 X309.5073 Y63.2551 Z-5.8667 F800
G1 X309.5424 Y63.3130 Z-5.8667 F800
G1 X309.9180 Y63.9641 Z-5.8667 F800
G1 X309.9455 Y64.0139 Z-5.8667 F800
G1 X310.3172 Y64.7152 Z-5.8667 F800
G1 X310.3392 Y64.7583 Z-5.8667 F800
G1 X310.7068 Y65.5061 Z-5.8667 F800
G1 X310.7246 Y65.5435 Z-5.8667 F800
G1 X311.0881 Y66.3345 Z-5.8667 F800
G1 X311.1026 Y66.3671 Z-5.8667 F800
G1 X311.4620 Y67.1976 Z-5.8667 F800
G1 X311.4739 Y67.2261 Z-5.8667 F800
G1 X311.8290 Y68.0927 Z-5.8667 F800
G1 X311.8390 Y68.1177 Z-5.8667 F800
G1 X312.1898 Y69.0169 Z-5.8667 F800
G1 X312.1981 Y69.0388 Z-5.8667 F800
G1 X312.5444 Y69.9671 Z-5.8667 F800
G1 X312.5515 Y69.9864 Z-5.8667 F800
G1 X312.8933 Y70.9402 Z-5.8667 F800
G1 X312.8993 Y70.9572 Z-5.8667 F800
G1 X313.2366 Y71.9330 Z-5.8667 F800
G1 X313.2417 Y71.9479 Z-5.8667 F800
G1 X313.5742 Y72.9422 Z-5.8667 F800
G1 X313.5786 Y72.9554 Z-5.8667 F800
G1 X313.9064 Y73.9646 Z-5.8667 F800
G1 X313.9101 Y73.9761 Z-5.8667 F800
G1 X314.2331 Y74.9969 Z-5.8667 F800
G1 X314.2362 Y75.0068 Z-5.8667 F800
G1 X314.5544 Y76.0355 Z-5.8667 F800
G1 X314.5570 Y76.0441 Z-5.8667 F800
G1 X314.8702 Y77.0773 Z-5.8667 F800
G1 X314.8723 Y77.0845 Z-5.8667 F800
G1 X315.1804 Y78.1186 Z-5.8667 F800
G1 X315.1822 Y78.1245 Z-5.8667 F800
G1 X315.4852 Y79.1561 Z-5.8667 F800
G1 X315.4865 Y79.1608 Z-5.8667 F800
G1 X315.7843 Y80.1863 Z-5.8667 F800
G1 X315.7853 Y80.1898 Z-5.8667 F800
G1 X316.0778 Y81.2057 Z-5.8667 F800
G1 X316.0785 Y81.2079 Z-5.8667 F800
G1 X316.3659 Y82.2117 Z-5.8667 F800
G1 X316.6475 Y83.1977 Z-5.8667 F800
G1 X316.9233 Y84.1628 Z-5.8667 F800
G1 X317.1932 Y85.1027 Z-5.8667 F800
G1 X317.4569 Y86.0139 Z-5.8667 F800
G1 X317.7142 Y86.8926 Z-5.8667 F800
G1 X317.9651 Y87.7351 Z-5.8667 F800
G1 X318.2093 Y88.5374 Z-5.8667 F800
G1 X318.4465 Y89.2956 Z-5.8667 F800
G1 X318.6762 Y90.0055 Z-5.8667 F800
G1 X318.8981 Y90.6626 Z-5.8667 F800
G1 X319.1113 Y91.2622 Z-5.8667 F800
G1 X319.3145 Y91.7987 Z-5.8667 F800
G1 X319.5059 Y92.2657 Z-5.8667 F800
G1 X319.6819 Y92.6551 Z-5.8667 F800
G1 X319.8361 Y92.9561 Z-5.8667 F800
G1 X319.9097 Y93.0779 Z-5.8667 F800
G1 X320.0416 Y93.1045 Z-5.8667 F800
G1 X320.4767 Y93.1851 Z-5.8667 F800
G1 X321.0256 Y93.2814 Z-5.8667 F800
G1 X321.6793 Y93.3920 Z-5.8667 F800
G1 X322.4311 Y93.5158 Z-5.8667 F800
G1 X323.2748 Y93.6519 Z-5.8667 F800
G1 X324.2048 Y93.7996 Z-5.8667 F800
G1 X325.2156 Y93.9580 Z-5.8667 F800
G1 X326.3018 Y94.1263 Z-5.8667 F800
G1 X327.4580 Y94.3040 Z-5.8667 F800
G1 X328.6789 Y94.4901 Z-5.8667 F800
G1 X329.9592 Y94.6840 Z-5.8667 F800
G1 X331.2937 Y94.8849 Z-5.8667 F800
G1 X332.6770 Y95.0922 Z-5.8667 F800
G1 X334.1041 Y95.3050 Z-5.8667 F800
G1 X335.5695 Y95.5227 Z-5.8667 F800
G1 X337.0682 Y95.7445 Z-5.8667 F800
G1 X338.5947 Y95.9698 Z-5.8667 F800
G1 X340.1440 Y96.1977 Z-5.8667 F800
G1 X341.7107 Y96.4275 Z-5.8667 F800
G1 X343.2897 Y96.6586 Z-5.8667 F800
G1 X344.8757 Y96.8902 Z-5.8667 F800
G1 X346.4635 Y97.1216 Z-5.8667 F800
G1 X348.0479 Y97.3521 Z-5.8667 F800
G1 X349.6235 Y97.5808 Z-5.8667 F800
G1 X351.1853 Y97.8072 Z-5.8667 F800
G1 X352.7280 Y98.0305 Z-5.8667 F800
G1 X354.2464 Y98.2499 Z-5.8667 F800
G1 X355.7351 Y98.4648 Z-5.8667 F800
G1 X357.1891 Y98.6744 Z-5.8667 F800
G1 X358.6031 Y98.8780 Z-5.8667 F800
G1 X359.9718 Y99.0748 Z-5.8667 F800
G1 X361.2901 Y99.2642 Z-5.8667 F800
G1 X362.5527 Y99.4454 Z-5.8667 F800
G1 X363.7544 Y99.6177 Z-5.8667 F800
G1 X364.8899 Y99.7804 Z-5.8667 F800
G1 X365.9541 Y99.9327 Z-5.8667 F800
G1 X366.9418 Y100.0740 Z-5.8667 F800
G1 X367.8476 Y100.2034 Z-5.8667 F800
G1 X368.6664 Y100.3204 Z-5.8667 F800
G1 X368.7440 Y100.3314 Z-5.8667 F800
G1 X368.5083 Y99.7168 Z-5.8667 F800
G1 X367.9973 Y98.4060 Z-5.8667 F800
G1 X367.3924 Y96.8955 Z-5.8667 F800
G1 X366.6881 Y95.1948 Z-5.8667 F800
G1 X365.8793 Y93.3142 Z-5.8667 F800
G1 X364.9611 Y91.2644 Z-5.8667 F800
G1 X363.9284 Y89.0562 Z-5.8667 F800
G1 X362.7763 Y86.7004 Z-5.8667 F800
G1 X361.4999 Y84.2080 Z-5.8667 F800
G1 X360.0943 Y81.5900 Z-5.8667 F800
G1 X358.5547 Y78.8573 Z-5.8667 F800
G1 X356.8761 Y76.0210 Z-5.8667 F800
G1 X355.0537 Y73.0921 Z-5.8667 F800
G1 X353.0826 Y70.0815 Z-5.8667 F800
G1 X350.9580 Y67.0004 Z-5.8667 F800
G1 X348.6750 Y63.8596 Z-5.8667 F800
G1 X346.2287 Y60.6702 Z-5.8667 F800
G1 X343.6142 Y57.4432 Z-5.8667 F800
G1 X340.8267 Y54.1895 Z-5.8667 F800
G1 X337.8612 Y50.9202 Z-5.8667 F800
G1 X334.7130 Y47.6461 Z-5.8667 F800
G1 X331.3769 Y44.3782 Z-5.8667 F800
G1 X327.8482 Y41.1276 Z-5.8667 F800
G1 X324.1219 Y37.9050 Z-5.8667 F800
G1 X320.1929 Y34.7214 Z-5.8667 F800
G1 X316.0564 Y31.5878 Z-5.8667 F800
G1 X311.7073 Y28.5151 Z-5.8667 F800
G1 X307.1406 Y25.5142 Z-5.8667 F800
G1 X302.3513 Y22.5960 Z-5.8667 F800
G1 X297.3343 Y19.7715 Z-5.8667 F800
G1 X292.0844 Y17.0516 Z-5.8667 F800
G1 X286.5967 Y14.4474 Z-5.8667 F800
G1 X280.8659 Y11.9697 Z-5.8667 F800
G1 X274.8870 Y9.6296 Z-5.8667 F800
G1 X268.6549 Y7.4382 Z-5.8667 F800
G1 X262.1643 Y5.4064 Z-5.8667 F800
G1 X255.4102 Y3.5454 Z-5.8667 F800
G1 X248.3875 Y1.8662 Z-5.8667 F800
G1 X241.0909 Y0.3800 Z-5.8667 F800
G1 X233.5155 Y-0.9021 Z-5.8667 F800
G1 X225.6561 Y-1.9690 Z-5.8667 F800
G1 X217.5077 Y-2.8096 Z-5.8667 F800
G1 X209.0651 Y-3.4125 Z-5.8667 F800
G1 X200.3226 Y-3.7668 Z-5.8667 F800
G1 X191.5754 Y-3.8658 Z-5.8667 F800
G1 X183.1208 Y-3.7177 Z-5.8667 F800
G1 X174.9549 Y-3.3329 Z-5.8667 F800
G1 X167.0731 Y-2.7218 Z-5.8667 F800
G1 X159.4706 Y-1.8949 Z-5.8667 F800
G1 X152.1427 Y-0.8627 Z-5.8667 F800
G1 X145.0848 Y0.3645 Z-5.8667 F800
G1 X138.2921 Y1.7762 Z-5.8667 F800
G1 X131.7599 Y3.3619 Z-5.8667 F800
G1 X125.4833 Y5.1113 Z-5.8667 F800
G1 X119.4578 Y7.0140 Z-5.8667 F800
G1 X113.6785 Y9.0597 Z-5.8667 F800
G1 X108.1405 Y11.2380 Z-5.8667 F800
G1 X102.8393 Y13.5386 Z-5.8667 F800
G1 X97.7700 Y15.9512 Z-5.8667 F800
G1 X92.9278 Y18.4656 Z-5.8667 F800
G1 X88.3080 Y21.0714 Z-5.8667 F800
G1 X83.9060 Y23.7583 Z-5.8667 F800
G1 X79.7169 Y26.5163 Z-5.8667 F800
G1 X75.7362 Y29.3350 Z-5.8667 F800
G1 X71.9590 Y32.2042 Z-5.8667 F800
G1 X68.3808 Y35.1137 Z-5.8667 F800
G1 X64.9970 Y38.0533 Z-5.8667 F800
G1 X61.8029 Y41.0128 Z-5.8667 F800
G1 X58.7939 Y43.9819 Z-5.8667 F800
G1 X55.9655 Y46.9503 Z-5.8667 F800
G1 X53.3130 Y49.9079 Z-5.8667 F800
G1 X50.8320 Y52.8444 Z-5.8667 F800
G1 X48.5179 Y55.7495 Z-5.8667 F800
G1 X46.3662 Y58.6129 Z-5.8667 F800
G1 X44.3723 Y61.4244 Z-5.8667 F800
G1 X42.5317 Y64.1735 Z-5.8667 F800
G1 X40.8400 Y66.8501 Z-5.8667 F800
G1 X39.2926 Y69.4436 Z-5.8667 F800
G1 X37.8851 Y71.9438 Z-5.8667 F800
G1 X36.6129 Y74.3402 Z-5.8667 F800
G1 X35.4716 Y76.6224 Z-5.8667 F800
G1 X34.4567 Y78.7799 Z-5.8667 F800
G1 X33.5638 Y80.8020 Z-5.8667 F800
G1 X32.7884 Y82.6782 Z-5.8667 F800
G1 X32.1260 Y84.3975 Z-5.8667 F800
G1 X31.5724 Y85.9488 Z-5.8667 F800
G1 X31.1232 Y87.3203 Z-5.8667 F800
G1 X30.7743 Y88.4993 Z-5.8667 F800
G1 X30.5219 Y89.4701 Z-5.8667 F800
G1 X30.3700 Y90.1759 Z-5.8667 F800
G0 Z5.000
( -- pass 5/9, target Z=-7.3333 -- )
G0 X30.3700 Y90.1759 Z5.0000
G1 Z-7.3333 F300
G1 X30.4668 Y90.1965 Z-7.3333 F800
G1 X30.9531 Y90.2595 Z-7.3333 F800
G1 X31.5561 Y90.3026 Z-7.3333 F800
G1 X32.2614 Y90.3228 Z-7.3333 F800
G1 X33.0581 Y90.3193 Z-7.3333 F800
G1 X33.9380 Y90.2925 Z-7.3333 F800
G1 X34.8936 Y90.2433 Z-7.3333 F800
G1 X35.9188 Y90.1729 Z-7.3333 F800
G1 X37.0076 Y90.0824 Z-7.3333 F800
G1 X38.1546 Y89.9732 Z-7.3333 F800
G1 X39.3543 Y89.8467 Z-7.3333 F800
G1 X40.6017 Y89.7041 Z-7.3333 F800
G1 X41.8917 Y89.5468 Z-7.3333 F800
G1 X43.2194 Y89.3763 Z-7.3333 F800
G1 X44.5799 Y89.1940 Z-7.3333 F800
G1 X45.9684 Y89.0011 Z-7.3333 F800
G1 X47.3801 Y88.7991 Z-7.3333 F800
G1 X48.8101 Y88.5894 Z-7.3333 F800
G1 X50.2538 Y88.3733 Z-7.3333 F800
G1 X51.7064 Y88.1523 Z-7.3333 F800
G1 X53.1631 Y87.9277 Z-7.3333 F800
G1 X54.6194 Y87.7009 Z-7.3333 F800
G1 X56.0705 Y87.4733 Z-7.3333 F800
G1 X57.5117 Y87.2462 Z-7.3333 F800
G1 X58.9386 Y87.0211 Z-7.3333 F800
G1 X60.3464 Y86.7993 Z-7.3333 F800
G1 X61.7287 Y86.5824 Z-7.3333 F800
G1 X61.7305 Y86.5821 Z-7.3333 F800
G1 X63.0836 Y86.3714 Z-7.3333 F800
G1 X63.0863 Y86.3710 Z-7.3333 F800
G1 X64.4055 Y86.1679 Z-7.3333 F800
G1 X64.4091 Y86.1674 Z-7.3333 F800
G1 X65.6897 Y85.9733 Z-7.3333 F800
G1 X65.6944 Y85.9726 Z-7.3333 F800
G1 X66.9318 Y85.7888 Z-7.3333 F800
G1 X66.9378 Y85.7879 Z-7.3333 F800
G1 X68.1273 Y85.6158 Z-7.3333 F800
G1 X68.1347 Y85.6148 Z-7.3333 F800
G1 X69.2717 Y85.4558 Z-7.3333 F800
G1 X69.2810 Y85.4545 Z-7.3333 F800
G1 X70.3607 Y85.3101 Z-7.3333 F800
G1 X70.3722 Y85.3086 Z-7.3333 F800
G1 X71.3900 Y85.1800 Z-7.3333 F800
G1 X71.4044 Y85.1782 Z-7.3333 F800
G1 X72.3557 Y85.0668 Z-7.3333 F800
G1 X72.3739 Y85.0648 Z-7.3333 F800
G1 X73.2539 Y84.9721 Z-7.3333 F800
G1 X73.2772 Y84.9698 Z-7.3333 F800
G1 X74.0813 Y84.8970 Z-7.3333 F800
G1 X74.1119 Y84.8946 Z-7.3333 F800
G1 X74.8354 Y84.8432 Z-7.3333 F800
G1 X74.8768 Y84.8408 Z-7.3333 F800
G1 X75.5150 Y84.8122 Z-7.3333 F800
G1 X75.5732 Y84.8107 Z-7.3333 F800
G1 X76.1215 Y84.8063 Z-7.3333 F800
G1 X76.2081 Y84.8079 Z-7.3333 F800
G1 X76.6618 Y84.8290 Z-7.3333 F800
G1 X76.8012 Y84.8417 Z-7.3333 F800
G1 X77.1557 Y84.8897 Z-7.3333 F800
G1 X77.2289 Y84.9027 Z-7.3333 F800
G1 X77.3056 Y84.8288 Z-7.3333 F800
G1 X77.5450 Y84.5570 Z-7.3333 F800
G1 X77.8271 Y84.1959 Z-7.3333 F800
G1 X78.1418 Y83.7549 Z-7.3333 F800
G1 X78.4830 Y83.2416 Z-7.3333 F800
G1 X78.8468 Y82.6625 Z-7.3333 F800
G1 X79.2307 Y82.0230 Z-7.3333 F800
G1 X79.6325 Y81.3283 Z-7.3333 F800
G1 X80.0507 Y80.5831 Z-7.3333 F800
G1 X80.4839 Y79.7918 Z-7.3333 F800
G1 X80.9310 Y78.9586 Z-7.3333 F800
G1 X81.3909 Y78.0877 Z-7.3333 F800
G1 X81.8625 Y77.1831 Z-7.3333 F800
G1 X82.3450 Y76.2487 Z-7.3333 F800
G1 X82.8375 Y75.2886 Z-7.3333 F800
G1 X83.3390 Y74.3064 Z-7.3333 F800
G1 X83.8489 Y73.3061 Z-7.3333 F800
G1 X84.3664 Y72.2908 Z-7.3333 F800
G1 X84.8892 Y71.2676 Z-7.3333 F800
G1 X84.8905 Y71.2650 Z-7.3333 F800
G1 X85.4186 Y70.2361 Z-7.3333 F800
G1 X85.4205 Y70.2324 Z-7.3333 F800
G1 X85.9530 Y69.2016 Z-7.3333 F800
G1 X85.9555 Y69.1967 Z-7.3333 F800
G1 X86.4916 Y68.1677 Z-7.3333 F800
G1 X86.4949 Y68.1615 Z-7.3333 F800
G1 X87.0338 Y67.1382 Z-7.3333 F800
G1 X87.0378 Y67.1307 Z-7.3333 F800
G1 X87.5788 Y66.1166 Z-7.3333 F800
G1 X87.5836 Y66.1077 Z-7.3333 F800
G1 X88.1258 Y65.1067 Z-7.3333 F800
G1 X88.1315 Y65.0963 Z-7.3333 F800
G1 X88.6742 Y64.1120 Z-7.3333 F800
G1 X88.6810 Y64.1000 Z-7.3333 F800
G1 X89.2234 Y63.1363 Z-7.3333 F800
G1 X89.2313 Y63.1223 Z-7.3333 F800
G1 X89.7726 Y62.1829 Z-7.3333 F800
G1 X89.7819 Y62.1669 Z-7.3333 F800
G1 X90.3213 Y61.2555 Z-7.3333 F800
G1 X90.3323 Y61.2372 Z-7.3333 F800
G1 X90.8690 Y60.3575 Z-7.3333 F800
G1 X90.8820 Y60.3365 Z-7.3333 F800
G1 X91.4153 Y59.4923 Z-7.3333 F800
G1 X91.4308 Y59.4683 Z-7.3333 F800
G1 X91.9598 Y58.6632 Z-7.3333 F800
G1 X91.9783 Y58.6356 Z-7.3333 F800
G1 X92.5022 Y57.8735 Z-7.3333 F800
G1 X92.5246 Y57.8417 Z-7.3333 F800
G1 X93.0427 Y57.1263 Z-7.3333 F800
G1 X93.0701 Y57.0896 Z-7.3333 F800
G1 X93.5816 Y56.4246 Z-7.3333 F800
G1 X93.6155 Y56.3820 Z-7.3333 F800
G1 X94.1195 Y55.7711 Z-7.3333 F800
G1 X94.1621 Y55.7217 Z-7.3333 F800
G1 X94.6579 Y55.1687 Z-7.3333 F800
G1 X94.7121 Y55.1111 Z-7.3333 F800
G1 X95.1990 Y54.6197 Z-7.3333 F800
G1 X95.2693 Y54.5530 Z-7.3333 F800
G1 X95.7463 Y54.1269 Z-7.3333 F800
G1 X95.8390 Y54.0503 Z-7.3333 F800
G1 X96.3055 Y53.6933 Z-7.3333 F800
G1 X96.4295 Y53.6074 Z-7.3333 F800
G1 X96.8846 Y53.3233 Z-7.3333 F800
G1 X97.0517 Y53.2324 Z-7.3333 F800
G1 X97.4947 Y53.0248 Z-7.3333 F800
G1 X97.6046 Y52.9782 Z-7.3333 F800
G1 X97.7177 Y52.9401 Z-7.3333 F800
G1 X98.1478 Y52.8128 Z-7.3333 F800
G1 X98.2897 Y52.7778 Z-7.3333 F800
G1 X98.4343 Y52.7560 Z-7.3333 F800
G1 X98.8505 Y52.7127 Z-7.3333 F800
G1 X99.0279 Y52.7043 Z-7.3333 F800
G1 X99.2050 Y52.7157 Z-7.3333 F800
G1 X99.6228 Y52.7662 Z-7.3333 F800
G1 X99.7866 Y52.7947 Z-7.3333 F800
G1 X99.9465 Y52.8402 Z-7.3333 F800
G1 X100.3809 Y52.9889 Z-7.3333 F800
G1 X100.5031 Y53.0364 Z-7.3333 F800
G1 X100.6208 Y53.0939 Z-7.3333 F800
G1 X101.0708 Y53.3367 Z-7.3333 F800
G1 X101.2418 Y53.4435 Z-7.3333 F800
G1 X101.7062 Y53.7764 Z-7.3333 F800
G1 X101.8279 Y53.8730 Z-7.3333 F800
G1 X102.3057 Y54.2920 Z-7.3333 F800
G1 X102.3938 Y54.3753 Z-7.3333 F800
G1 X102.8840 Y54.8763 Z-7.3333 F800
G1 X102.9492 Y54.9471 Z-7.3333 F800
G1 X103.4508 Y55.5259 Z-7.3333 F800
G1 X103.5002 Y55.5859 Z-7.3333 F800
G1 X104.0120 Y56.2386 Z-7.3333 F800
G1 X104.0504 Y56.2897 Z-7.3333 F800
G1 X104.5713 Y57.0121 Z-7.3333 F800
G1 X104.6017 Y57.0559 Z-7.3333 F800
G1 X105.1307 Y57.8440 Z-7.3333 F800
G1 X105.1553 Y57.8818 Z-7.3333 F800
G1 X105.6913 Y58.7316 Z-7.3333 F800
G1 X105.7115 Y58.7645 Z-7.3333 F800
G1 X106.2534 Y59.6718 Z-7.3333 F800
G1 X106.2702 Y59.7007 Z-7.3333 F800
G1 X106.8171 Y60.6615 Z-7.3333 F800
G1 X106.8313 Y60.6870 Z-7.3333 F800
G1 X107.3820 Y61.6973 Z-7.3333 F800
G1 X107.3941 Y61.7200 Z-7.3333 F800
G1 X107.9476 Y62.7757 Z-7.3333 F800
G1 X107.9580 Y62.7960 Z-7.3333 F800
G1 X108.5132 Y63.8930 Z-7.3333 F800
G1 X108.5223 Y63.9113 Z-7.3333 F800
G1 X109.0780 Y65.0456 Z-7.3333 F800
G1 X109.0860 Y65.0622 Z-7.3333 F800
G1 X109.6414 Y66.2297 Z-7.3333 F800
G1 X109.6485 Y66.2448 Z-7.3333 F800
G1 X110.2023 Y67.4414 Z-7.3333 F800
G1 X110.2087 Y67.4552 Z-7.3333 F800
G1 X110.7599 Y68.6769 Z-7.3333 F800
G1 X110.7656 Y68.6896 Z-7.3333 F800
G1 X111.3133 Y69.9323 Z-7.3333 F800
G1 X111.3184 Y69.9441 Z-7.3333 F800
G1 X111.8614 Y71.2037 Z-7.3333 F800
G1 X111.8661 Y71.2146 Z-7.3333 F800
G1 X112.4033 Y72.4871 Z-7.3333 F800
G1 X112.4075 Y72.4973 Z-7.3333 F800
G1 X112.9379 Y73.7786 Z-7.3333 F800
G1 X112.9419 Y73.7882 Z-7.3333 F800
G1 X113.4643 Y75.0742 Z-7.3333 F800
G1 X113.4680 Y75.0833 Z-7.3333 F800
G1 X113.9815 Y76.3699 Z-7.3333 F800
G1 X113.9849 Y76.3786 Z-7.3333 F800
G1 X114.4884 Y77.6618 Z-7.3333 F800
G1 X114.4916 Y77.6700 Z-7.3333 F800
G1 X114.9840 Y78.9458 Z-7.3333 F800
G1 X114.9870 Y78.9537 Z-7.3333 F800
G1 X115.4673 Y80.2180 Z-7.3333 F800
G1 X115.4701 Y80.2256 Z-7.3333 F800
G1 X115.9372 Y81.4743 Z-7.3333 F800
G1 X115.9399 Y81.4817 Z-7.3333 F800
G1 X116.3927 Y82.7107 Z-7.3333 F800
G1 X116.3953 Y82.7179 Z-7.3333 F800
G1 X116.8327 Y83.9232 Z-7.3333 F800
G1 X116.8352 Y83.9304 Z-7.3333 F800
G1 X117.2562 Y85.1079 Z-7.3333 F800
G1 X117.2587 Y85.1150 Z-7.3333 F800
G1 X117.6622 Y86.2607 Z-7.3333 F800
G1 X117.6647 Y86.2678 Z-7.3333 F800
G1 X118.0496 Y87.3775 Z-7.3333 F800
G1 X118.0521 Y87.3847 Z-7.3333 F800
G1 X118.4175 Y88.4545 Z-7.3333 F800
G1 X118.4200 Y88.4620 Z-7.3333 F800
G1 X118.7646 Y89.4877 Z-7.3333 F800
G1 X118.7672 Y89.4955 Z-7.3333 F800
G1 X119.0901 Y90.4731 Z-7.3333 F800
G1 X119.0928 Y90.4813 Z-7.3333 F800
G1 X119.3929 Y91.4068 Z-7.3333 F800
G1 X119.3957 Y91.4157 Z-7.3333 F800
G1 X119.6720 Y92.2849 Z-7.3333 F800
G1 X119.6751 Y92.2948 Z-7.3333 F800
G1 X119.9263 Y93.1037 Z-7.3333 F800
G1 X119.9298 Y93.1150 Z-7.3333 F800
G1 X120.1551 Y93.8595 Z-7.3333 F800
G1 X120.1590 Y93.8727 Z-7.3333 F800
G1 X120.3572 Y94.5489 Z-7.3333 F800
G1 X120.3618 Y94.5649 Z-7.3333 F800
G1 X120.5319 Y95.1686 Z-7.3333 F800
G1 X120.5375 Y95.1892 Z-7.3333 F800
G1 X120.6784 Y95.7163 Z-7.3333 F800
G1 X120.6856 Y95.7445 Z-7.3333 F800
G1 X120.7826 Y96.1360 Z-7.3333 F800
G1 X121.5117 Y96.2860 Z-7.3333 F800
G1 X122.7972 Y96.4729 Z-7.3333 F800
G1 X124.4530 Y96.6572 Z-7.3333 F800
G1 X126.4477 Y96.8357 Z-7.3333 F800
G1 X128.7581 Y97.0073 Z-7.3333 F800
G1 X131.3643 Y97.1718 Z-7.3333 F800
G1 X134.2475 Y97.3290 Z-7.3333 F800
G1 X137.3897 Y97.4790 Z-7.3333 F800
G1 X140.7735 Y97.6219 Z-7.3333 F800
G1 X144.3814 Y97.7577 Z-7.3333 F800
G1 X148.1961 Y97.8867 Z-7.3333 F800
G1 X152.2005 Y98.0089 Z-7.3333 F800
G1 X156.3775 Y98.1245 Z-7.3333 F800
G1 X160.7100 Y98.2337 Z-7.3333 F800
G1 X165.1811 Y98.3365 Z-7.3333 F800
G1 X169.7736 Y98.4333 Z-7.3333 F800
G1 X174.4705 Y98.5240 Z-7.3333 F800
G1 X179.2550 Y98.6089 Z-7.3333 F800
G1 X184.1100 Y98.6881 Z-7.3333 F800
G1 X189.0185 Y98.7618 Z-7.3333 F800
G1 X193.9636 Y98.8302 Z-7.3333 F800
G1 X198.9283 Y98.8933 Z-7.3333 F800
G1 X203.8956 Y98.9514 Z-7.3333 F800
G1 X208.8487 Y99.0046 Z-7.3333 F800
G1 X213.7704 Y99.0531 Z-7.3333 F800
G1 X218.6439 Y99.0970 Z-7.3333 F800
G1 X223.4523 Y99.1365 Z-7.3333 F800
G1 X228.1785 Y99.1717 Z-7.3333 F800
G1 X232.8056 Y99.2028 Z-7.3333 F800
G1 X237.3167 Y99.2300 Z-7.3333 F800
G1 X241.6948 Y99.2534 Z-7.3333 F800
G1 X245.9230 Y99.2731 Z-7.3333 F800
G1 X249.9842 Y99.2894 Z-7.3333 F800
G1 X253.8616 Y99.3024 Z-7.3333 F800
G1 X257.5382 Y99.3122 Z-7.3333 F800
G1 X260.9970 Y99.3190 Z-7.3333 F800
G1 X264.2210 Y99.3230 Z-7.3333 F800
G1 X267.1934 Y99.3243 Z-7.3333 F800
G1 X269.8969 Y99.3230 Z-7.3333 F800
G1 X272.3147 Y99.3194 Z-7.3333 F800
G1 X274.4295 Y99.3136 Z-7.3333 F800
G1 X276.2242 Y99.3058 Z-7.3333 F800
G1 X277.6808 Y99.2960 Z-7.3333 F800
G1 X278.7802 Y99.2846 Z-7.3333 F800
G1 X279.3263 Y99.2750 Z-7.3333 F800
G1 X279.4757 Y99.0799 Z-7.3333 F800
G1 X279.7307 Y98.7069 Z-7.3333 F800
G1 X280.0283 Y98.2358 Z-7.3333 F800
G1 X280.3614 Y97.6769 Z-7.3333 F800
G1 X280.7257 Y97.0382 Z-7.3333 F800
G1 X281.1184 Y96.3260 Z-7.3333 F800
G1 X281.5371 Y95.5461 Z-7.3333 F800
G1 X281.9802 Y94.7036 Z-7.3333 F800
G1 X282.4458 Y93.8034 Z-7.3333 F800
G1 X282.9324 Y92.8503 Z-7.3333 F800
G1 X283.4388 Y91.8489 Z-7.3333 F800
G1 X283.9635 Y90.8037 Z-7.3333 F800
G1 X284.5051 Y89.7191 Z-7.3333 F800
G1 X285.0624 Y88.5997 Z-7.3333 F800
G1 X285.6342 Y87.4496 Z-7.3333 F800
G1 X286.2192 Y86.2729 Z-7.3333 F800
G1 X286.8153 Y85.0761 Z-7.3333 F800
G1 X286.8162 Y85.0743 Z-7.3333 F800
G1 X287.4226 Y83.8607 Z-7.3333 F800
G1 X287.4239 Y83.8582 Z-7.3333 F800
G1 X288.0392 Y82.6321 Z-7.3333 F800
G1 X288.0409 Y82.6287 Z-7.3333 F800
G1 X288.6641 Y81.3944 Z-7.3333 F800
G1 X288.6662 Y81.3902 Z-7.3333 F800
G1 X289.2960 Y80.1519 Z-7.3333 F800
G1 X289.2986 Y80.1469 Z-7.3333 F800
G1 X289.9337 Y78.9090 Z-7.3333 F800
G1 X289.9368 Y78.9031 Z-7.3333 F800
G1 X290.5761 Y77.6697 Z-7.3333 F800
G1 X290.5796 Y77.6629 Z-7.3333 F800
G1 X291.2218 Y76.4384 Z-7.3333 F800
G1 X291.2259 Y76.4307 Z-7.3333 F800
G1 X291.8699 Y75.2193 Z-7.3333 F800
G1 X291.8746 Y75.2104 Z-7.3333 F800
G1 X292.5190 Y74.0165 Z-7.3333 F800
G1 X292.5245 Y74.0064 Z-7.3333 F800
G1 X293.1681 Y72.8342 Z-7.3333 F800
G1 X293.1744 Y72.8228 Z-7.3333 F800
G1 X293.8161 Y71.6765 Z-7.3333 F800
G1 X293.8234 Y71.6636 Z-7.3333 F800
G1 X294.4618 Y70.5476 Z-7.3333 F800
G1 X294.4703 Y70.5330 Z-7.3333 F800
G1 X295.1043 Y69.4515 Z-7.3333 F800
G1 X295.1141 Y69.4350 Z-7.3333 F800
G1 X295.7426 Y68.3922 Z-7.3333 F800
G1 X295.7541 Y68.3734 Z-7.3333 F800
G1 X296.3756 Y67.3738 Z-7.3333 F800
G1 X296.3892 Y67.3523 Z-7.3333 F800
G1 X297.0026 Y66.4000 Z-7.3333 F800
G1 X297.0188 Y66.3754 Z-7.3333 F800
G1 X297.6230 Y65.4746 Z-7.3333 F800
G1 X297.6424 Y65.4463 Z-7.3333 F800
G1 X298.2360 Y64.6015 Z-7.3333 F800
G1 X298.2598 Y64.5686 Z-7.3333 F800
G1 X298.8416 Y63.7839 Z-7.3333 F800
G1 X298.8710 Y63.7455 Z-7.3333 F800
G1 X299.4399 Y63.0253 Z-7.3333 F800
G1 X299.4769 Y62.9802 Z-7.3333 F800
G1 X300.0315 Y62.3287 Z-7.3333 F800
G1 X300.0790 Y62.2754 Z-7.3333 F800
G1 X300.6183 Y61.6969 Z-7.3333 F800
G1 X300.6806 Y61.6336 Z-7.3333 F800
G1 X301.2032 Y61.1324 Z-7.3333 F800
G1 X301.2871 Y61.0575 Z-7.3333 F800
G1 X301.7918 Y60.6378 Z-7.3333 F800
G1 X301.9074 Y60.5503 Z-7.3333 F800
G1 X302.3930 Y60.2164 Z-7.3333 F800
G1 X302.5556 Y60.1184 Z-7.3333 F800
G1 X303.0209 Y59.8746 Z-7.3333 F800
G1 X303.1341 Y59.8209 Z-7.3333 F800
G1 X303.2511 Y59.7763 Z-7.3333 F800
G1 X303.6948 Y59.6269 Z-7.3333 F800
G1 X303.8512 Y59.5830 Z-7.3333 F800
G1 X304.0113 Y59.5553 Z-7.3333 F800
G1 X304.4323 Y59.5046 Z-7.3333 F800
G1 X304.6086 Y59.4932 Z-7.3333 F800
G1 X304.7852 Y59.5015 Z-7.3333 F800
G1 X305.1927 Y59.5436 Z-7.3333 F800
G1 X305.3451 Y59.5668 Z-7.3333 F800
G1 X305.4945 Y59.6047 Z-7.3333 F800
G1 X305.8988 Y59.7285 Z-7.3333 F800
G1 X306.0257 Y59.7733 Z-7.3333 F800
G1 X306.1483 Y59.8286 Z-7.3333 F800
G1 X306.5493 Y60.0306 Z-7.3333 F800
G1 X306.7419 Y60.1454 Z-7.3333 F800
G1 X307.1396 Y60.4221 Z-7.3333 F800
G1 X307.2833 Y60.5349 Z-7.3333 F800
G1 X307.6775 Y60.8828 Z-7.3333 F800
G1 X307.7837 Y60.9857 Z-7.3333 F800
G1 X308.1743 Y61.4013 Z-7.3333 F800
G1 X308.2532 Y61.4919 Z-7.3333 F800
G1 X308.6401 Y61.9716 Z-7.3333 F800
G1 X308.6994 Y62.0499 Z-7.3333 F800
G1 X309.0827 Y62.5903 Z-7.3333 F800
G1 X309.1279 Y62.6576 Z-7.3333 F800
G1 X309.5073 Y63.2551 Z-7.3333 F800
G1 X309.5424 Y63.3130 Z-7.3333 F800
G1 X309.9180 Y63.9641 Z-7.3333 F800
G1 X309.9455 Y64.0139 Z-7.3333 F800
G1 X310.3172 Y64.7152 Z-7.3333 F800
G1 X310.3392 Y64.7583 Z-7.3333 F800
G1 X310.7068 Y65.5061 Z-7.3333 F800
G1 X310.7246 Y65.5435 Z-7.3333 F800
G1 X311.0881 Y66.3345 Z-7.3333 F800
G1 X311.1026 Y66.3671 Z-7.3333 F800
G1 X311.4620 Y67.1976 Z-7.3333 F800
G1 X311.4739 Y67.2261 Z-7.3333 F800
G1 X311.8290 Y68.0927 Z-7.3333 F800
G1 X311.8390 Y68.1177 Z-7.3333 F800
G1 X312.1898 Y69.0169 Z-7.3333 F800
G1 X312.1981 Y69.0388 Z-7.3333 F800
G1 X312.5444 Y69.9671 Z-7.3333 F800
G1 X312.5515 Y69.9864 Z-7.3333 F800
G1 X312.8933 Y70.9402 Z-7.3333 F800
G1 X312.8993 Y70.9572 Z-7.3333 F800
G1 X313.2366 Y71.9330 Z-7.3333 F800
G1 X313.2417 Y71.9479 Z-7.3333 F800
G1 X313.5742 Y72.9422 Z-7.3333 F800
G1 X313.5786 Y72.9554 Z-7.3333 F800
G1 X313.9064 Y73.9646 Z-7.3333 F800
G1 X313.9101 Y73.9761 Z-7.3333 F800
G1 X314.2331 Y74.9969 Z-7.3333 F800
G1 X314.2362 Y75.0068 Z-7.3333 F800
G1 X314.5544 Y76.0355 Z-7.3333 F800
G1 X314.5570 Y76.0441 Z-7.3333 F800
G1 X314.8702 Y77.0773 Z-7.3333 F800
G1 X314.8723 Y77.0845 Z-7.3333 F800
G1 X315.1804 Y78.1186 Z-7.3333 F800
G1 X315.1822 Y78.1245 Z-7.3333 F800
G1 X315.4852 Y79.1561 Z-7.3333 F800
G1 X315.4865 Y79.1608 Z-7.3333 F800
G1 X315.7843 Y80.1863 Z-7.3333 F800
G1 X315.7853 Y80.1898 Z-7.3333 F800
G1 X316.0778 Y81.2057 Z-7.3333 F800
G1 X316.0785 Y81.2079 Z-7.3333 F800
G1 X316.3659 Y82.2117 Z-7.3333 F800
G1 X316.6475 Y83.1977 Z-7.3333 F800
G1 X316.9233 Y84.1628 Z-7.3333 F800
G1 X317.1932 Y85.1027 Z-7.3333 F800
G1 X317.4569 Y86.0139 Z-7.3333 F800
G1 X317.7142 Y86.8926 Z-7.3333 F800
G1 X317.9651 Y87.7351 Z-7.3333 F800
G1 X318.2093 Y88.5374 Z-7.3333 F800
G1 X318.4465 Y89.2956 Z-7.3333 F800
G1 X318.6762 Y90.0055 Z-7.3333 F800
G1 X318.8981 Y90.6626 Z-7.3333 F800
G1 X319.1113 Y91.2622 Z-7.3333 F800
G1 X319.3145 Y91.7987 Z-7.3333 F800
G1 X319.5059 Y92.2657 Z-7.3333 F800
G1 X319.6819 Y92.6551 Z-7.3333 F800
G1 X319.8361 Y92.9561 Z-7.3333 F800
G1 X319.9097 Y93.0779 Z-7.3333 F800
G1 X320.0416 Y93.1045 Z-7.3333 F800
G1 X320.4767 Y93.1851 Z-7.3333 F800
G1 X321.0256 Y93.2814 Z-7.3333 F800
G1 X321.6793 Y93.3920 Z-7.3333 F800
G1 X322.4311 Y93.5158 Z-7.3333 F800
G1 X323.2748 Y93.6519 Z-7.3333 F800
G1 X324.2048 Y93.7996 Z-7.3333 F800
G1 X325.2156 Y93.9580 Z-7.3333 F800
G1 X326.3018 Y94.1263 Z-7.3333 F800
G1 X327.4580 Y94.3040 Z-7.3333 F800
G1 X328.6789 Y94.4901 Z-7.3333 F800
G1 X329.9592 Y94.6840 Z-7.3333 F800
G1 X331.2937 Y94.8849 Z-7.3333 F800
G1 X332.6770 Y95.0922 Z-7.3333 F800
G1 X334.1041 Y95.3050 Z-7.3333 F800
G1 X335.5695 Y95.5227 Z-7.3333 F800
G1 X337.0682 Y95.7445 Z-7.3333 F800
G1 X338.5947 Y95.9698 Z-7.3333 F800
G1 X340.1440 Y96.1977 Z-7.3333 F800
G1 X341.7107 Y96.4275 Z-7.3333 F800
G1 X343.2897 Y96.6586 Z-7.3333 F800
G1 X344.8757 Y96.8902 Z-7.3333 F800
G1 X346.4635 Y97.1216 Z-7.3333 F800
G1 X348.0479 Y97.3521 Z-7.3333 F800
G1 X349.6235 Y97.5808 Z-7.3333 F800
G1 X351.1853 Y97.8072 Z-7.3333 F800
G1 X352.7280 Y98.0305 Z-7.3333 F800
G1 X354.2464 Y98.2499 Z-7.3333 F800
G1 X355.7351 Y98.4648 Z-7.3333 F800
G1 X357.1891 Y98.6744 Z-7.3333 F800
G1 X358.6031 Y98.8780 Z-7.3333 F800
G1 X359.9718 Y99.0748 Z-7.3333 F800
G1 X361.2901 Y99.2642 Z-7.3333 F800
G1 X362.5527 Y99.4454 Z-7.3333 F800
G1 X363.7544 Y99.6177 Z-7.3333 F800
G1 X364.8899 Y99.7804 Z-7.3333 F800
G1 X365.9541 Y99.9327 Z-7.3333 F800
G1 X366.9418 Y100.0740 Z-7.3333 F800
G1 X367.8476 Y100.2034 Z-7.3333 F800
G1 X368.6664 Y100.3204 Z-7.3333 F800
G1 X368.7440 Y100.3314 Z-7.3333 F800
G1 X368.5083 Y99.7168 Z-7.3333 F800
G1 X367.9973 Y98.4060 Z-7.3333 F800
G1 X367.3924 Y96.8955 Z-7.3333 F800
G1 X366.6881 Y95.1948 Z-7.3333 F800
G1 X365.8793 Y93.3142 Z-7.3333 F800
G1 X364.9611 Y91.2644 Z-7.3333 F800
G1 X363.9284 Y89.0562 Z-7.3333 F800
G1 X362.7763 Y86.7004 Z-7.3333 F800
G1 X361.4999 Y84.2080 Z-7.3333 F800
G1 X360.0943 Y81.5900 Z-7.3333 F800
G1 X358.5547 Y78.8573 Z-7.3333 F800
G1 X356.8761 Y76.0210 Z-7.3333 F800
G1 X355.0537 Y73.0921 Z-7.3333 F800
G1 X353.0826 Y70.0815 Z-7.3333 F800
G1 X350.9580 Y67.0004 Z-7.3333 F800
G1 X348.6750 Y63.8596 Z-7.3333 F800
G1 X346.2287 Y60.6702 Z-7.3333 F800
G1 X343.6142 Y57.4432 Z-7.3333 F800
G1 X340.8267 Y54.1895 Z-7.3333 F800
G1 X337.8612 Y50.9202 Z-7.3333 F800
G1 X334.7130 Y47.6461 Z-7.3333 F800
G1 X331.3769 Y44.3782 Z-7.3333 F800
G1 X327.8482 Y41.1276 Z-7.3333 F800
G1 X324.1219 Y37.9050 Z-7.3333 F800
G1 X320.1929 Y34.7214 Z-7.3333 F800
G1 X316.0564 Y31.5878 Z-7.3333 F800
G1 X311.7073 Y28.5151 Z-7.3333 F800
G1 X307.1406 Y25.5142 Z-7.3333 F800
G1 X302.3513 Y22.5960 Z-7.3333 F800
G1 X297.3343 Y19.7715 Z-7.3333 F800
G1 X292.0844 Y17.0516 Z-7.3333 F800
G1 X286.5967 Y14.4474 Z-7.3333 F800
G1 X280.8659 Y11.9697 Z-7.3333 F800
G1 X274.8870 Y9.6296 Z-7.3333 F800
G1 X268.6549 Y7.4382 Z-7.3333 F800
G1 X262.1643 Y5.4064 Z-7.3333 F800
G1 X255.4102 Y3.5454 Z-7.3333 F800
G1 X248.3875 Y1.8662 Z-7.3333 F800
G1 X241.0909 Y0.3800 Z-7.3333 F800
G1 X233.5155 Y-0.9021 Z-7.3333 F800
G1 X225.6561 Y-1.9690 Z-7.3333 F800
G1 X217.5077 Y-2.8096 Z-7.3333 F800
G1 X209.0651 Y-3.4125 Z-7.3333 F800
G1 X200.3226 Y-3.7668 Z-7.3333 F800
G1 X191.5754 Y-3.8658 Z-7.3333 F800
G1 X183.1208 Y-3.7177 Z-7.3333 F800
G1 X174.9549 Y-3.3329 Z-7.3333 F800
G1 X167.0731 Y-2.7218 Z-7.3333 F800
G1 X159.4706 Y-1.8949 Z-7.3333 F800
G1 X152.1427 Y-0.8627 Z-7.3333 F800
G1 X145.0848 Y0.3645 Z-7.3333 F800
G1 X138.2921 Y1.7762 Z-7.3333 F800
G1 X131.7599 Y3.3619 Z-7.3333 F800
G1 X125.4833 Y5.1113 Z-7.3333 F800
G1 X119.4578 Y7.0140 Z-7.3333 F800
G1 X113.6785 Y9.0597 Z-7.3333 F800
G1 X108.1405 Y11.2380 Z-7.3333 F800
G1 X102.8393 Y13.5386 Z-7.3333 F800
G1 X97.7700 Y15.9512 Z-7.3333 F800
G1 X92.9278 Y18.4656 Z-7.3333 F800
G1 X88.3080 Y21.0714 Z-7.3333 F800
G1 X83.9060 Y23.7583 Z-7.3333 F800
G1 X79.7169 Y26.5163 Z-7.3333 F800
G1 X75.7362 Y29.3350 Z-7.3333 F800
G1 X71.9590 Y32.2042 Z-7.3333 F800
G1 X68.3808 Y35.1137 Z-7.3333 F800
G1 X64.9970 Y38.0533 Z-7.3333 F800
G1 X61.8029 Y41.0128 Z-7.3333 F800
G1 X58.7939 Y43.9819 Z-7.3333 F800
G1 X55.9655 Y46.9503 Z-7.3333 F800
G1 X53.3130 Y49.9079 Z-7.3333 F800
G1 X50.8320 Y52.8444 Z-7.3333 F800
G1 X48.5179 Y55.7495 Z-7.3333 F800
G1 X46.3662 Y58.6129 Z-7.3333 F800
G1 X44.3723 Y61.4244 Z-7.3333 F800
G1 X42.5317 Y64.1735 Z-7.3333 F800
G1 X40.8400 Y66.8501 Z-7.3333 F800
G1 X39.2926 Y69.4436 Z-7.3333 F800
G1 X37.8851 Y71.9438 Z-7.3333 F800
G1 X36.6129 Y74.3402 Z-7.3333 F800
G1 X35.4716 Y76.6224 Z-7.3333 F800
G1 X34.4567 Y78.7799 Z-7.3333 F800
G1 X33.5638 Y80.8020 Z-7.3333 F800
G1 X32.7884 Y82.6782 Z-7.3333 F800
G1 X32.1260 Y84.3975 Z-7.3333 F800
G1 X31.5724 Y85.9488 Z-7.3333 F800
G1 X31.1232 Y87.3203 Z-7.3333 F800
G1 X30.7743 Y88.4993 Z-7.3333 F800
G1 X30.5219 Y89.4701 Z-7.3333 F800
G1 X30.3700 Y90.1759 Z-7.3333 F800
G0 Z5.000
( -- pass 6/9, target Z=-8.8000 -- )
G0 X30.3700 Y90.1759 Z5.0000
G1 Z-8.8000 F300
G1 X30.4668 Y90.1965 Z-8.8000 F800
G1 X30.9531 Y90.2595 Z-8.8000 F800
G1 X31.5561 Y90.3026 Z-8.8000 F800
G1 X32.2614 Y90.3228 Z-8.8000 F800
G1 X33.0581 Y90.3193 Z-8.8000 F800
G1 X33.9380 Y90.2925 Z-8.8000 F800
G1 X34.8936 Y90.2433 Z-8.8000 F800
G1 X35.9188 Y90.1729 Z-8.8000 F800
G1 X37.0076 Y90.0824 Z-8.8000 F800
G1 X38.1546 Y89.9732 Z-8.8000 F800
G1 X39.3543 Y89.8467 Z-8.8000 F800
G1 X40.6017 Y89.7041 Z-8.8000 F800
G1 X41.8917 Y89.5468 Z-8.8000 F800
G1 X43.2194 Y89.3763 Z-8.8000 F800
G1 X44.5799 Y89.1940 Z-8.8000 F800
G1 X45.9684 Y89.0011 Z-8.8000 F800
G1 X47.3801 Y88.7991 Z-8.8000 F800
G1 X48.8101 Y88.5894 Z-8.8000 F800
G1 X50.2538 Y88.3733 Z-8.8000 F800
G1 X51.7064 Y88.1523 Z-8.8000 F800
G1 X53.1631 Y87.9277 Z-8.8000 F800
G1 X54.6194 Y87.7009 Z-8.8000 F800
G1 X56.0705 Y87.4733 Z-8.8000 F800
G1 X57.5117 Y87.2462 Z-8.8000 F800
G1 X58.9386 Y87.0211 Z-8.8000 F800
G1 X60.3464 Y86.7993 Z-8.8000 F800
G1 X61.7287 Y86.5824 Z-8.8000 F800
G1 X61.7305 Y86.5821 Z-8.8000 F800
G1 X63.0836 Y86.3714 Z-8.8000 F800
G1 X63.0863 Y86.3710 Z-8.8000 F800
G1 X64.4055 Y86.1679 Z-8.8000 F800
G1 X64.4091 Y86.1674 Z-8.8000 F800
G1 X65.6897 Y85.9733 Z-8.8000 F800
G1 X65.6944 Y85.9726 Z-8.8000 F800
G1 X66.9318 Y85.7888 Z-8.8000 F800
G1 X66.9378 Y85.7879 Z-8.8000 F800
G1 X68.1273 Y85.6158 Z-8.8000 F800
G1 X68.1347 Y85.6148 Z-8.8000 F800
G1 X69.2717 Y85.4558 Z-8.8000 F800
G1 X69.2810 Y85.4545 Z-8.8000 F800
G1 X70.3607 Y85.3101 Z-8.8000 F800
G1 X70.3722 Y85.3086 Z-8.8000 F800
G1 X71.3900 Y85.1800 Z-8.8000 F800
G1 X71.4044 Y85.1782 Z-8.8000 F800
G1 X72.3557 Y85.0668 Z-8.8000 F800
G1 X72.3739 Y85.0648 Z-8.8000 F800
G1 X73.2539 Y84.9721 Z-8.8000 F800
G1 X73.2772 Y84.9698 Z-8.8000 F800
G1 X74.0813 Y84.8970 Z-8.8000 F800
G1 X74.1119 Y84.8946 Z-8.8000 F800
G1 X74.8354 Y84.8432 Z-8.8000 F800
G1 X74.8768 Y84.8408 Z-8.8000 F800
G1 X75.5150 Y84.8122 Z-8.8000 F800
G1 X75.5732 Y84.8107 Z-8.8000 F800
G1 X76.1215 Y84.8063 Z-8.8000 F800
G1 X76.2081 Y84.8079 Z-8.8000 F800
G1 X76.6618 Y84.8290 Z-8.8000 F800
G1 X76.8012 Y84.8417 Z-8.8000 F800
G1 X77.1557 Y84.8897 Z-8.8000 F800
G1 X77.2289 Y84.9027 Z-8.8000 F800
G1 X77.3056 Y84.8288 Z-8.8000 F800
G1 X77.5450 Y84.5570 Z-8.8000 F800
G1 X77.8271 Y84.1959 Z-8.8000 F800
G1 X78.1418 Y83.7549 Z-8.8000 F800
G1 X78.4830 Y83.2416 Z-8.8000 F800
G1 X78.8468 Y82.6625 Z-8.8000 F800
G1 X79.2307 Y82.0230 Z-8.8000 F800
G1 X79.6325 Y81.3283 Z-8.8000 F800
G1 X80.0507 Y80.5831 Z-8.8000 F800
G1 X80.4839 Y79.7918 Z-8.8000 F800
G1 X80.9310 Y78.9586 Z-8.8000 F800
G1 X81.3909 Y78.0877 Z-8.8000 F800
G1 X81.8625 Y77.1831 Z-8.8000 F800
G1 X82.3450 Y76.2487 Z-8.8000 F800
G1 X82.8375 Y75.2886 Z-8.8000 F800
G1 X83.3390 Y74.3064 Z-8.8000 F800
G1 X83.8489 Y73.3061 Z-8.8000 F800
G1 X84.3664 Y72.2908 Z-8.8000 F800
G1 X84.8892 Y71.2676 Z-8.8000 F800
G1 X84.8905 Y71.2650 Z-8.8000 F800
G1 X85.4186 Y70.2361 Z-8.8000 F800
G1 X85.4205 Y70.2324 Z-8.8000 F800
G1 X85.9530 Y69.2016 Z-8.8000 F800
G1 X85.9555 Y69.1967 Z-8.8000 F800
G1 X86.4916 Y68.1677 Z-8.8000 F800
G1 X86.4949 Y68.1615 Z-8.8000 F800
G1 X87.0338 Y67.1382 Z-8.8000 F800
G1 X87.0378 Y67.1307 Z-8.8000 F800
G1 X87.5788 Y66.1166 Z-8.8000 F800
G1 X87.5836 Y66.1077 Z-8.8000 F800
G1 X88.1258 Y65.1067 Z-8.8000 F800
G1 X88.1315 Y65.0963 Z-8.8000 F800
G1 X88.6742 Y64.1120 Z-8.8000 F800
G1 X88.6810 Y64.1000 Z-8.8000 F800
G1 X89.2234 Y63.1363 Z-8.8000 F800
G1 X89.2313 Y63.1223 Z-8.8000 F800
G1 X89.7726 Y62.1829 Z-8.8000 F800
G1 X89.7819 Y62.1669 Z-8.8000 F800
G1 X90.3213 Y61.2555 Z-8.8000 F800
G1 X90.3323 Y61.2372 Z-8.8000 F800
G1 X90.8690 Y60.3575 Z-8.8000 F800
G1 X90.8820 Y60.3365 Z-8.8000 F800
G1 X91.4153 Y59.4923 Z-8.8000 F800
G1 X91.4308 Y59.4683 Z-8.8000 F800
G1 X91.9598 Y58.6632 Z-8.8000 F800
G1 X91.9783 Y58.6356 Z-8.8000 F800
G1 X92.5022 Y57.8735 Z-8.8000 F800
G1 X92.5246 Y57.8417 Z-8.8000 F800
G1 X93.0427 Y57.1263 Z-8.8000 F800
G1 X93.0701 Y57.0896 Z-8.8000 F800
G1 X93.5816 Y56.4246 Z-8.8000 F800
G1 X93.6155 Y56.3820 Z-8.8000 F800
G1 X94.1195 Y55.7711 Z-8.8000 F800
G1 X94.1621 Y55.7217 Z-8.8000 F800
G1 X94.6579 Y55.1687 Z-8.8000 F800
G1 X94.7121 Y55.1111 Z-8.8000 F800
G1 X95.1990 Y54.6197 Z-8.8000 F800
G1 X95.2693 Y54.5530 Z-8.8000 F800
G1 X95.7463 Y54.1269 Z-8.8000 F800
G1 X95.8390 Y54.0503 Z-8.8000 F800
G1 X96.3055 Y53.6933 Z-8.8000 F800
G1 X96.4295 Y53.6074 Z-8.8000 F800
G1 X96.8846 Y53.3233 Z-8.8000 F800
G1 X97.0517 Y53.2324 Z-8.8000 F800
G1 X97.4947 Y53.0248 Z-8.8000 F800
G1 X97.6046 Y52.9782 Z-8.8000 F800
G1 X97.7177 Y52.9401 Z-8.8000 F800
G1 X98.1478 Y52.8128 Z-8.8000 F800
G1 X98.2897 Y52.7778 Z-8.8000 F800
G1 X98.4343 Y52.7560 Z-8.8000 F800
G1 X98.8505 Y52.7127 Z-8.8000 F800
G1 X99.0279 Y52.7043 Z-8.8000 F800
G1 X99.2050 Y52.7157 Z-8.8000 F800
G1 X99.6228 Y52.7662 Z-8.8000 F800
G1 X99.7866 Y52.7947 Z-8.8000 F800
G1 X99.9465 Y52.8402 Z-8.8000 F800
G1 X100.3809 Y52.9889 Z-8.8000 F800
G1 X100.5031 Y53.0364 Z-8.8000 F800
G1 X100.6208 Y53.0939 Z-8.8000 F800
G1 X101.0708 Y53.3367 Z-8.8000 F800
G1 X101.2418 Y53.4435 Z-8.8000 F800
G1 X101.7062 Y53.7764 Z-8.8000 F800
G1 X101.8279 Y53.8730 Z-8.8000 F800
G1 X102.3057 Y54.2920 Z-8.8000 F800
G1 X102.3938 Y54.3753 Z-8.8000 F800
G1 X102.8840 Y54.8763 Z-8.8000 F800
G1 X102.9492 Y54.9471 Z-8.8000 F800
G1 X103.4508 Y55.5259 Z-8.8000 F800
G1 X103.5002 Y55.5859 Z-8.8000 F800
G1 X104.0120 Y56.2386 Z-8.8000 F800
G1 X104.0504 Y56.2897 Z-8.8000 F800
G1 X104.5713 Y57.0121 Z-8.8000 F800
G1 X104.6017 Y57.0559 Z-8.8000 F800
G1 X105.1307 Y57.8440 Z-8.8000 F800
G1 X105.1553 Y57.8818 Z-8.8000 F800
G1 X105.6913 Y58.7316 Z-8.8000 F800
G1 X105.7115 Y58.7645 Z-8.8000 F800
G1 X106.2534 Y59.6718 Z-8.8000 F800
G1 X106.2702 Y59.7007 Z-8.8000 F800
G1 X106.8171 Y60.6615 Z-8.8000 F800
G1 X106.8313 Y60.6870 Z-8.8000 F800
G1 X107.3820 Y61.6973 Z-8.8000 F800
G1 X107.3941 Y61.7200 Z-8.8000 F800
G1 X107.9476 Y62.7757 Z-8.8000 F800
G1 X107.9580 Y62.7960 Z-8.8000 F800
G1 X108.5132 Y63.8930 Z-8.8000 F800
G1 X108.5223 Y63.9113 Z-8.8000 F800
G1 X109.0780 Y65.0456 Z-8.8000 F800
G1 X109.0860 Y65.0622 Z-8.8000 F800
G1 X109.6414 Y66.2297 Z-8.8000 F800
G1 X109.6485 Y66.2448 Z-8.8000 F800
G1 X110.2023 Y67.4414 Z-8.8000 F800
G1 X110.2087 Y67.4552 Z-8.8000 F800
G1 X110.7599 Y68.6769 Z-8.8000 F800
G1 X110.7656 Y68.6896 Z-8.8000 F800
G1 X111.3133 Y69.9323 Z-8.8000 F800
G1 X111.3184 Y69.9441 Z-8.8000 F800
G1 X111.8614 Y71.2037 Z-8.8000 F800
G1 X111.8661 Y71.2146 Z-8.8000 F800
G1 X112.4033 Y72.4871 Z-8.8000 F800
G1 X112.4075 Y72.4973 Z-8.8000 F800
G1 X112.9379 Y73.7786 Z-8.8000 F800
G1 X112.9419 Y73.7882 Z-8.8000 F800
G1 X113.4643 Y75.0742 Z-8.8000 F800
G1 X113.4680 Y75.0833 Z-8.8000 F800
G1 X113.9815 Y76.3699 Z-8.8000 F800
G1 X113.9849 Y76.3786 Z-8.8000 F800
G1 X114.4884 Y77.6618 Z-8.8000 F800
G1 X114.4916 Y77.6700 Z-8.8000 F800
G1 X114.9840 Y78.9458 Z-8.8000 F800
G1 X114.9870 Y78.9537 Z-8.8000 F800
G1 X115.4673 Y80.2180 Z-8.8000 F800
G1 X115.4701 Y80.2256 Z-8.8000 F800
G1 X115.9372 Y81.4743 Z-8.8000 F800
G1 X115.9399 Y81.4817 Z-8.8000 F800
G1 X116.3927 Y82.7107 Z-8.8000 F800
G1 X116.3953 Y82.7179 Z-8.8000 F800
G1 X116.8327 Y83.9232 Z-8.8000 F800
G1 X116.8352 Y83.9304 Z-8.8000 F800
G1 X117.2562 Y85.1079 Z-8.8000 F800
G1 X117.2587 Y85.1150 Z-8.8000 F800
G1 X117.6622 Y86.2607 Z-8.8000 F800
G1 X117.6647 Y86.2678 Z-8.8000 F800
G1 X118.0496 Y87.3775 Z-8.8000 F800
G1 X118.0521 Y87.3847 Z-8.8000 F800
G1 X118.4175 Y88.4545 Z-8.8000 F800
G1 X118.4200 Y88.4620 Z-8.8000 F800
G1 X118.7646 Y89.4877 Z-8.8000 F800
G1 X118.7672 Y89.4955 Z-8.8000 F800
G1 X119.0901 Y90.4731 Z-8.8000 F800
G1 X119.0928 Y90.4813 Z-8.8000 F800
G1 X119.3929 Y91.4068 Z-8.8000 F800
G1 X119.3957 Y91.4157 Z-8.8000 F800
G1 X119.6720 Y92.2849 Z-8.8000 F800
G1 X119.6751 Y92.2948 Z-8.8000 F800
G1 X119.9263 Y93.1037 Z-8.8000 F800
G1 X119.9298 Y93.1150 Z-8.8000 F800
G1 X120.1551 Y93.8595 Z-8.8000 F800
G1 X120.1590 Y93.8727 Z-8.8000 F800
G1 X120.3572 Y94.5489 Z-8.8000 F800
G1 X120.3618 Y94.5649 Z-8.8000 F800
G1 X120.5319 Y95.1686 Z-8.8000 F800
G1 X120.5375 Y95.1892 Z-8.8000 F800
G1 X120.6784 Y95.7163 Z-8.8000 F800
G1 X120.6856 Y95.7445 Z-8.8000 F800
G1 X120.7826 Y96.1360 Z-8.8000 F800
G1 X121.5117 Y96.2860 Z-8.8000 F800
G1 X122.7972 Y96.4729 Z-8.8000 F800
G1 X124.4530 Y96.6572 Z-8.8000 F800
G1 X126.4477 Y96.8357 Z-8.8000 F800
G1 X128.7581 Y97.0073 Z-8.8000 F800
G1 X131.3643 Y97.1718 Z-8.8000 F800
G1 X134.2475 Y97.3290 Z-8.8000 F800
G1 X137.3897 Y97.4790 Z-8.8000 F800
G1 X140.7735 Y97.6219 Z-8.8000 F800
G1 X144.3814 Y97.7577 Z-8.8000 F800
G1 X148.1961 Y97.8867 Z-8.8000 F800
G1 X152.2005 Y98.0089 Z-8.8000 F800
G1 X156.3775 Y98.1245 Z-8.8000 F800
G1 X160.7100 Y98.2337 Z-8.8000 F800
G1 X165.1811 Y98.3365 Z-8.8000 F800
G1 X169.7736 Y98.4333 Z-8.8000 F800
G1 X174.4705 Y98.5240 Z-8.8000 F800
G1 X179.2550 Y98.6089 Z-8.8000 F800
G1 X184.1100 Y98.6881 Z-8.8000 F800
G1 X189.0185 Y98.7618 Z-8.8000 F800
G1 X193.9636 Y98.8302 Z-8.8000 F800
G1 X198.9283 Y98.8933 Z-8.8000 F800
G1 X203.8956 Y98.9514 Z-8.8000 F800
G1 X208.8487 Y99.0046 Z-8.8000 F800
G1 X213.7704 Y99.0531 Z-8.8000 F800
G1 X218.6439 Y99.0970 Z-8.8000 F800
G1 X223.4523 Y99.1365 Z-8.8000 F800
G1 X228.1785 Y99.1717 Z-8.8000 F800
G1 X232.8056 Y99.2028 Z-8.8000 F800
G1 X237.3167 Y99.2300 Z-8.8000 F800
G1 X241.6948 Y99.2534 Z-8.8000 F800
G1 X245.9230 Y99.2731 Z-8.8000 F800
G1 X249.9842 Y99.2894 Z-8.8000 F800
G1 X253.8616 Y99.3024 Z-8.8000 F800
G1 X257.5382 Y99.3122 Z-8.8000 F800
G1 X260.9970 Y99.3190 Z-8.8000 F800
G1 X264.2210 Y99.3230 Z-8.8000 F800
G1 X267.1934 Y99.3243 Z-8.8000 F800
G1 X269.8969 Y99.3230 Z-8.8000 F800
G1 X272.3147 Y99.3194 Z-8.8000 F800
G1 X274.4295 Y99.3136 Z-8.8000 F800
G1 X276.2242 Y99.3058 Z-8.8000 F800
G1 X277.6808 Y99.2960 Z-8.8000 F800
G1 X278.7802 Y99.2846 Z-8.8000 F800
G1 X279.3263 Y99.2750 Z-8.8000 F800
G1 X279.4757 Y99.0799 Z-8.8000 F800
G1 X279.7307 Y98.7069 Z-8.8000 F800
G1 X280.0283 Y98.2358 Z-8.8000 F800
G1 X280.3614 Y97.6769 Z-8.8000 F800
G1 X280.7257 Y97.0382 Z-8.8000 F800
G1 X281.1184 Y96.3260 Z-8.8000 F800
G1 X281.5371 Y95.5461 Z-8.8000 F800
G1 X281.9802 Y94.7036 Z-8.8000 F800
G1 X282.4458 Y93.8034 Z-8.8000 F800
G1 X282.9324 Y92.8503 Z-8.8000 F800
G1 X283.4388 Y91.8489 Z-8.8000 F800
G1 X283.9635 Y90.8037 Z-8.8000 F800
G1 X284.5051 Y89.7191 Z-8.8000 F800
G1 X285.0624 Y88.5997 Z-8.8000 F800
G1 X285.6342 Y87.4496 Z-8.8000 F800
G1 X286.2192 Y86.2729 Z-8.8000 F800
G1 X286.8153 Y85.0761 Z-8.8000 F800
G1 X286.8162 Y85.0743 Z-8.8000 F800
G1 X287.4226 Y83.8607 Z-8.8000 F800
G1 X287.4239 Y83.8582 Z-8.8000 F800
G1 X288.0392 Y82.6321 Z-8.8000 F800
G1 X288.0409 Y82.6287 Z-8.8000 F800
G1 X288.6641 Y81.3944 Z-8.8000 F800
G1 X288.6662 Y81.3902 Z-8.8000 F800
G1 X289.2960 Y80.1519 Z-8.8000 F800
G1 X289.2986 Y80.1469 Z-8.8000 F800
G1 X289.9337 Y78.9090 Z-8.8000 F800
G1 X289.9368 Y78.9031 Z-8.8000 F800
G1 X290.5761 Y77.6697 Z-8.8000 F800
G1 X290.5796 Y77.6629 Z-8.8000 F800
G1 X291.2218 Y76.4384 Z-8.8000 F800
G1 X291.2259 Y76.4307 Z-8.8000 F800
G1 X291.8699 Y75.2193 Z-8.8000 F800
G1 X291.8746 Y75.2104 Z-8.8000 F800
G1 X292.5190 Y74.0165 Z-8.8000 F800
G1 X292.5245 Y74.0064 Z-8.8000 F800
G1 X293.1681 Y72.8342 Z-8.8000 F800
G1 X293.1744 Y72.8228 Z-8.8000 F800
G1 X293.8161 Y71.6765 Z-8.8000 F800
G1 X293.8234 Y71.6636 Z-8.8000 F800
G1 X294.4618 Y70.5476 Z-8.8000 F800
G1 X294.4703 Y70.5330 Z-8.8000 F800
G1 X295.1043 Y69.4515 Z-8.8000 F800
G1 X295.1141 Y69.4350 Z-8.8000 F800
G1 X295.7426 Y68.3922 Z-8.8000 F800
G1 X295.7541 Y68.3734 Z-8.8000 F800
G1 X296.3756 Y67.3738 Z-8.8000 F800
G1 X296.3892 Y67.3523 Z-8.8000 F800
G1 X297.0026 Y66.4000 Z-8.8000 F800
G1 X297.0188 Y66.3754 Z-8.8000 F800
G1 X297.6230 Y65.4746 Z-8.8000 F800
G1 X297.6424 Y65.4463 Z-8.8000 F800
G1 X298.2360 Y64.6015 Z-8.8000 F800
G1 X298.2598 Y64.5686 Z-8.8000 F800
G1 X298.8416 Y63.7839 Z-8.8000 F800
G1 X298.8710 Y63.7455 Z-8.8000 F800
G1 X299.4399 Y63.0253 Z-8.8000 F800
G1 X299.4769 Y62.9802 Z-8.8000 F800
G1 X300.0315 Y62.3287 Z-8.8000 F800
G1 X300.0790 Y62.2754 Z-8.8000 F800
G1 X300.6183 Y61.6969 Z-8.8000 F800
G1 X300.6806 Y61.6336 Z-8.8000 F800
G1 X301.2032 Y61.1324 Z-8.8000 F800
G1 X301.2871 Y61.0575 Z-8.8000 F800
G1 X301.7918 Y60.6378 Z-8.8000 F800
G1 X301.9074 Y60.5503 Z-8.8000 F800
G1 X302.3930 Y60.2164 Z-8.8000 F800
G1 X302.5556 Y60.1184 Z-8.8000 F800
G1 X303.0209 Y59.8746 Z-8.8000 F800
G1 X303.1341 Y59.8209 Z-8.8000 F800
G1 X303.2511 Y59.7763 Z-8.8000 F800
G1 X303.6948 Y59.6269 Z-8.8000 F800
G1 X303.8512 Y59.5830 Z-8.8000 F800
G1 X304.0113 Y59.5553 Z-8.8000 F800
G1 X304.4323 Y59.5046 Z-8.8000 F800
G1 X304.6086 Y59.4932 Z-8.8000 F800
G1 X304.7852 Y59.5015 Z-8.8000 F800
G1 X305.1927 Y59.5436 Z-8.8000 F800
G1 X305.3451 Y59.5668 Z-8.8000 F800
G1 X305.4945 Y59.6047 Z-8.8000 F800
G1 X305.8988 Y59.7285 Z-8.8000 F800
G1 X306.0257 Y59.7733 Z-8.8000 F800
G1 X306.1483 Y59.8286 Z-8.8000 F800
G1 X306.5493 Y60.0306 Z-8.8000 F800
G1 X306.7419 Y60.1454 Z-8.8000 F800
G1 X307.1396 Y60.4221 Z-8.8000 F800
G1 X307.2833 Y60.5349 Z-8.8000 F800
G1 X307.6775 Y60.8828 Z-8.8000 F800
G1 X307.7837 Y60.9857 Z-8.8000 F800
G1 X308.1743 Y61.4013 Z-8.8000 F800
G1 X308.2532 Y61.4919 Z-8.8000 F800
G1 X308.6401 Y61.9716 Z-8.8000 F800
G1 X308.6994 Y62.0499 Z-8.8000 F800
G1 X309.0827 Y62.5903 Z-8.8000 F800
G1 X309.1279 Y62.6576 Z-8.8000 F800
G1 X309.5073 Y63.2551 Z-8.8000 F800
G1 X309.5424 Y63.3130 Z-8.8000 F800
G1 X309.9180 Y63.9641 Z-8.8000 F800
G1 X309.9455 Y64.0139 Z-8.8000 F800
G1 X310.3172 Y64.7152 Z-8.8000 F800
G1 X310.3392 Y64.7583 Z-8.8000 F800
G1 X310.7068 Y65.5061 Z-8.8000 F800
G1 X310.7246 Y65.5435 Z-8.8000 F800
G1 X311.0881 Y66.3345 Z-8.8000 F800
G1 X311.1026 Y66.3671 Z-8.8000 F800
G1 X311.4620 Y67.1976 Z-8.8000 F800
G1 X311.4739 Y67.2261 Z-8.8000 F800
G1 X311.8290 Y68.0927 Z-8.8000 F800
G1 X311.8390 Y68.1177 Z-8.8000 F800
G1 X312.1898 Y69.0169 Z-8.8000 F800
G1 X312.1981 Y69.0388 Z-8.8000 F800
G1 X312.5444 Y69.9671 Z-8.8000 F800
G1 X312.5515 Y69.9864 Z-8.8000 F800
G1 X312.8933 Y70.9402 Z-8.8000 F800
G1 X312.8993 Y70.9572 Z-8.8000 F800
G1 X313.2366 Y71.9330 Z-8.8000 F800
G1 X313.2417 Y71.9479 Z-8.8000 F800
G1 X313.5742 Y72.9422 Z-8.8000 F800
G1 X313.5786 Y72.9554 Z-8.8000 F800
G1 X313.9064 Y73.9646 Z-8.8000 F800
G1 X313.9101 Y73.9761 Z-8.8000 F800
G1 X314.2331 Y74.9969 Z-8.8000 F800
G1 X314.2362 Y75.0068 Z-8.8000 F800
G1 X314.5544 Y76.0355 Z-8.8000 F800
G1 X314.5570 Y76.0441 Z-8.8000 F800
G1 X314.8702 Y77.0773 Z-8.8000 F800
G1 X314.8723 Y77.0845 Z-8.8000 F800
G1 X315.1804 Y78.1186 Z-8.8000 F800
G1 X315.1822 Y78.1245 Z-8.8000 F800
G1 X315.4852 Y79.1561 Z-8.8000 F800
G1 X315.4865 Y79.1608 Z-8.8000 F800
G1 X315.7843 Y80.1863 Z-8.8000 F800
G1 X315.7853 Y80.1898 Z-8.8000 F800
G1 X316.0778 Y81.2057 Z-8.8000 F800
G1 X316.0785 Y81.2079 Z-8.8000 F800
G1 X316.3659 Y82.2117 Z-8.8000 F800
G1 X316.6475 Y83.1977 Z-8.8000 F800
G1 X316.9233 Y84.1628 Z-8.8000 F800
G1 X317.1932 Y85.1027 Z-8.8000 F800
G1 X317.4569 Y86.0139 Z-8.8000 F800
G1 X317.7142 Y86.8926 Z-8.8000 F800
G1 X317.9651 Y87.7351 Z-8.8000 F800
G1 X318.2093 Y88.5374 Z-8.8000 F800
G1 X318.4465 Y89.2956 Z-8.8000 F800
G1 X318.6762 Y90.0055 Z-8.8000 F800
G1 X318.8981 Y90.6626 Z-8.8000 F800
G1 X319.1113 Y91.2622 Z-8.8000 F800
G1 X319.3145 Y91.7987 Z-8.8000 F800
G1 X319.5059 Y92.2657 Z-8.8000 F800
G1 X319.6819 Y92.6551 Z-8.8000 F800
G1 X319.8361 Y92.9561 Z-8.8000 F800
G1 X319.9097 Y93.0779 Z-8.8000 F800
G1 X320.0416 Y93.1045 Z-8.8000 F800
G1 X320.4767 Y93.1851 Z-8.8000 F800
G1 X321.0256 Y93.2814 Z-8.8000 F800
G1 X321.6793 Y93.3920 Z-8.8000 F800
G1 X322.4311 Y93.5158 Z-8.8000 F800
G1 X323.2748 Y93.6519 Z-8.8000 F800
G1 X324.2048 Y93.7996 Z-8.8000 F800
G1 X325.2156 Y93.9580 Z-8.8000 F800
G1 X326.3018 Y94.1263 Z-8.8000 F800
G1 X327.4580 Y94.3040 Z-8.8000 F800
G1 X328.6789 Y94.4901 Z-8.8000 F800
G1 X329.9592 Y94.6840 Z-8.8000 F800
G1 X331.2937 Y94.8849 Z-8.8000 F800
G1 X332.6770 Y95.0922 Z-8.8000 F800
G1 X334.1041 Y95.3050 Z-8.8000 F800
G1 X335.5695 Y95.5227 Z-8.8000 F800
G1 X337.0682 Y95.7445 Z-8.8000 F800
G1 X338.5947 Y95.9698 Z-8.8000 F800
G1 X340.1440 Y96.1977 Z-8.8000 F800
G1 X341.7107 Y96.4275 Z-8.8000 F800
G1 X343.2897 Y96.6586 Z-8.8000 F800
G1 X344.8757 Y96.8902 Z-8.8000 F800
G1 X346.4635 Y97.1216 Z-8.8000 F800
G1 X348.0479 Y97.3521 Z-8.8000 F800
G1 X349.6235 Y97.5808 Z-8.8000 F800
G1 X351.1853 Y97.8072 Z-8.8000 F800
G1 X352.7280 Y98.0305 Z-8.8000 F800
G1 X354.2464 Y98.2499 Z-8.8000 F800
G1 X355.7351 Y98.4648 Z-8.8000 F800
G1 X357.1891 Y98.6744 Z-8.8000 F800
G1 X358.6031 Y98.8780 Z-8.8000 F800
G1 X359.9718 Y99.0748 Z-8.8000 F800
G1 X361.2901 Y99.2642 Z-8.8000 F800
G1 X362.5527 Y99.4454 Z-8.8000 F800
G1 X363.7544 Y99.6177 Z-8.8000 F800
G1 X364.8899 Y99.7804 Z-8.8000 F800
G1 X365.9541 Y99.9327 Z-8.8000 F800
G1 X366.9418 Y100.0740 Z-8.8000 F800
G1 X367.8476 Y100.2034 Z-8.8000 F800
G1 X368.6664 Y100.3204 Z-8.8000 F800
G1 X368.7440 Y100.3314 Z-8.8000 F800
G1 X368.5083 Y99.7168 Z-8.8000 F800
G1 X367.9973 Y98.4060 Z-8.8000 F800
G1 X367.3924 Y96.8955 Z-8.8000 F800
G1 X366.6881 Y95.1948 Z-8.8000 F800
G1 X365.8793 Y93.3142 Z-8.8000 F800
G1 X364.9611 Y91.2644 Z-8.8000 F800
G1 X363.9284 Y89.0562 Z-8.8000 F800
G1 X362.7763 Y86.7004 Z-8.8000 F800
G1 X361.4999 Y84.2080 Z-8.8000 F800
G1 X360.0943 Y81.5900 Z-8.8000 F800
G1 X358.5547 Y78.8573 Z-8.8000 F800
G1 X356.8761 Y76.0210 Z-8.8000 F800
G1 X355.0537 Y73.0921 Z-8.8000 F800
G1 X353.0826 Y70.0815 Z-8.8000 F800
G1 X350.9580 Y67.0004 Z-8.8000 F800
G1 X348.6750 Y63.8596 Z-8.8000 F800
G1 X346.2287 Y60.6702 Z-8.8000 F800
G1 X343.6142 Y57.4432 Z-8.8000 F800
G1 X340.8267 Y54.1895 Z-8.8000 F800
G1 X337.8612 Y50.9202 Z-8.8000 F800
G1 X334.7130 Y47.6461 Z-8.8000 F800
G1 X331.3769 Y44.3782 Z-8.8000 F800
G1 X327.8482 Y41.1276 Z-8.8000 F800
G1 X324.1219 Y37.9050 Z-8.8000 F800
G1 X320.1929 Y34.7214 Z-8.8000 F800
G1 X316.0564 Y31.5878 Z-8.8000 F800
G1 X311.7073 Y28.5151 Z-8.8000 F800
G1 X307.1406 Y25.5142 Z-8.8000 F800
G1 X302.3513 Y22.5960 Z-8.8000 F800
G1 X297.3343 Y19.7715 Z-8.8000 F800
G1 X292.0844 Y17.0516 Z-8.8000 F800
G1 X286.5967 Y14.4474 Z-8.8000 F800
G1 X280.8659 Y11.9697 Z-8.8000 F800
G1 X274.8870 Y9.6296 Z-8.8000 F800
G1 X268.6549 Y7.4382 Z-8.8000 F800
G1 X262.1643 Y5.4064 Z-8.8000 F800
G1 X255.4102 Y3.5454 Z-8.8000 F800
G1 X248.3875 Y1.8662 Z-8.8000 F800
G1 X241.0909 Y0.3800 Z-8.8000 F800
G1 X233.5155 Y-0.9021 Z-8.8000 F800
G1 X225.6561 Y-1.9690 Z-8.8000 F800
G1 X217.5077 Y-2.8096 Z-8.8000 F800
G1 X209.0651 Y-3.4125 Z-8.8000 F800
G1 X200.3226 Y-3.7668 Z-8.8000 F800
G1 X191.5754 Y-3.8658 Z-8.8000 F800
G1 X183.1208 Y-3.7177 Z-8.8000 F800
G1 X174.9549 Y-3.3329 Z-8.8000 F800
G1 X167.0731 Y-2.7218 Z-8.8000 F800
G1 X159.4706 Y-1.8949 Z-8.8000 F800
G1 X152.1427 Y-0.8627 Z-8.8000 F800
G1 X145.0848 Y0.3645 Z-8.8000 F800
G1 X138.2921 Y1.7762 Z-8.8000 F800
G1 X131.7599 Y3.3619 Z-8.8000 F800
G1 X125.4833 Y5.1113 Z-8.8000 F800
G1 X119.4578 Y7.0140 Z-8.8000 F800
G1 X113.6785 Y9.0597 Z-8.8000 F800
G1 X108.1405 Y11.2380 Z-8.8000 F800
G1 X102.8393 Y13.5386 Z-8.8000 F800
G1 X97.7700 Y15.9512 Z-8.8000 F800
G1 X92.9278 Y18.4656 Z-8.8000 F800
G1 X88.3080 Y21.0714 Z-8.8000 F800
G1 X83.9060 Y23.7583 Z-8.8000 F800
G1 X79.7169 Y26.5163 Z-8.8000 F800
G1 X75.7362 Y29.3350 Z-8.8000 F800
G1 X71.9590 Y32.2042 Z-8.8000 F800
G1 X68.3808 Y35.1137 Z-8.8000 F800
G1 X64.9970 Y38.0533 Z-8.8000 F800
G1 X61.8029 Y41.0128 Z-8.8000 F800
G1 X58.7939 Y43.9819 Z-8.8000 F800
G1 X55.9655 Y46.9503 Z-8.8000 F800
G1 X53.3130 Y49.9079 Z-8.8000 F800
G1 X50.8320 Y52.8444 Z-8.8000 F800
G1 X48.5179 Y55.7495 Z-8.8000 F800
G1 X46.3662 Y58.6129 Z-8.8000 F800
G1 X44.3723 Y61.4244 Z-8.8000 F800
G1 X42.5317 Y64.1735 Z-8.8000 F800
G1 X40.8400 Y66.8501 Z-8.8000 F800
G1 X39.2926 Y69.4436 Z-8.8000 F800
G1 X37.8851 Y71.9438 Z-8.8000 F800
G1 X36.6129 Y74.3402 Z-8.8000 F800
G1 X35.4716 Y76.6224 Z-8.8000 F800
G1 X34.4567 Y78.7799 Z-8.8000 F800
G1 X33.5638 Y80.8020 Z-8.8000 F800
G1 X32.7884 Y82.6782 Z-8.8000 F800
G1 X32.1260 Y84.3975 Z-8.8000 F800
G1 X31.5724 Y85.9488 Z-8.8000 F800
G1 X31.1232 Y87.3203 Z-8.8000 F800
G1 X30.7743 Y88.4993 Z-8.8000 F800
G1 X30.5219 Y89.4701 Z-8.8000 F800
G1 X30.3700 Y90.1759 Z-8.8000 F800
G0 Z5.000
( -- pass 7/9, target Z=-10.2667 -- )
G0 X30.3700 Y90.1759 Z5.0000
G1 Z-10.2667 F300
G1 X30.4668 Y90.1965 Z-10.2667 F800
G1 X30.9531 Y90.2595 Z-10.2667 F800
G1 X31.5561 Y90.3026 Z-10.2667 F800
G1 X32.2614 Y90.3228 Z-10.2667 F800
G1 X33.0581 Y90.3193 Z-10.2667 F800
G1 X33.9380 Y90.2925 Z-10.2667 F800
G1 X34.8936 Y90.2433 Z-10.2667 F800
G1 X35.9188 Y90.1729 Z-10.2667 F800
G1 X37.0076 Y90.0824 Z-10.2667 F800
G1 X38.1546 Y89.9732 Z-10.2667 F800
G1 X39.3543 Y89.8467 Z-10.2667 F800
G1 X40.6017 Y89.7041 Z-10.2667 F800
G1 X41.8917 Y89.5468 Z-10.2667 F800
G1 X43.2194 Y89.3763 Z-10.2667 F800
G1 X44.5799 Y89.1940 Z-10.2667 F800
G1 X45.9684 Y89.0011 Z-10.2667 F800
G1 X47.3801 Y88.7991 Z-10.2667 F800
G1 X48.8101 Y88.5894 Z-10.2667 F800
G1 X50.2538 Y88.3733 Z-10.2667 F800
G1 X51.7064 Y88.1523 Z-10.2667 F800
G1 X53.1631 Y87.9277 Z-10.2667 F800
G1 X54.6194 Y87.7009 Z-10.2667 F800
G1 X56.0705 Y87.4733 Z-10.2667 F800
G1 X57.5117 Y87.2462 Z-10.2667 F800
G1 X58.9386 Y87.0211 Z-10.2667 F800
G1 X60.3464 Y86.7993 Z-10.2667 F800
G1 X61.7287 Y86.5824 Z-10.2667 F800
G1 X61.7305 Y86.5821 Z-10.2667 F800
G1 X63.0836 Y86.3714 Z-10.2667 F800
G1 X63.0863 Y86.3710 Z-10.2667 F800
G1 X64.4055 Y86.1679 Z-10.2667 F800
G1 X64.4091 Y86.1674 Z-10.2667 F800
G1 X65.6897 Y85.9733 Z-10.2667 F800
G1 X65.6944 Y85.9726 Z-10.2667 F800
G1 X66.9318 Y85.7888 Z-10.2667 F800
G1 X66.9378 Y85.7879 Z-10.2667 F800
G1 X68.1273 Y85.6158 Z-10.2667 F800
G1 X68.1347 Y85.6148 Z-10.2667 F800
G1 X69.2717 Y85.4558 Z-10.2667 F800
G1 X69.2810 Y85.4545 Z-10.2667 F800
G1 X70.3607 Y85.3101 Z-10.2667 F800
G1 X70.3722 Y85.3086 Z-10.2667 F800
G1 X71.3900 Y85.1800 Z-10.2667 F800
G1 X71.4044 Y85.1782 Z-10.2667 F800
G1 X72.3557 Y85.0668 Z-10.2667 F800
G1 X72.3739 Y85.0648 Z-10.2667 F800
G1 X73.2539 Y84.9721 Z-10.2667 F800
G1 X73.2772 Y84.9698 Z-10.2667 F800
G1 X74.0813 Y84.8970 Z-10.2667 F800
G1 X74.1119 Y84.8946 Z-10.2667 F800
G1 X74.8354 Y84.8432 Z-10.2667 F800
G1 X74.8768 Y84.8408 Z-10.2667 F800
G1 X75.5150 Y84.8122 Z-10.2667 F800
G1 X75.5732 Y84.8107 Z-10.2667 F800
G1 X76.1215 Y84.8063 Z-10.2667 F800
G1 X76.2081 Y84.8079 Z-10.2667 F800
G1 X76.6618 Y84.8290 Z-10.2667 F800
G1 X76.8012 Y84.8417 Z-10.2667 F800
G1 X77.1557 Y84.8897 Z-10.2667 F800
G1 X77.2289 Y84.9027 Z-10.2667 F800
G1 X77.3056 Y84.8288 Z-10.2667 F800
G1 X77.5450 Y84.5570 Z-10.2667 F800
G1 X77.8271 Y84.1959 Z-10.2667 F800
G1 X78.1418 Y83.7549 Z-10.2667 F800
G1 X78.4830 Y83.2416 Z-10.2667 F800
G1 X78.8468 Y82.6625 Z-10.2667 F800
G1 X79.2307 Y82.0230 Z-10.2667 F800
G1 X79.6325 Y81.3283 Z-10.2667 F800
G1 X80.0507 Y80.5831 Z-10.2667 F800
G1 X80.4839 Y79.7918 Z-10.2667 F800
G1 X80.9310 Y78.9586 Z-10.2667 F800
G1 X81.3909 Y78.0877 Z-10.2667 F800
G1 X81.8625 Y77.1831 Z-10.2667 F800
G1 X82.3450 Y76.2487 Z-10.2667 F800
G1 X82.8375 Y75.2886 Z-10.2667 F800
G1 X83.3390 Y74.3064 Z-10.2667 F800
G1 X83.8489 Y73.3061 Z-10.2667 F800
G1 X84.3664 Y72.2908 Z-10.2667 F800
G1 X84.8892 Y71.2676 Z-10.2667 F800
G1 X84.8905 Y71.2650 Z-10.2667 F800
G1 X85.4186 Y70.2361 Z-10.2667 F800
G1 X85.4205 Y70.2324 Z-10.2667 F800
G1 X85.9530 Y69.2016 Z-10.2667 F800
G1 X85.9555 Y69.1967 Z-10.2667 F800
G1 X86.4916 Y68.1677 Z-10.2667 F800
G1 X86.4949 Y68.1615 Z-10.2667 F800
G1 X87.0338 Y67.1382 Z-10.2667 F800
G1 X87.0378 Y67.1307 Z-10.2667 F800
G1 X87.5788 Y66.1166 Z-10.2667 F800
G1 X87.5836 Y66.1077 Z-10.2667 F800
G1 X88.1258 Y65.1067 Z-10.2667 F800
G1 X88.1315 Y65.0963 Z-10.2667 F800
G1 X88.6742 Y64.1120 Z-10.2667 F800
G1 X88.6810 Y64.1000 Z-10.2667 F800
G1 X89.2234 Y63.1363 Z-10.2667 F800
G1 X89.2313 Y63.1223 Z-10.2667 F800
G1 X89.7726 Y62.1829 Z-10.2667 F800
G1 X89.7819 Y62.1669 Z-10.2667 F800
G1 X90.3213 Y61.2555 Z-10.2667 F800
G1 X90.3323 Y61.2372 Z-10.2667 F800
G1 X90.8690 Y60.3575 Z-10.2667 F800
G1 X90.8820 Y60.3365 Z-10.2667 F800
G1 X91.4153 Y59.4923 Z-10.2667 F800
G1 X91.4308 Y59.4683 Z-10.2667 F800
G1 X91.9598 Y58.6632 Z-10.2667 F800
G1 X91.9783 Y58.6356 Z-10.2667 F800
G1 X92.5022 Y57.8735 Z-10.2667 F800
G1 X92.5246 Y57.8417 Z-10.2667 F800
G1 X93.0427 Y57.1263 Z-10.2667 F800
G1 X93.0701 Y57.0896 Z-10.2667 F800
G1 X93.5816 Y56.4246 Z-10.2667 F800
G1 X93.6155 Y56.3820 Z-10.2667 F800
G1 X94.1195 Y55.7711 Z-10.2667 F800
G1 X94.1621 Y55.7217 Z-10.2667 F800
G1 X94.6579 Y55.1687 Z-10.2667 F800
G1 X94.7121 Y55.1111 Z-10.2667 F800
G1 X95.1990 Y54.6197 Z-10.2667 F800
G1 X95.2693 Y54.5530 Z-10.2667 F800
G1 X95.7463 Y54.1269 Z-10.2667 F800
G1 X95.8390 Y54.0503 Z-10.2667 F800
G1 X96.3055 Y53.6933 Z-10.2667 F800
G1 X96.4295 Y53.6074 Z-10.2667 F800
G1 X96.8846 Y53.3233 Z-10.2667 F800
G1 X97.0517 Y53.2324 Z-10.2667 F800
G1 X97.4947 Y53.0248 Z-10.2667 F800
G1 X97.6046 Y52.9782 Z-10.2667 F800
G1 X97.7177 Y52.9401 Z-10.2667 F800
G1 X98.1478 Y52.8128 Z-10.2667 F800
G1 X98.2897 Y52.7778 Z-10.2667 F800
G1 X98.4343 Y52.7560 Z-10.2667 F800
G1 X98.8505 Y52.7127 Z-10.2667 F800
G1 X99.0279 Y52.7043 Z-10.2667 F800
G1 X99.2050 Y52.7157 Z-10.2667 F800
G1 X99.6228 Y52.7662 Z-10.2667 F800
G1 X99.7866 Y52.7947 Z-10.2667 F800
G1 X99.9465 Y52.8402 Z-10.2667 F800
G1 X100.3809 Y52.9889 Z-10.2667 F800
G1 X100.5031 Y53.0364 Z-10.2667 F800
G1 X100.6208 Y53.0939 Z-10.2667 F800
G1 X101.0708 Y53.3367 Z-10.2667 F800
G1 X101.2418 Y53.4435 Z-10.2667 F800
G1 X101.7062 Y53.7764 Z-10.2667 F800
G1 X101.8279 Y53.8730 Z-10.2667 F800
G1 X102.3057 Y54.2920 Z-10.2667 F800
G1 X102.3938 Y54.3753 Z-10.2667 F800
G1 X102.8840 Y54.8763 Z-10.2667 F800
G1 X102.9492 Y54.9471 Z-10.2667 F800
G1 X103.4508 Y55.5259 Z-10.2667 F800
G1 X103.5002 Y55.5859 Z-10.2667 F800
G1 X104.0120 Y56.2386 Z-10.2667 F800
G1 X104.0504 Y56.2897 Z-10.2667 F800
G1 X104.5713 Y57.0121 Z-10.2667 F800
G1 X104.6017 Y57.0559 Z-10.2667 F800
G1 X105.1307 Y57.8440 Z-10.2667 F800
G1 X105.1553 Y57.8818 Z-10.2667 F800
G1 X105.6913 Y58.7316 Z-10.2667 F800
G1 X105.7115 Y58.7645 Z-10.2667 F800
G1 X106.2534 Y59.6718 Z-10.2667 F800
G1 X106.2702 Y59.7007 Z-10.2667 F800
G1 X106.8171 Y60.6615 Z-10.2667 F800
G1 X106.8313 Y60.6870 Z-10.2667 F800
G1 X107.3820 Y61.6973 Z-10.2667 F800
G1 X107.3941 Y61.7200 Z-10.2667 F800
G1 X107.9476 Y62.7757 Z-10.2667 F800
G1 X107.9580 Y62.7960 Z-10.2667 F800
G1 X108.5132 Y63.8930 Z-10.2667 F800
G1 X108.5223 Y63.9113 Z-10.2667 F800
G1 X109.0780 Y65.0456 Z-10.2667 F800
G1 X109.0860 Y65.0622 Z-10.2667 F800
G1 X109.6414 Y66.2297 Z-10.2667 F800
G1 X109.6485 Y66.2448 Z-10.2667 F800
G1 X110.2023 Y67.4414 Z-10.2667 F800
G1 X110.2087 Y67.4552 Z-10.2667 F800
G1 X110.7599 Y68.6769 Z-10.2667 F800
G1 X110.7656 Y68.6896 Z-10.2667 F800
G1 X111.3133 Y69.9323 Z-10.2667 F800
G1 X111.3184 Y69.9441 Z-10.2667 F800
G1 X111.8614 Y71.2037 Z-10.2667 F800
G1 X111.8661 Y71.2146 Z-10.2667 F800
G1 X112.4033 Y72.4871 Z-10.2667 F800
G1 X112.4075 Y72.4973 Z-10.2667 F800
G1 X112.9379 Y73.7786 Z-10.2667 F800
G1 X112.9419 Y73.7882 Z-10.2667 F800
G1 X113.4643 Y75.0742 Z-10.2667 F800
G1 X113.4680 Y75.0833 Z-10.2667 F800
G1 X113.9815 Y76.3699 Z-10.2667 F800
G1 X113.9849 Y76.3786 Z-10.2667 F800
G1 X114.4884 Y77.6618 Z-10.2667 F800
G1 X114.4916 Y77.6700 Z-10.2667 F800
G1 X114.9840 Y78.9458 Z-10.2667 F800
G1 X114.9870 Y78.9537 Z-10.2667 F800
G1 X115.4673 Y80.2180 Z-10.2667 F800
G1 X115.4701 Y80.2256 Z-10.2667 F800
G1 X115.9372 Y81.4743 Z-10.2667 F800
G1 X115.9399 Y81.4817 Z-10.2667 F800
G1 X116.3927 Y82.7107 Z-10.2667 F800
G1 X116.3953 Y82.7179 Z-10.2667 F800
G1 X116.8327 Y83.9232 Z-10.2667 F800
G1 X116.8352 Y83.9304 Z-10.2667 F800
G1 X117.2562 Y85.1079 Z-10.2667 F800
G1 X117.2587 Y85.1150 Z-10.2667 F800
G1 X117.6622 Y86.2607 Z-10.2667 F800
G1 X117.6647 Y86.2678 Z-10.2667 F800
G1 X118.0496 Y87.3775 Z-10.2667 F800
G1 X118.0521 Y87.3847 Z-10.2667 F800
G1 X118.4175 Y88.4545 Z-10.2667 F800
G1 X118.4200 Y88.4620 Z-10.2667 F800
G1 X118.7646 Y89.4877 Z-10.2667 F800
G1 X118.7672 Y89.4955 Z-10.2667 F800
G1 X119.0901 Y90.4731 Z-10.2667 F800
G1 X119.0928 Y90.4813 Z-10.2667 F800
G1 X119.3929 Y91.4068 Z-10.2667 F800
G1 X119.3957 Y91.4157 Z-10.2667 F800
G1 X119.6720 Y92.2849 Z-10.2667 F800
G1 X119.6751 Y92.2948 Z-10.2667 F800
G1 X119.9263 Y93.1037 Z-10.2667 F800
G1 X119.9298 Y93.1150 Z-10.2667 F800
G1 X120.1551 Y93.8595 Z-10.2667 F800
G1 X120.1590 Y93.8727 Z-10.2667 F800
G1 X120.3572 Y94.5489 Z-10.2667 F800
G1 X120.3618 Y94.5649 Z-10.2667 F800
G1 X120.5319 Y95.1686 Z-10.2667 F800
G1 X120.5375 Y95.1892 Z-10.2667 F800
G1 X120.6784 Y95.7163 Z-10.2667 F800
G1 X120.6856 Y95.7445 Z-10.2667 F800
G1 X120.7826 Y96.1360 Z-10.2667 F800
G1 X121.5117 Y96.2860 Z-10.2667 F800
G1 X122.7972 Y96.4729 Z-10.2667 F800
G1 X124.4530 Y96.6572 Z-10.2667 F800
G1 X126.4477 Y96.8357 Z-10.2667 F800
G1 X128.7581 Y97.0073 Z-10.2667 F800
G1 X131.3643 Y97.1718 Z-10.2667 F800
G1 X134.2475 Y97.3290 Z-10.2667 F800
G1 X137.3897 Y97.4790 Z-10.2667 F800
G1 X140.7735 Y97.6219 Z-10.2667 F800
G1 X144.3814 Y97.7577 Z-10.2667 F800
G1 X148.1961 Y97.8867 Z-10.2667 F800
G1 X152.2005 Y98.0089 Z-10.2667 F800
G1 X156.3775 Y98.1245 Z-10.2667 F800
G1 X160.7100 Y98.2337 Z-10.2667 F800
G1 X165.1811 Y98.3365 Z-10.2667 F800
G1 X169.7736 Y98.4333 Z-10.2667 F800
G1 X174.4705 Y98.5240 Z-10.2667 F800
G1 X179.2550 Y98.6089 Z-10.2667 F800
G1 X184.1100 Y98.6881 Z-10.2667 F800
G1 X189.0185 Y98.7618 Z-10.2667 F800
G1 X193.9636 Y98.8302 Z-10.2667 F800
G1 X198.9283 Y98.8933 Z-10.2667 F800
G1 X203.8956 Y98.9514 Z-10.2667 F800
G1 X208.8487 Y99.0046 Z-10.2667 F800
G1 X213.7704 Y99.0531 Z-10.2667 F800
G1 X218.6439 Y99.0970 Z-10.2667 F800
G1 X223.4523 Y99.1365 Z-10.2667 F800
G1 X228.1785 Y99.1717 Z-10.2667 F800
G1 X232.8056 Y99.2028 Z-10.2667 F800
G1 X237.3167 Y99.2300 Z-10.2667 F800
G1 X241.6948 Y99.2534 Z-10.2667 F800
G1 X245.9230 Y99.2731 Z-10.2667 F800
G1 X249.9842 Y99.2894 Z-10.2667 F800
G1 X253.8616 Y99.3024 Z-10.2667 F800
G1 X257.5382 Y99.3122 Z-10.2667 F800
G1 X260.9970 Y99.3190 Z-10.2667 F800
G1 X264.2210 Y99.3230 Z-10.2667 F800
G1 X267.1934 Y99.3243 Z-10.2667 F800
G1 X269.8969 Y99.3230 Z-10.2667 F800
G1 X272.3147 Y99.3194 Z-10.2667 F800
G1 X274.4295 Y99.3136 Z-10.2667 F800
G1 X276.2242 Y99.3058 Z-10.2667 F800
G1 X277.6808 Y99.2960 Z-10.2667 F800
G1 X278.7802 Y99.2846 Z-10.2667 F800
G1 X279.3263 Y99.2750 Z-10.2667 F800
G1 X279.4757 Y99.0799 Z-10.2667 F800
G1 X279.7307 Y98.7069 Z-10.2667 F800
G1 X280.0283 Y98.2358 Z-10.2667 F800
G1 X280.3614 Y97.6769 Z-10.2667 F800
G1 X280.7257 Y97.0382 Z-10.2667 F800
G1 X281.1184 Y96.3260 Z-10.2667 F800
G1 X281.5371 Y95.5461 Z-10.2667 F800
G1 X281.9802 Y94.7036 Z-10.2667 F800
G1 X282.4458 Y93.8034 Z-10.2667 F800
G1 X282.9324 Y92.8503 Z-10.2667 F800
G1 X283.4388 Y91.8489 Z-10.2667 F800
G1 X283.9635 Y90.8037 Z-10.2667 F800
G1 X284.5051 Y89.7191 Z-10.2667 F800
G1 X285.0624 Y88.5997 Z-10.2667 F800
G1 X285.6342 Y87.4496 Z-10.2667 F800
G1 X286.2192 Y86.2729 Z-10.2667 F800
G1 X286.8153 Y85.0761 Z-10.2667 F800
G1 X286.8162 Y85.0743 Z-10.2667 F800
G1 X287.4226 Y83.8607 Z-10.2667 F800
G1 X287.4239 Y83.8582 Z-10.2667 F800
G1 X288.0392 Y82.6321 Z-10.2667 F800
G1 X288.0409 Y82.6287 Z-10.2667 F800
G1 X288.6641 Y81.3944 Z-10.2667 F800
G1 X288.6662 Y81.3902 Z-10.2667 F800
G1 X289.2960 Y80.1519 Z-10.2667 F800
G1 X289.2986 Y80.1469 Z-10.2667 F800
G1 X289.9337 Y78.9090 Z-10.2667 F800
G1 X289.9368 Y78.9031 Z-10.2667 F800
G1 X290.5761 Y77.6697 Z-10.2667 F800
G1 X290.5796 Y77.6629 Z-10.2667 F800
G1 X291.2218 Y76.4384 Z-10.2667 F800
G1 X291.2259 Y76.4307 Z-10.2667 F800
G1 X291.8699 Y75.2193 Z-10.2667 F800
G1 X291.8746 Y75.2104 Z-10.2667 F800
G1 X292.5190 Y74.0165 Z-10.2667 F800
G1 X292.5245 Y74.0064 Z-10.2667 F800
G1 X293.1681 Y72.8342 Z-10.2667 F800
G1 X293.1744 Y72.8228 Z-10.2667 F800
G1 X293.8161 Y71.6765 Z-10.2667 F800
G1 X293.8234 Y71.6636 Z-10.2667 F800
G1 X294.4618 Y70.5476 Z-10.2667 F800
G1 X294.4703 Y70.5330 Z-10.2667 F800
G1 X295.1043 Y69.4515 Z-10.2667 F800
G1 X295.1141 Y69.4350 Z-10.2667 F800
G1 X295.7426 Y68.3922 Z-10.2667 F800
G1 X295.7541 Y68.3734 Z-10.2667 F800
G1 X296.3756 Y67.3738 Z-10.2667 F800
G1 X296.3892 Y67.3523 Z-10.2667 F800
G1 X297.0026 Y66.4000 Z-10.2667 F800
G1 X297.0188 Y66.3754 Z-10.2667 F800
G1 X297.6230 Y65.4746 Z-10.2667 F800
G1 X297.6424 Y65.4463 Z-10.2667 F800
G1 X298.2360 Y64.6015 Z-10.2667 F800
G1 X298.2598 Y64.5686 Z-10.2667 F800
G1 X298.8416 Y63.7839 Z-10.2667 F800
G1 X298.8710 Y63.7455 Z-10.2667 F800
G1 X299.4399 Y63.0253 Z-10.2667 F800
G1 X299.4769 Y62.9802 Z-10.2667 F800
G1 X300.0315 Y62.3287 Z-10.2667 F800
G1 X300.0790 Y62.2754 Z-10.2667 F800
G1 X300.6183 Y61.6969 Z-10.2667 F800
G1 X300.6806 Y61.6336 Z-10.2667 F800
G1 X301.2032 Y61.1324 Z-10.2667 F800
G1 X301.2871 Y61.0575 Z-10.2667 F800
G1 X301.7918 Y60.6378 Z-10.2667 F800
G1 X301.9074 Y60.5503 Z-10.2667 F800
G1 X302.3930 Y60.2164 Z-10.2667 F800
G1 X302.5556 Y60.1184 Z-10.2667 F800
G1 X303.0209 Y59.8746 Z-10.2667 F800
G1 X303.1341 Y59.8209 Z-10.2667 F800
G1 X303.2511 Y59.7763 Z-10.2667 F800
G1 X303.6948 Y59.6269 Z-10.2667 F800
G1 X303.8512 Y59.5830 Z-10.2667 F800
G1 X304.0113 Y59.5553 Z-10.2667 F800
G1 X304.4323 Y59.5046 Z-10.2667 F800
G1 X304.6086 Y59.4932 Z-10.2667 F800
G1 X304.7852 Y59.5015 Z-10.2667 F800
G1 X305.1927 Y59.5436 Z-10.2667 F800
G1 X305.3451 Y59.5668 Z-10.2667 F800
G1 X305.4945 Y59.6047 Z-10.2667 F800
G1 X305.8988 Y59.7285 Z-10.2667 F800
G1 X306.0257 Y59.7733 Z-10.2667 F800
G1 X306.1483 Y59.8286 Z-10.2667 F800
G1 X306.5493 Y60.0306 Z-10.2667 F800
G1 X306.7419 Y60.1454 Z-10.2667 F800
G1 X307.1396 Y60.4221 Z-10.2667 F800
G1 X307.2833 Y60.5349 Z-10.2667 F800
G1 X307.6775 Y60.8828 Z-10.2667 F800
G1 X307.7837 Y60.9857 Z-10.2667 F800
G1 X308.1743 Y61.4013 Z-10.2667 F800
G1 X308.2532 Y61.4919 Z-10.2667 F800
G1 X308.6401 Y61.9716 Z-10.2667 F800
G1 X308.6994 Y62.0499 Z-10.2667 F800
G1 X309.0827 Y62.5903 Z-10.2667 F800
G1 X309.1279 Y62.6576 Z-10.2667 F800
G1 X309.5073 Y63.2551 Z-10.2667 F800
G1 X309.5424 Y63.3130 Z-10.2667 F800
G1 X309.9180 Y63.9641 Z-10.2667 F800
G1 X309.9455 Y64.0139 Z-10.2667 F800
G1 X310.3172 Y64.7152 Z-10.2667 F800
G1 X310.3392 Y64.7583 Z-10.2667 F800
G1 X310.7068 Y65.5061 Z-10.2667 F800
G1 X310.7246 Y65.5435 Z-10.2667 F800
G1 X311.0881 Y66.3345 Z-10.2667 F800
G1 X311.1026 Y66.3671 Z-10.2667 F800
G1 X311.4620 Y67.1976 Z-10.2667 F800
G1 X311.4739 Y67.2261 Z-10.2667 F800
G1 X311.8290 Y68.0927 Z-10.2667 F800
G1 X311.8390 Y68.1177 Z-10.2667 F800
G1 X312.1898 Y69.0169 Z-10.2667 F800
G1 X312.1981 Y69.0388 Z-10.2667 F800
G1 X312.5444 Y69.9671 Z-10.2667 F800
G1 X312.5515 Y69.9864 Z-10.2667 F800
G1 X312.8933 Y70.9402 Z-10.2667 F800
G1 X312.8993 Y70.9572 Z-10.2667 F800
G1 X313.2366 Y71.9330 Z-10.2667 F800
G1 X313.2417 Y71.9479 Z-10.2667 F800
G1 X313.5742 Y72.9422 Z-10.2667 F800
G1 X313.5786 Y72.9554 Z-10.2667 F800
G1 X313.9064 Y73.9646 Z-10.2667 F800
G1 X313.9101 Y73.9761 Z-10.2667 F800
G1 X314.2331 Y74.9969 Z-10.2667 F800
G1 X314.2362 Y75.0068 Z-10.2667 F800
G1 X314.5544 Y76.0355 Z-10.2667 F800
G1 X314.5570 Y76.0441 Z-10.2667 F800
G1 X314.8702 Y77.0773 Z-10.2667 F800
G1 X314.8723 Y77.0845 Z-10.2667 F800
G1 X315.1804 Y78.1186 Z-10.2667 F800
G1 X315.1822 Y78.1245 Z-10.2667 F800
G1 X315.4852 Y79.1561 Z-10.2667 F800
G1 X315.4865 Y79.1608 Z-10.2667 F800
G1 X315.7843 Y80.1863 Z-10.2667 F800
G1 X315.7853 Y80.1898 Z-10.2667 F800
G1 X316.0778 Y81.2057 Z-10.2667 F800
G1 X316.0785 Y81.2079 Z-10.2667 F800
G1 X316.3659 Y82.2117 Z-10.2667 F800
G1 X316.6475 Y83.1977 Z-10.2667 F800
G1 X316.9233 Y84.1628 Z-10.2667 F800
G1 X317.1932 Y85.1027 Z-10.2667 F800
G1 X317.4569 Y86.0139 Z-10.2667 F800
G1 X317.7142 Y86.8926 Z-10.2667 F800
G1 X317.9651 Y87.7351 Z-10.2667 F800
G1 X318.2093 Y88.5374 Z-10.2667 F800
G1 X318.4465 Y89.2956 Z-10.2667 F800
G1 X318.6762 Y90.0055 Z-10.2667 F800
G1 X318.8981 Y90.6626 Z-10.2667 F800
G1 X319.1113 Y91.2622 Z-10.2667 F800
G1 X319.3145 Y91.7987 Z-10.2667 F800
G1 X319.5059 Y92.2657 Z-10.2667 F800
G1 X319.6819 Y92.6551 Z-10.2667 F800
G1 X319.8361 Y92.9561 Z-10.2667 F800
G1 X319.9097 Y93.0779 Z-10.2667 F800
G1 X320.0416 Y93.1045 Z-10.2667 F800
G1 X320.4767 Y93.1851 Z-10.2667 F800
G1 X321.0256 Y93.2814 Z-10.2667 F800
G1 X321.6793 Y93.3920 Z-10.2667 F800
G1 X322.4311 Y93.5158 Z-10.2667 F800
G1 X323.2748 Y93.6519 Z-10.2667 F800
G1 X324.2048 Y93.7996 Z-10.2667 F800
G1 X325.2156 Y93.9580 Z-10.2667 F800
G1 X326.3018 Y94.1263 Z-10.2667 F800
G1 X327.4580 Y94.3040 Z-10.2667 F800
G1 X328.6789 Y94.4901 Z-10.2667 F800
G1 X329.9592 Y94.6840 Z-10.2667 F800
G1 X331.2937 Y94.8849 Z-10.2667 F800
G1 X332.6770 Y95.0922 Z-10.2667 F800
G1 X334.1041 Y95.3050 Z-10.2667 F800
G1 X335.5695 Y95.5227 Z-10.2667 F800
G1 X337.0682 Y95.7445 Z-10.2667 F800
G1 X338.5947 Y95.9698 Z-10.2667 F800
G1 X340.1440 Y96.1977 Z-10.2667 F800
G1 X341.7107 Y96.4275 Z-10.2667 F800
G1 X343.2897 Y96.6586 Z-10.2667 F800
G1 X344.8757 Y96.8902 Z-10.2667 F800
G1 X346.4635 Y97.1216 Z-10.2667 F800
G1 X348.0479 Y97.3521 Z-10.2667 F800
G1 X349.6235 Y97.5808 Z-10.2667 F800
G1 X351.1853 Y97.8072 Z-10.2667 F800
G1 X352.7280 Y98.0305 Z-10.2667 F800
G1 X354.2464 Y98.2499 Z-10.2667 F800
G1 X355.7351 Y98.4648 Z-10.2667 F800
G1 X357.1891 Y98.6744 Z-10.2667 F800
G1 X358.6031 Y98.8780 Z-10.2667 F800
G1 X359.9718 Y99.0748 Z-10.2667 F800
G1 X361.2901 Y99.2642 Z-10.2667 F800
G1 X362.5527 Y99.4454 Z-10.2667 F800
G1 X363.7544 Y99.6177 Z-10.2667 F800
G1 X364.8899 Y99.7804 Z-10.2667 F800
G1 X365.9541 Y99.9327 Z-10.2667 F800
G1 X366.9418 Y100.0740 Z-10.2667 F800
G1 X367.8476 Y100.2034 Z-10.2667 F800
G1 X368.6664 Y100.3204 Z-10.2667 F800
G1 X368.7440 Y100.3314 Z-10.2667 F800
G1 X368.5083 Y99.7168 Z-10.2667 F800
G1 X367.9973 Y98.4060 Z-10.2667 F800
G1 X367.3924 Y96.8955 Z-10.2667 F800
G1 X366.6881 Y95.1948 Z-10.2667 F800
G1 X365.8793 Y93.3142 Z-10.2667 F800
G1 X364.9611 Y91.2644 Z-10.2667 F800
G1 X363.9284 Y89.0562 Z-10.2667 F800
G1 X362.7763 Y86.7004 Z-10.2667 F800
G1 X361.4999 Y84.2080 Z-10.2667 F800
G1 X360.0943 Y81.5900 Z-10.2667 F800
G1 X358.5547 Y78.8573 Z-10.2667 F800
G1 X356.8761 Y76.0210 Z-10.2667 F800
G1 X355.0537 Y73.0921 Z-10.2667 F800
G1 X353.0826 Y70.0815 Z-10.2667 F800
G1 X350.9580 Y67.0004 Z-10.2667 F800
G1 X348.6750 Y63.8596 Z-10.2667 F800
G1 X346.2287 Y60.6702 Z-10.2667 F800
G1 X343.6142 Y57.4432 Z-10.2667 F800
G1 X340.8267 Y54.1895 Z-10.2667 F800
G1 X337.8612 Y50.9202 Z-10.2667 F800
G1 X334.7130 Y47.6461 Z-10.2667 F800
G1 X331.3769 Y44.3782 Z-10.2667 F800
G1 X327.8482 Y41.1276 Z-10.2667 F800
G1 X324.1219 Y37.9050 Z-10.2667 F800
G1 X320.1929 Y34.7214 Z-10.2667 F800
G1 X316.0564 Y31.5878 Z-10.2667 F800
G1 X311.7073 Y28.5151 Z-10.2667 F800
G1 X307.1406 Y25.5142 Z-10.2667 F800
G1 X302.3513 Y22.5960 Z-10.2667 F800
G1 X297.3343 Y19.7715 Z-10.2667 F800
G1 X292.0844 Y17.0516 Z-10.2667 F800
G1 X286.5967 Y14.4474 Z-10.2667 F800
G1 X280.8659 Y11.9697 Z-10.2667 F800
G1 X274.8870 Y9.6296 Z-10.2667 F800
G1 X268.6549 Y7.4382 Z-10.2667 F800
G1 X262.1643 Y5.4064 Z-10.2667 F800
G1 X255.4102 Y3.5454 Z-10.2667 F800
G1 X248.3875 Y1.8662 Z-10.2667 F800
G1 X241.0909 Y0.3800 Z-10.2667 F800
G1 X233.5155 Y-0.9021 Z-10.2667 F800
G1 X225.6561 Y-1.9690 Z-10.2667 F800
G1 X217.5077 Y-2.8096 Z-10.2667 F800
G1 X209.0651 Y-3.4125 Z-10.2667 F800
G1 X200.3226 Y-3.7668 Z-10.2667 F800
G1 X191.5754 Y-3.8658 Z-10.2667 F800
G1 X183.1208 Y-3.7177 Z-10.2667 F800
G1 X174.9549 Y-3.3329 Z-10.2667 F800
G1 X167.0731 Y-2.7218 Z-10.2667 F800
G1 X159.4706 Y-1.8949 Z-10.2667 F800
G1 X152.1427 Y-0.8627 Z-10.2667 F800
G1 X145.0848 Y0.3645 Z-10.2667 F800
G1 X138.2921 Y1.7762 Z-10.2667 F800
G1 X131.7599 Y3.3619 Z-10.2667 F800
G1 X125.4833 Y5.1113 Z-10.2667 F800
G1 X119.4578 Y7.0140 Z-10.2667 F800
G1 X113.6785 Y9.0597 Z-10.2667 F800
G1 X108.1405 Y11.2380 Z-10.2667 F800
G1 X102.8393 Y13.5386 Z-10.2667 F800
G1 X97.7700 Y15.9512 Z-10.2667 F800
G1 X92.9278 Y18.4656 Z-10.2667 F800
G1 X88.3080 Y21.0714 Z-10.2667 F800
G1 X83.9060 Y23.7583 Z-10.2667 F800
G1 X79.7169 Y26.5163 Z-10.2667 F800
G1 X75.7362 Y29.3350 Z-10.2667 F800
G1 X71.9590 Y32.2042 Z-10.2667 F800
G1 X68.3808 Y35.1137 Z-10.2667 F800
G1 X64.9970 Y38.0533 Z-10.2667 F800
G1 X61.8029 Y41.0128 Z-10.2667 F800
G1 X58.7939 Y43.9819 Z-10.2667 F800
G1 X55.9655 Y46.9503 Z-10.2667 F800
G1 X53.3130 Y49.9079 Z-10.2667 F800
G1 X50.8320 Y52.8444 Z-10.2667 F800
G1 X48.5179 Y55.7495 Z-10.2667 F800
G1 X46.3662 Y58.6129 Z-10.2667 F800
G1 X44.3723 Y61.4244 Z-10.2667 F800
G1 X42.5317 Y64.1735 Z-10.2667 F800
G1 X40.8400 Y66.8501 Z-10.2667 F800
G1 X39.2926 Y69.4436 Z-10.2667 F800
G1 X37.8851 Y71.9438 Z-10.2667 F800
G1 X36.6129 Y74.3402 Z-10.2667 F800
G1 X35.4716 Y76.6224 Z-10.2667 F800
G1 X34.4567 Y78.7799 Z-10.2667 F800
G1 X33.5638 Y80.8020 Z-10.2667 F800
G1 X32.7884 Y82.6782 Z-10.2667 F800
G1 X32.1260 Y84.3975 Z-10.2667 F800
G1 X31.5724 Y85.9488 Z-10.2667 F800
G1 X31.1232 Y87.3203 Z-10.2667 F800
G1 X30.7743 Y88.4993 Z-10.2667 F800
G1 X30.5219 Y89.4701 Z-10.2667 F800
G1 X30.3700 Y90.1759 Z-10.2667 F800
G0 Z5.000
( -- pass 8/9, target Z=-11.7333 -- )
G0 X30.3700 Y90.1759 Z5.0000
G1 Z-11.7333 F300
G1 X30.4668 Y90.1965 Z-11.7333 F800
G1 X30.9531 Y90.2595 Z-11.7333 F800
G1 X31.5561 Y90.3026 Z-11.7333 F800
G1 X32.2614 Y90.3228 Z-11.7333 F800
G1 X33.0581 Y90.3193 Z-11.7333 F800
G1 X33.9380 Y90.2925 Z-11.7333 F800
G1 X34.8936 Y90.2433 Z-11.7333 F800
G1 X35.9188 Y90.1729 Z-11.7333 F800
G1 X37.0076 Y90.0824 Z-11.7333 F800
G1 X38.1546 Y89.9732 Z-11.7333 F800
G1 X39.3543 Y89.8467 Z-11.7333 F800
G1 X40.6017 Y89.7041 Z-11.7333 F800
G1 X41.8917 Y89.5468 Z-11.7333 F800
G1 X43.2194 Y89.3763 Z-11.7333 F800
G1 X44.5799 Y89.1940 Z-11.7333 F800
G1 X45.9684 Y89.0011 Z-11.7333 F800
G1 X47.3801 Y88.7991 Z-11.7333 F800
G1 X48.8101 Y88.5894 Z-11.7333 F800
G1 X50.2538 Y88.3733 Z-11.7333 F800
G1 X51.7064 Y88.1523 Z-11.7333 F800
G1 X53.1631 Y87.9277 Z-11.7333 F800
G1 X54.6194 Y87.7009 Z-11.7333 F800
G1 X56.0705 Y87.4733 Z-11.7333 F800
G1 X57.5117 Y87.2462 Z-11.7333 F800
G1 X58.9386 Y87.0211 Z-11.7333 F800
G1 X60.3464 Y86.7993 Z-11.7333 F800
G1 X61.7287 Y86.5824 Z-11.7333 F800
G1 X61.7305 Y86.5821 Z-11.7333 F800
G1 X63.0836 Y86.3714 Z-11.7333 F800
G1 X63.0863 Y86.3710 Z-11.7333 F800
G1 X64.4055 Y86.1679 Z-11.7333 F800
G1 X64.4091 Y86.1674 Z-11.7333 F800
G1 X65.6897 Y85.9733 Z-11.7333 F800
G1 X65.6944 Y85.9726 Z-11.7333 F800
G1 X66.9318 Y85.7888 Z-11.7333 F800
G1 X66.9378 Y85.7879 Z-11.7333 F800
G1 X68.1273 Y85.6158 Z-11.7333 F800
G1 X68.1347 Y85.6148 Z-11.7333 F800
G1 X69.2717 Y85.4558 Z-11.7333 F800
G1 X69.2810 Y85.4545 Z-11.7333 F800
G1 X70.3607 Y85.3101 Z-11.7333 F800
G1 X70.3722 Y85.3086 Z-11.7333 F800
G1 X71.3900 Y85.1800 Z-11.7333 F800
G1 X71.4044 Y85.1782 Z-11.7333 F800
G1 X72.3557 Y85.0668 Z-11.7333 F800
G1 X72.3739 Y85.0648 Z-11.7333 F800
G1 X73.2539 Y84.9721 Z-11.7333 F800
G1 X73.2772 Y84.9698 Z-11.7333 F800
G1 X74.0813 Y84.8970 Z-11.7333 F800
G1 X74.1119 Y84.8946 Z-11.7333 F800
G1 X74.8354 Y84.8432 Z-11.7333 F800
G1 X74.8768 Y84.8408 Z-11.7333 F800
G1 X75.5150 Y84.8122 Z-11.7333 F800
G1 X75.5732 Y84.8107 Z-11.7333 F800
G1 X76.1215 Y84.8063 Z-11.7333 F800
G1 X76.2081 Y84.8079 Z-11.7333 F800
G1 X76.6618 Y84.8290 Z-11.7333 F800
G1 X76.8012 Y84.8417 Z-11.7333 F800
G1 X77.1557 Y84.8897 Z-11.7333 F800
G1 X77.2289 Y84.9027 Z-11.7333 F800
G1 X77.3056 Y84.8288 Z-11.7333 F800
G1 X77.5450 Y84.5570 Z-11.7333 F800
G1 X77.8271 Y84.1959 Z-11.7333 F800
G1 X78.1418 Y83.7549 Z-11.7333 F800
G1 X78.4830 Y83.2416 Z-11.7333 F800
G1 X78.8468 Y82.6625 Z-11.7333 F800
G1 X79.2307 Y82.0230 Z-11.7333 F800
G1 X79.6325 Y81.3283 Z-11.7333 F800
G1 X80.0507 Y80.5831 Z-11.7333 F800
G1 X80.4839 Y79.7918 Z-11.7333 F800
G1 X80.9310 Y78.9586 Z-11.7333 F800
G1 X81.3909 Y78.0877 Z-11.7333 F800
G1 X81.8625 Y77.1831 Z-11.7333 F800
G1 X82.3450 Y76.2487 Z-11.7333 F800
G1 X82.8375 Y75.2886 Z-11.7333 F800
G1 X83.3390 Y74.3064 Z-11.7333 F800
G1 X83.8489 Y73.3061 Z-11.7333 F800
G1 X84.3664 Y72.2908 Z-11.7333 F800
G1 X84.8892 Y71.2676 Z-11.7333 F800
G1 X84.8905 Y71.2650 Z-11.7333 F800
G1 X85.4186 Y70.2361 Z-11.7333 F800
G1 X85.4205 Y70.2324 Z-11.7333 F800
G1 X85.9530 Y69.2016 Z-11.7333 F800
G1 X85.9555 Y69.1967 Z-11.7333 F800
G1 X86.4916 Y68.1677 Z-11.7333 F800
G1 X86.4949 Y68.1615 Z-11.7333 F800
G1 X87.0338 Y67.1382 Z-11.7333 F800
G1 X87.0378 Y67.1307 Z-11.7333 F800
G1 X87.5788 Y66.1166 Z-11.7333 F800
G1 X87.5836 Y66.1077 Z-11.7333 F800
G1 X88.1258 Y65.1067 Z-11.7333 F800
G1 X88.1315 Y65.0963 Z-11.7333 F800
G1 X88.6742 Y64.1120 Z-11.7333 F800
G1 X88.6810 Y64.1000 Z-11.7333 F800
G1 X89.2234 Y63.1363 Z-11.7333 F800
G1 X89.2313 Y63.1223 Z-11.7333 F800
G1 X89.7726 Y62.1829 Z-11.7333 F800
G1 X89.7819 Y62.1669 Z-11.7333 F800
G1 X90.3213 Y61.2555 Z-11.7333 F800
G1 X90.3323 Y61.2372 Z-11.7333 F800
G1 X90.8690 Y60.3575 Z-11.7333 F800
G1 X90.8820 Y60.3365 Z-11.7333 F800
G1 X91.4153 Y59.4923 Z-11.7333 F800
G1 X91.4308 Y59.4683 Z-11.7333 F800
G1 X91.9598 Y58.6632 Z-11.7333 F800
G1 X91.9783 Y58.6356 Z-11.7333 F800
G1 X92.5022 Y57.8735 Z-11.7333 F800
G1 X92.5246 Y57.8417 Z-11.7333 F800
G1 X93.0427 Y57.1263 Z-11.7333 F800
G1 X93.0701 Y57.0896 Z-11.7333 F800
G1 X93.5816 Y56.4246 Z-11.7333 F800
G1 X93.6155 Y56.3820 Z-11.7333 F800
G1 X94.1195 Y55.7711 Z-11.7333 F800
G1 X94.1621 Y55.7217 Z-11.7333 F800
G1 X94.6579 Y55.1687 Z-11.7333 F800
G1 X94.7121 Y55.1111 Z-11.7333 F800
G1 X95.1990 Y54.6197 Z-11.7333 F800
G1 X95.2693 Y54.5530 Z-11.7333 F800
G1 X95.7463 Y54.1269 Z-11.7333 F800
G1 X95.8390 Y54.0503 Z-11.7333 F800
G1 X96.3055 Y53.6933 Z-11.7333 F800
G1 X96.4295 Y53.6074 Z-11.7333 F800
G1 X96.8846 Y53.3233 Z-11.7333 F800
G1 X97.0517 Y53.2324 Z-11.7333 F800
G1 X97.4947 Y53.0248 Z-11.7333 F800
G1 X97.6046 Y52.9782 Z-11.7333 F800
G1 X97.7177 Y52.9401 Z-11.7333 F800
G1 X98.1478 Y52.8128 Z-11.7333 F800
G1 X98.2897 Y52.7778 Z-11.7333 F800
G1 X98.4343 Y52.7560 Z-11.7333 F800
G1 X98.8505 Y52.7127 Z-11.7333 F800
G1 X99.0279 Y52.7043 Z-11.7333 F800
G1 X99.2050 Y52.7157 Z-11.7333 F800
G1 X99.6228 Y52.7662 Z-11.7333 F800
G1 X99.7866 Y52.7947 Z-11.7333 F800
G1 X99.9465 Y52.8402 Z-11.7333 F800
G1 X100.3809 Y52.9889 Z-11.7333 F800
G1 X100.5031 Y53.0364 Z-11.7333 F800
G1 X100.6208 Y53.0939 Z-11.7333 F800
G1 X101.0708 Y53.3367 Z-11.7333 F800
G1 X101.2418 Y53.4435 Z-11.7333 F800
G1 X101.7062 Y53.7764 Z-11.7333 F800
G1 X101.8279 Y53.8730 Z-11.7333 F800
G1 X102.3057 Y54.2920 Z-11.7333 F800
G1 X102.3938 Y54.3753 Z-11.7333 F800
G1 X102.8840 Y54.8763 Z-11.7333 F800
G1 X102.9492 Y54.9471 Z-11.7333 F800
G1 X103.4508 Y55.5259 Z-11.7333 F800
G1 X103.5002 Y55.5859 Z-11.7333 F800
G1 X104.0120 Y56.2386 Z-11.7333 F800
G1 X104.0504 Y56.2897 Z-11.7333 F800
G1 X104.5713 Y57.0121 Z-11.7333 F800
G1 X104.6017 Y57.0559 Z-11.7333 F800
G1 X105.1307 Y57.8440 Z-11.7333 F800
G1 X105.1553 Y57.8818 Z-11.7333 F800
G1 X105.6913 Y58.7316 Z-11.7333 F800
G1 X105.7115 Y58.7645 Z-11.7333 F800
G1 X106.2534 Y59.6718 Z-11.7333 F800
G1 X106.2702 Y59.7007 Z-11.7333 F800
G1 X106.8171 Y60.6615 Z-11.7333 F800
G1 X106.8313 Y60.6870 Z-11.7333 F800
G1 X107.3820 Y61.6973 Z-11.7333 F800
G1 X107.3941 Y61.7200 Z-11.7333 F800
G1 X107.9476 Y62.7757 Z-11.7333 F800
G1 X107.9580 Y62.7960 Z-11.7333 F800
G1 X108.5132 Y63.8930 Z-11.7333 F800
G1 X108.5223 Y63.9113 Z-11.7333 F800
G1 X109.0780 Y65.0456 Z-11.7333 F800
G1 X109.0860 Y65.0622 Z-11.7333 F800
G1 X109.6414 Y66.2297 Z-11.7000 F800
G1 X109.6485 Y66.2448 Z-11.7000 F800
G1 X110.2023 Y67.4414 Z-11.7000 F800
G1 X110.2087 Y67.4552 Z-11.7000 F800
G1 X110.7599 Y68.6769 Z-11.7000 F800
G1 X110.7656 Y68.6896 Z-11.7000 F800
G1 X111.3133 Y69.9323 Z-11.7333 F800
G1 X111.3184 Y69.9441 Z-11.7333 F800
G1 X111.8614 Y71.2037 Z-11.7333 F800
G1 X111.8661 Y71.2146 Z-11.7333 F800
G1 X112.4033 Y72.4871 Z-11.7333 F800
G1 X112.4075 Y72.4973 Z-11.7333 F800
G1 X112.9379 Y73.7786 Z-11.7333 F800
G1 X112.9419 Y73.7882 Z-11.7333 F800
G1 X113.4643 Y75.0742 Z-11.7333 F800
G1 X113.4680 Y75.0833 Z-11.7333 F800
G1 X113.9815 Y76.3699 Z-11.7333 F800
G1 X113.9849 Y76.3786 Z-11.7333 F800
G1 X114.4884 Y77.6618 Z-11.7333 F800
G1 X114.4916 Y77.6700 Z-11.7333 F800
G1 X114.9840 Y78.9458 Z-11.7333 F800
G1 X114.9870 Y78.9537 Z-11.7333 F800
G1 X115.4673 Y80.2180 Z-11.7333 F800
G1 X115.4701 Y80.2256 Z-11.7333 F800
G1 X115.9372 Y81.4743 Z-11.7333 F800
G1 X115.9399 Y81.4817 Z-11.7333 F800
G1 X116.3927 Y82.7107 Z-11.7333 F800
G1 X116.3953 Y82.7179 Z-11.7333 F800
G1 X116.8327 Y83.9232 Z-11.7333 F800
G1 X116.8352 Y83.9304 Z-11.7333 F800
G1 X117.2562 Y85.1079 Z-11.7333 F800
G1 X117.2587 Y85.1150 Z-11.7333 F800
G1 X117.6622 Y86.2607 Z-11.7333 F800
G1 X117.6647 Y86.2678 Z-11.7333 F800
G1 X118.0496 Y87.3775 Z-11.7333 F800
G1 X118.0521 Y87.3847 Z-11.7333 F800
G1 X118.4175 Y88.4545 Z-11.7333 F800
G1 X118.4200 Y88.4620 Z-11.7333 F800
G1 X118.7646 Y89.4877 Z-11.7333 F800
G1 X118.7672 Y89.4955 Z-11.7333 F800
G1 X119.0901 Y90.4731 Z-11.7333 F800
G1 X119.0928 Y90.4813 Z-11.7333 F800
G1 X119.3929 Y91.4068 Z-11.7333 F800
G1 X119.3957 Y91.4157 Z-11.7333 F800
G1 X119.6720 Y92.2849 Z-11.7333 F800
G1 X119.6751 Y92.2948 Z-11.7333 F800
G1 X119.9263 Y93.1037 Z-11.7333 F800
G1 X119.9298 Y93.1150 Z-11.7333 F800
G1 X120.1551 Y93.8595 Z-11.7333 F800
G1 X120.1590 Y93.8727 Z-11.7333 F800
G1 X120.3572 Y94.5489 Z-11.7333 F800
G1 X120.3618 Y94.5649 Z-11.7333 F800
G1 X120.5319 Y95.1686 Z-11.7333 F800
G1 X120.5375 Y95.1892 Z-11.7333 F800
G1 X120.6784 Y95.7163 Z-11.7333 F800
G1 X120.6856 Y95.7445 Z-11.7333 F800
G1 X120.7826 Y96.1360 Z-11.7333 F800
G1 X121.5117 Y96.2860 Z-11.7333 F800
G1 X122.7972 Y96.4729 Z-11.7333 F800
G1 X124.4530 Y96.6572 Z-11.7333 F800
G1 X126.4477 Y96.8357 Z-11.7333 F800
G1 X128.7581 Y97.0073 Z-11.7333 F800
G1 X131.3643 Y97.1718 Z-11.7333 F800
G1 X134.2475 Y97.3290 Z-11.7333 F800
G1 X137.3897 Y97.4790 Z-11.7333 F800
G1 X140.7735 Y97.6219 Z-11.7333 F800
G1 X144.3814 Y97.7577 Z-11.7333 F800
G1 X148.1961 Y97.8867 Z-11.7333 F800
G1 X152.2005 Y98.0089 Z-11.7333 F800
G1 X156.3775 Y98.1245 Z-11.7333 F800
G1 X160.7100 Y98.2337 Z-11.7333 F800
G1 X165.1811 Y98.3365 Z-11.7333 F800
G1 X169.7736 Y98.4333 Z-11.7333 F800
G1 X174.4705 Y98.5240 Z-11.7333 F800
G1 X179.2550 Y98.6089 Z-11.7333 F800
G1 X184.1100 Y98.6881 Z-11.7333 F800
G1 X189.0185 Y98.7618 Z-11.7333 F800
G1 X193.9636 Y98.8302 Z-11.7333 F800
G1 X198.9283 Y98.8933 Z-11.7333 F800
G1 X203.8956 Y98.9514 Z-11.7333 F800
G1 X208.8487 Y99.0046 Z-11.7333 F800
G1 X213.7704 Y99.0531 Z-11.7333 F800
G1 X218.6439 Y99.0970 Z-11.7333 F800
G1 X223.4523 Y99.1365 Z-11.7333 F800
G1 X228.1785 Y99.1717 Z-11.7333 F800
G1 X232.8056 Y99.2028 Z-11.7333 F800
G1 X237.3167 Y99.2300 Z-11.7333 F800
G1 X241.6948 Y99.2534 Z-11.7333 F800
G1 X245.9230 Y99.2731 Z-11.7333 F800
G1 X249.9842 Y99.2894 Z-11.7333 F800
G1 X253.8616 Y99.3024 Z-11.7333 F800
G1 X257.5382 Y99.3122 Z-11.7333 F800
G1 X260.9970 Y99.3190 Z-11.7333 F800
G1 X264.2210 Y99.3230 Z-11.7333 F800
G1 X267.1934 Y99.3243 Z-11.7333 F800
G1 X269.8969 Y99.3230 Z-11.7333 F800
G1 X272.3147 Y99.3194 Z-11.7333 F800
G1 X274.4295 Y99.3136 Z-11.7333 F800
G1 X276.2242 Y99.3058 Z-11.7333 F800
G1 X277.6808 Y99.2960 Z-11.7333 F800
G1 X278.7802 Y99.2846 Z-11.7333 F800
G1 X279.3263 Y99.2750 Z-11.7333 F800
G1 X279.4757 Y99.0799 Z-11.7333 F800
G1 X279.7307 Y98.7069 Z-11.7333 F800
G1 X280.0283 Y98.2358 Z-11.7333 F800
G1 X280.3614 Y97.6769 Z-11.7333 F800
G1 X280.7257 Y97.0382 Z-11.7333 F800
G1 X281.1184 Y96.3260 Z-11.7333 F800
G1 X281.5371 Y95.5461 Z-11.7333 F800
G1 X281.9802 Y94.7036 Z-11.7333 F800
G1 X282.4458 Y93.8034 Z-11.7333 F800
G1 X282.9324 Y92.8503 Z-11.7333 F800
G1 X283.4388 Y91.8489 Z-11.7333 F800
G1 X283.9635 Y90.8037 Z-11.7333 F800
G1 X284.5051 Y89.7191 Z-11.7333 F800
G1 X285.0624 Y88.5997 Z-11.7333 F800
G1 X285.6342 Y87.4496 Z-11.7333 F800
G1 X286.2192 Y86.2729 Z-11.7333 F800
G1 X286.8153 Y85.0761 Z-11.7333 F800
G1 X286.8162 Y85.0743 Z-11.7333 F800
G1 X287.4226 Y83.8607 Z-11.7333 F800
G1 X287.4239 Y83.8582 Z-11.7333 F800
G1 X288.0392 Y82.6321 Z-11.7333 F800
G1 X288.0409 Y82.6287 Z-11.7333 F800
G1 X288.6641 Y81.3944 Z-11.7333 F800
G1 X288.6662 Y81.3902 Z-11.7333 F800
G1 X289.2960 Y80.1519 Z-11.7000 F800
G1 X289.2986 Y80.1469 Z-11.7000 F800
G1 X289.9337 Y78.9090 Z-11.7000 F800
G1 X289.9368 Y78.9031 Z-11.7000 F800
G1 X290.5761 Y77.6697 Z-11.7000 F800
G1 X290.5796 Y77.6629 Z-11.7000 F800
G1 X291.2218 Y76.4384 Z-11.7333 F800
G1 X291.2259 Y76.4307 Z-11.7333 F800
G1 X291.8699 Y75.2193 Z-11.7333 F800
G1 X291.8746 Y75.2104 Z-11.7333 F800
G1 X292.5190 Y74.0165 Z-11.7333 F800
G1 X292.5245 Y74.0064 Z-11.7333 F800
G1 X293.1681 Y72.8342 Z-11.7333 F800
G1 X293.1744 Y72.8228 Z-11.7333 F800
G1 X293.8161 Y71.6765 Z-11.7333 F800
G1 X293.8234 Y71.6636 Z-11.7333 F800
G1 X294.4618 Y70.5476 Z-11.7333 F800
G1 X294.4703 Y70.5330 Z-11.7333 F800
G1 X295.1043 Y69.4515 Z-11.7333 F800
G1 X295.1141 Y69.4350 Z-11.7333 F800
G1 X295.7426 Y68.3922 Z-11.7333 F800
G1 X295.7541 Y68.3734 Z-11.7333 F800
G1 X296.3756 Y67.3738 Z-11.7333 F800
G1 X296.3892 Y67.3523 Z-11.7333 F800
G1 X297.0026 Y66.4000 Z-11.7333 F800
G1 X297.0188 Y66.3754 Z-11.7333 F800
G1 X297.6230 Y65.4746 Z-11.7333 F800
G1 X297.6424 Y65.4463 Z-11.7333 F800
G1 X298.2360 Y64.6015 Z-11.7333 F800
G1 X298.2598 Y64.5686 Z-11.7333 F800
G1 X298.8416 Y63.7839 Z-11.7333 F800
G1 X298.8710 Y63.7455 Z-11.7333 F800
G1 X299.4399 Y63.0253 Z-11.7333 F800
G1 X299.4769 Y62.9802 Z-11.7333 F800
G1 X300.0315 Y62.3287 Z-11.7333 F800
G1 X300.0790 Y62.2754 Z-11.7333 F800
G1 X300.6183 Y61.6969 Z-11.7333 F800
G1 X300.6806 Y61.6336 Z-11.7333 F800
G1 X301.2032 Y61.1324 Z-11.7333 F800
G1 X301.2871 Y61.0575 Z-11.7333 F800
G1 X301.7918 Y60.6378 Z-11.7333 F800
G1 X301.9074 Y60.5503 Z-11.7333 F800
G1 X302.3930 Y60.2164 Z-11.7333 F800
G1 X302.5556 Y60.1184 Z-11.7333 F800
G1 X303.0209 Y59.8746 Z-11.7333 F800
G1 X303.1341 Y59.8209 Z-11.7333 F800
G1 X303.2511 Y59.7763 Z-11.7333 F800
G1 X303.6948 Y59.6269 Z-11.7333 F800
G1 X303.8512 Y59.5830 Z-11.7333 F800
G1 X304.0113 Y59.5553 Z-11.7333 F800
G1 X304.4323 Y59.5046 Z-11.7333 F800
G1 X304.6086 Y59.4932 Z-11.7333 F800
G1 X304.7852 Y59.5015 Z-11.7333 F800
G1 X305.1927 Y59.5436 Z-11.7333 F800
G1 X305.3451 Y59.5668 Z-11.7333 F800
G1 X305.4945 Y59.6047 Z-11.7333 F800
G1 X305.8988 Y59.7285 Z-11.7333 F800
G1 X306.0257 Y59.7733 Z-11.7333 F800
G1 X306.1483 Y59.8286 Z-11.7333 F800
G1 X306.5493 Y60.0306 Z-11.7333 F800
G1 X306.7419 Y60.1454 Z-11.7333 F800
G1 X307.1396 Y60.4221 Z-11.7333 F800
G1 X307.2833 Y60.5349 Z-11.7333 F800
G1 X307.6775 Y60.8828 Z-11.7333 F800
G1 X307.7837 Y60.9857 Z-11.7333 F800
G1 X308.1743 Y61.4013 Z-11.7333 F800
G1 X308.2532 Y61.4919 Z-11.7333 F800
G1 X308.6401 Y61.9716 Z-11.7333 F800
G1 X308.6994 Y62.0499 Z-11.7333 F800
G1 X309.0827 Y62.5903 Z-11.7333 F800
G1 X309.1279 Y62.6576 Z-11.7333 F800
G1 X309.5073 Y63.2551 Z-11.7333 F800
G1 X309.5424 Y63.3130 Z-11.7333 F800
G1 X309.9180 Y63.9641 Z-11.7333 F800
G1 X309.9455 Y64.0139 Z-11.7333 F800
G1 X310.3172 Y64.7152 Z-11.7333 F800
G1 X310.3392 Y64.7583 Z-11.7333 F800
G1 X310.7068 Y65.5061 Z-11.7333 F800
G1 X310.7246 Y65.5435 Z-11.7333 F800
G1 X311.0881 Y66.3345 Z-11.7333 F800
G1 X311.1026 Y66.3671 Z-11.7333 F800
G1 X311.4620 Y67.1976 Z-11.7333 F800
G1 X311.4739 Y67.2261 Z-11.7333 F800
G1 X311.8290 Y68.0927 Z-11.7333 F800
G1 X311.8390 Y68.1177 Z-11.7333 F800
G1 X312.1898 Y69.0169 Z-11.7333 F800
G1 X312.1981 Y69.0388 Z-11.7333 F800
G1 X312.5444 Y69.9671 Z-11.7333 F800
G1 X312.5515 Y69.9864 Z-11.7333 F800
G1 X312.8933 Y70.9402 Z-11.7333 F800
G1 X312.8993 Y70.9572 Z-11.7333 F800
G1 X313.2366 Y71.9330 Z-11.7333 F800
G1 X313.2417 Y71.9479 Z-11.7333 F800
G1 X313.5742 Y72.9422 Z-11.7333 F800
G1 X313.5786 Y72.9554 Z-11.7333 F800
G1 X313.9064 Y73.9646 Z-11.7333 F800
G1 X313.9101 Y73.9761 Z-11.7333 F800
G1 X314.2331 Y74.9969 Z-11.7333 F800
G1 X314.2362 Y75.0068 Z-11.7333 F800
G1 X314.5544 Y76.0355 Z-11.7333 F800
G1 X314.5570 Y76.0441 Z-11.7333 F800
G1 X314.8702 Y77.0773 Z-11.7333 F800
G1 X314.8723 Y77.0845 Z-11.7333 F800
G1 X315.1804 Y78.1186 Z-11.7333 F800
G1 X315.1822 Y78.1245 Z-11.7333 F800
G1 X315.4852 Y79.1561 Z-11.7333 F800
G1 X315.4865 Y79.1608 Z-11.7333 F800
G1 X315.7843 Y80.1863 Z-11.7333 F800
G1 X315.7853 Y80.1898 Z-11.7333 F800
G1 X316.0778 Y81.2057 Z-11.7333 F800
G1 X316.0785 Y81.2079 Z-11.7333 F800
G1 X316.3659 Y82.2117 Z-11.7333 F800
G1 X316.6475 Y83.1977 Z-11.7333 F800
G1 X316.9233 Y84.1628 Z-11.7333 F800
G1 X317.1932 Y85.1027 Z-11.7333 F800
G1 X317.4569 Y86.0139 Z-11.7333 F800
G1 X317.7142 Y86.8926 Z-11.7333 F800
G1 X317.9651 Y87.7351 Z-11.7333 F800
G1 X318.2093 Y88.5374 Z-11.7333 F800
G1 X318.4465 Y89.2956 Z-11.7333 F800
G1 X318.6762 Y90.0055 Z-11.7333 F800
G1 X318.8981 Y90.6626 Z-11.7333 F800
G1 X319.1113 Y91.2622 Z-11.7333 F800
G1 X319.3145 Y91.7987 Z-11.7333 F800
G1 X319.5059 Y92.2657 Z-11.7333 F800
G1 X319.6819 Y92.6551 Z-11.7333 F800
G1 X319.8361 Y92.9561 Z-11.7333 F800
G1 X319.9097 Y93.0779 Z-11.7333 F800
G1 X320.0416 Y93.1045 Z-11.7333 F800
G1 X320.4767 Y93.1851 Z-11.7333 F800
G1 X321.0256 Y93.2814 Z-11.7333 F800
G1 X321.6793 Y93.3920 Z-11.7333 F800
G1 X322.4311 Y93.5158 Z-11.7333 F800
G1 X323.2748 Y93.6519 Z-11.7333 F800
G1 X324.2048 Y93.7996 Z-11.7333 F800
G1 X325.2156 Y93.9580 Z-11.7333 F800
G1 X326.3018 Y94.1263 Z-11.7333 F800
G1 X327.4580 Y94.3040 Z-11.7333 F800
G1 X328.6789 Y94.4901 Z-11.7333 F800
G1 X329.9592 Y94.6840 Z-11.7333 F800
G1 X331.2937 Y94.8849 Z-11.7333 F800
G1 X332.6770 Y95.0922 Z-11.7333 F800
G1 X334.1041 Y95.3050 Z-11.7333 F800
G1 X335.5695 Y95.5227 Z-11.7333 F800
G1 X337.0682 Y95.7445 Z-11.7333 F800
G1 X338.5947 Y95.9698 Z-11.7333 F800
G1 X340.1440 Y96.1977 Z-11.7333 F800
G1 X341.7107 Y96.4275 Z-11.7333 F800
G1 X343.2897 Y96.6586 Z-11.7333 F800
G1 X344.8757 Y96.8902 Z-11.7333 F800
G1 X346.4635 Y97.1216 Z-11.7333 F800
G1 X348.0479 Y97.3521 Z-11.7333 F800
G1 X349.6235 Y97.5808 Z-11.7333 F800
G1 X351.1853 Y97.8072 Z-11.7333 F800
G1 X352.7280 Y98.0305 Z-11.7333 F800
G1 X354.2464 Y98.2499 Z-11.7333 F800
G1 X355.7351 Y98.4648 Z-11.7333 F800
G1 X357.1891 Y98.6744 Z-11.7333 F800
G1 X358.6031 Y98.8780 Z-11.7333 F800
G1 X359.9718 Y99.0748 Z-11.7333 F800
G1 X361.2901 Y99.2642 Z-11.7333 F800
G1 X362.5527 Y99.4454 Z-11.7333 F800
G1 X363.7544 Y99.6177 Z-11.7333 F800
G1 X364.8899 Y99.7804 Z-11.7333 F800
G1 X365.9541 Y99.9327 Z-11.7333 F800
G1 X366.9418 Y100.0740 Z-11.7333 F800
G1 X367.8476 Y100.2034 Z-11.7333 F800
G1 X368.6664 Y100.3204 Z-11.7333 F800
G1 X368.7440 Y100.3314 Z-11.7333 F800
G1 X368.5083 Y99.7168 Z-11.7333 F800
G1 X367.9973 Y98.4060 Z-11.7333 F800
G1 X367.3924 Y96.8955 Z-11.7333 F800
G1 X366.6881 Y95.1948 Z-11.7333 F800
G1 X365.8793 Y93.3142 Z-11.7333 F800
G1 X364.9611 Y91.2644 Z-11.7333 F800
G1 X363.9284 Y89.0562 Z-11.7333 F800
G1 X362.7763 Y86.7004 Z-11.7333 F800
G1 X361.4999 Y84.2080 Z-11.7333 F800
G1 X360.0943 Y81.5900 Z-11.7333 F800
G1 X358.5547 Y78.8573 Z-11.7333 F800
G1 X356.8761 Y76.0210 Z-11.7333 F800
G1 X355.0537 Y73.0921 Z-11.7333 F800
G1 X353.0826 Y70.0815 Z-11.7333 F800
G1 X350.9580 Y67.0004 Z-11.7333 F800
G1 X348.6750 Y63.8596 Z-11.7333 F800
G1 X346.2287 Y60.6702 Z-11.7333 F800
G1 X343.6142 Y57.4432 Z-11.7333 F800
G1 X340.8267 Y54.1895 Z-11.7333 F800
G1 X337.8612 Y50.9202 Z-11.7333 F800
G1 X334.7130 Y47.6461 Z-11.7333 F800
G1 X331.3769 Y44.3782 Z-11.7333 F800
G1 X327.8482 Y41.1276 Z-11.7333 F800
G1 X324.1219 Y37.9050 Z-11.7333 F800
G1 X320.1929 Y34.7214 Z-11.7333 F800
G1 X316.0564 Y31.5878 Z-11.7333 F800
G1 X311.7073 Y28.5151 Z-11.7333 F800
G1 X307.1406 Y25.5142 Z-11.7000 F800
G1 X302.3513 Y22.5960 Z-11.7333 F800
G1 X297.3343 Y19.7715 Z-11.7333 F800
G1 X292.0844 Y17.0516 Z-11.7333 F800
G1 X286.5967 Y14.4474 Z-11.7333 F800
G1 X280.8659 Y11.9697 Z-11.7333 F800
G1 X274.8870 Y9.6296 Z-11.7333 F800
G1 X268.6549 Y7.4382 Z-11.7333 F800
G1 X262.1643 Y5.4064 Z-11.7333 F800
G1 X255.4102 Y3.5454 Z-11.7333 F800
G1 X248.3875 Y1.8662 Z-11.7333 F800
G1 X241.0909 Y0.3800 Z-11.7333 F800
G1 X233.5155 Y-0.9021 Z-11.7333 F800
G1 X225.6561 Y-1.9690 Z-11.7333 F800
G1 X217.5077 Y-2.8096 Z-11.7333 F800
G1 X209.0651 Y-3.4125 Z-11.7333 F800
G1 X200.3226 Y-3.7668 Z-11.7333 F800
G1 X191.5754 Y-3.8658 Z-11.7333 F800
G1 X183.1208 Y-3.7177 Z-11.7333 F800
G1 X174.9549 Y-3.3329 Z-11.7333 F800
G1 X167.0731 Y-2.7218 Z-11.7333 F800
G1 X159.4706 Y-1.8949 Z-11.7333 F800
G1 X152.1427 Y-0.8627 Z-11.7333 F800
G1 X145.0848 Y0.3645 Z-11.7333 F800
G1 X138.2921 Y1.7762 Z-11.7333 F800
G1 X131.7599 Y3.3619 Z-11.7333 F800
G1 X125.4833 Y5.1113 Z-11.7333 F800
G1 X119.4578 Y7.0140 Z-11.7333 F800
G1 X113.6785 Y9.0597 Z-11.7333 F800
G1 X108.1405 Y11.2380 Z-11.7333 F800
G1 X102.8393 Y13.5386 Z-11.7333 F800
G1 X97.7700 Y15.9512 Z-11.7333 F800
G1 X92.9278 Y18.4656 Z-11.7333 F800
G1 X88.3080 Y21.0714 Z-11.7333 F800
G1 X83.9060 Y23.7583 Z-11.7333 F800
G1 X79.7169 Y26.5163 Z-11.7333 F800
G1 X75.7362 Y29.3350 Z-11.7333 F800
G1 X71.9590 Y32.2042 Z-11.7333 F800
G1 X68.3808 Y35.1137 Z-11.7333 F800
G1 X64.9970 Y38.0533 Z-11.7333 F800
G1 X61.8029 Y41.0128 Z-11.7333 F800
G1 X58.7939 Y43.9819 Z-11.7333 F800
G1 X55.9655 Y46.9503 Z-11.7333 F800
G1 X53.3130 Y49.9079 Z-11.7333 F800
G1 X50.8320 Y52.8444 Z-11.7333 F800
G1 X48.5179 Y55.7495 Z-11.7333 F800
G1 X46.3662 Y58.6129 Z-11.7333 F800
G1 X44.3723 Y61.4244 Z-11.7333 F800
G1 X42.5317 Y64.1735 Z-11.7333 F800
G1 X40.8400 Y66.8501 Z-11.7333 F800
G1 X39.2926 Y69.4436 Z-11.7333 F800
G1 X37.8851 Y71.9438 Z-11.7333 F800
G1 X36.6129 Y74.3402 Z-11.7333 F800
G1 X35.4716 Y76.6224 Z-11.7333 F800
G1 X34.4567 Y78.7799 Z-11.7333 F800
G1 X33.5638 Y80.8020 Z-11.7333 F800
G1 X32.7884 Y82.6782 Z-11.7333 F800
G1 X32.1260 Y84.3975 Z-11.7333 F800
G1 X31.5724 Y85.9488 Z-11.7333 F800
G1 X31.1232 Y87.3203 Z-11.7333 F800
G1 X30.7743 Y88.4993 Z-11.7333 F800
G1 X30.5219 Y89.4701 Z-11.7333 F800
G1 X30.3700 Y90.1759 Z-11.7333 F800
G0 Z5.000
( -- pass 9/9, target Z=-13.2000 -- )
G0 X30.3700 Y90.1759 Z5.0000
G1 Z-13.2000 F300
G1 X30.4668 Y90.1965 Z-13.2000 F800
G1 X30.9531 Y90.2595 Z-13.2000 F800
G1 X31.5561 Y90.3026 Z-13.2000 F800
G1 X32.2614 Y90.3228 Z-13.2000 F800
G1 X33.0581 Y90.3193 Z-13.2000 F800
G1 X33.9380 Y90.2925 Z-13.2000 F800
G1 X34.8936 Y90.2433 Z-13.2000 F800
G1 X35.9188 Y90.1729 Z-13.2000 F800
G1 X37.0076 Y90.0824 Z-13.2000 F800
G1 X38.1546 Y89.9732 Z-13.2000 F800
G1 X39.3543 Y89.8467 Z-13.2000 F800
G1 X40.6017 Y89.7041 Z-13.2000 F800
G1 X41.8917 Y89.5468 Z-13.2000 F800
G1 X43.2194 Y89.3763 Z-13.2000 F800
G1 X44.5799 Y89.1940 Z-13.2000 F800
G1 X45.9684 Y89.0011 Z-13.2000 F800
G1 X47.3801 Y88.7991 Z-13.2000 F800
G1 X48.8101 Y88.5894 Z-13.2000 F800
G1 X50.2538 Y88.3733 Z-13.2000 F800
G1 X51.7064 Y88.1523 Z-13.2000 F800
G1 X53.1631 Y87.9277 Z-13.2000 F800
G1 X54.6194 Y87.7009 Z-13.2000 F800
G1 X56.0705 Y87.4733 Z-13.2000 F800
G1 X57.5117 Y87.2462 Z-13.2000 F800
G1 X58.9386 Y87.0211 Z-13.2000 F800
G1 X60.3464 Y86.7993 Z-13.2000 F800
G1 X61.7287 Y86.5824 Z-13.2000 F800
G1 X61.7305 Y86.5821 Z-13.2000 F800
G1 X63.0836 Y86.3714 Z-13.2000 F800
G1 X63.0863 Y86.3710 Z-13.2000 F800
G1 X64.4055 Y86.1679 Z-13.2000 F800
G1 X64.4091 Y86.1674 Z-13.2000 F800
G1 X65.6897 Y85.9733 Z-13.2000 F800
G1 X65.6944 Y85.9726 Z-13.2000 F800
G1 X66.9318 Y85.7888 Z-13.2000 F800
G1 X66.9378 Y85.7879 Z-13.2000 F800
G1 X68.1273 Y85.6158 Z-13.2000 F800
G1 X68.1347 Y85.6148 Z-13.2000 F800
G1 X69.2717 Y85.4558 Z-13.2000 F800
G1 X69.2810 Y85.4545 Z-13.2000 F800
G1 X70.3607 Y85.3101 Z-13.2000 F800
G1 X70.3722 Y85.3086 Z-13.2000 F800
G1 X71.3900 Y85.1800 Z-13.2000 F800
G1 X71.4044 Y85.1782 Z-13.2000 F800
G1 X72.3557 Y85.0668 Z-13.2000 F800
G1 X72.3739 Y85.0648 Z-13.2000 F800
G1 X73.2539 Y84.9721 Z-13.2000 F800
G1 X73.2772 Y84.9698 Z-13.2000 F800
G1 X74.0813 Y84.8970 Z-13.2000 F800
G1 X74.1119 Y84.8946 Z-13.2000 F800
G1 X74.8354 Y84.8432 Z-13.2000 F800
G1 X74.8768 Y84.8408 Z-13.2000 F800
G1 X75.5150 Y84.8122 Z-13.2000 F800
G1 X75.5732 Y84.8107 Z-13.2000 F800
G1 X76.1215 Y84.8063 Z-13.2000 F800
G1 X76.2081 Y84.8079 Z-13.2000 F800
G1 X76.6618 Y84.8290 Z-13.2000 F800
G1 X76.8012 Y84.8417 Z-13.2000 F800
G1 X77.1557 Y84.8897 Z-13.2000 F800
G1 X77.2289 Y84.9027 Z-13.2000 F800
G1 X77.3056 Y84.8288 Z-13.2000 F800
G1 X77.5450 Y84.5570 Z-13.2000 F800
G1 X77.8271 Y84.1959 Z-13.2000 F800
G1 X78.1418 Y83.7549 Z-13.2000 F800
G1 X78.4830 Y83.2416 Z-13.2000 F800
G1 X78.8468 Y82.6625 Z-13.2000 F800
G1 X79.2307 Y82.0230 Z-13.2000 F800
G1 X79.6325 Y81.3283 Z-13.2000 F800
G1 X80.0507 Y80.5831 Z-13.2000 F800
G1 X80.4839 Y79.7918 Z-13.2000 F800
G1 X80.9310 Y78.9586 Z-13.2000 F800
G1 X81.3909 Y78.0877 Z-13.2000 F800
G1 X81.8625 Y77.1831 Z-13.2000 F800
G1 X82.3450 Y76.2487 Z-13.2000 F800
G1 X82.8375 Y75.2886 Z-13.2000 F800
G1 X83.3390 Y74.3064 Z-13.2000 F800
G1 X83.8489 Y73.3061 Z-13.2000 F800
G1 X84.3664 Y72.2908 Z-13.2000 F800
G1 X84.8892 Y71.2676 Z-13.2000 F800
G1 X84.8905 Y71.2650 Z-13.2000 F800
G1 X85.4186 Y70.2361 Z-13.2000 F800
G1 X85.4205 Y70.2324 Z-13.2000 F800
G1 X85.9530 Y69.2016 Z-13.2000 F800
G1 X85.9555 Y69.1967 Z-13.2000 F800
G1 X86.4916 Y68.1677 Z-13.2000 F800
G1 X86.4949 Y68.1615 Z-13.2000 F800
G1 X87.0338 Y67.1382 Z-13.2000 F800
G1 X87.0378 Y67.1307 Z-13.2000 F800
G1 X87.5788 Y66.1166 Z-13.2000 F800
G1 X87.5836 Y66.1077 Z-13.2000 F800
G1 X88.1258 Y65.1067 Z-13.2000 F800
G1 X88.1315 Y65.0963 Z-13.2000 F800
G1 X88.6742 Y64.1120 Z-13.2000 F800
G1 X88.6810 Y64.1000 Z-13.2000 F800
G1 X89.2234 Y63.1363 Z-13.2000 F800
G1 X89.2313 Y63.1223 Z-13.2000 F800
G1 X89.7726 Y62.1829 Z-13.2000 F800
G1 X89.7819 Y62.1669 Z-13.2000 F800
G1 X90.3213 Y61.2555 Z-13.2000 F800
G1 X90.3323 Y61.2372 Z-13.2000 F800
G1 X90.8690 Y60.3575 Z-13.2000 F800
G1 X90.8820 Y60.3365 Z-13.2000 F800
G1 X91.4153 Y59.4923 Z-13.2000 F800
G1 X91.4308 Y59.4683 Z-13.2000 F800
G1 X91.9598 Y58.6632 Z-13.2000 F800
G1 X91.9783 Y58.6356 Z-13.2000 F800
G1 X92.5022 Y57.8735 Z-13.2000 F800
G1 X92.5246 Y57.8417 Z-13.2000 F800
G1 X93.0427 Y57.1263 Z-13.2000 F800
G1 X93.0701 Y57.0896 Z-13.2000 F800
G1 X93.5816 Y56.4246 Z-13.2000 F800
G1 X93.6155 Y56.3820 Z-13.2000 F800
G1 X94.1195 Y55.7711 Z-13.2000 F800
G1 X94.1621 Y55.7217 Z-13.2000 F800
G1 X94.6579 Y55.1687 Z-13.2000 F800
G1 X94.7121 Y55.1111 Z-13.2000 F800
G1 X95.1990 Y54.6197 Z-13.2000 F800
G1 X95.2693 Y54.5530 Z-13.2000 F800
G1 X95.7463 Y54.1269 Z-13.2000 F800
G1 X95.8390 Y54.0503 Z-13.2000 F800
G1 X96.3055 Y53.6933 Z-13.2000 F800
G1 X96.4295 Y53.6074 Z-13.2000 F800
G1 X96.8846 Y53.3233 Z-13.2000 F800
G1 X97.0517 Y53.2324 Z-13.2000 F800
G1 X97.4947 Y53.0248 Z-13.2000 F800
G1 X97.6046 Y52.9782 Z-13.2000 F800
G1 X97.7177 Y52.9401 Z-13.2000 F800
G1 X98.1478 Y52.8128 Z-13.2000 F800
G1 X98.2897 Y52.7778 Z-13.2000 F800
G1 X98.4343 Y52.7560 Z-13.2000 F800
G1 X98.8505 Y52.7127 Z-13.2000 F800
G1 X99.0279 Y52.7043 Z-13.2000 F800
G1 X99.2050 Y52.7157 Z-13.2000 F800
G1 X99.6228 Y52.7662 Z-13.2000 F800
G1 X99.7866 Y52.7947 Z-13.2000 F800
G1 X99.9465 Y52.8402 Z-13.2000 F800
G1 X100.3809 Y52.9889 Z-13.2000 F800
G1 X100.5031 Y53.0364 Z-13.2000 F800
G1 X100.6208 Y53.0939 Z-13.2000 F800
G1 X101.0708 Y53.3367 Z-13.2000 F800
G1 X101.2418 Y53.4435 Z-13.2000 F800
G1 X101.7062 Y53.7764 Z-13.2000 F800
G1 X101.8279 Y53.8730 Z-13.2000 F800
G1 X102.3057 Y54.2920 Z-13.2000 F800
G1 X102.3938 Y54.3753 Z-13.2000 F800
G1 X102.8840 Y54.8763 Z-13.2000 F800
G1 X102.9492 Y54.9471 Z-13.2000 F800
G1 X103.4508 Y55.5259 Z-13.2000 F800
G1 X103.5002 Y55.5859 Z-13.2000 F800
G1 X104.0120 Y56.2386 Z-13.2000 F800
G1 X104.0504 Y56.2897 Z-13.2000 F800
G1 X104.5713 Y57.0121 Z-13.2000 F800
G1 X104.6017 Y57.0559 Z-13.2000 F800
G1 X105.1307 Y57.8440 Z-13.2000 F800
G1 X105.1553 Y57.8818 Z-13.2000 F800
G1 X105.6913 Y58.7316 Z-13.2000 F800
G1 X105.7115 Y58.7645 Z-13.2000 F800
G1 X106.2534 Y59.6718 Z-13.2000 F800
G1 X106.2702 Y59.7007 Z-13.2000 F800
G1 X106.8171 Y60.6615 Z-13.2000 F800
G1 X106.8313 Y60.6870 Z-13.2000 F800
G1 X107.3820 Y61.6973 Z-13.2000 F800
G1 X107.3941 Y61.7200 Z-13.2000 F800
G1 X107.9476 Y62.7757 Z-13.2000 F800
G1 X107.9580 Y62.7960 Z-13.2000 F800
G1 X108.5132 Y63.8930 Z-13.2000 F800
G1 X108.5223 Y63.9113 Z-13.2000 F800
G1 X109.0780 Y65.0456 Z-13.2000 F800
G1 X109.0860 Y65.0622 Z-13.2000 F800
G1 X109.6414 Y66.2297 Z-11.7000 F800
G1 X109.6485 Y66.2448 Z-11.7000 F800
G1 X110.2023 Y67.4414 Z-11.7000 F800
G1 X110.2087 Y67.4552 Z-11.7000 F800
G1 X110.7599 Y68.6769 Z-11.7000 F800
G1 X110.7656 Y68.6896 Z-11.7000 F800
G1 X111.3133 Y69.9323 Z-13.2000 F800
G1 X111.3184 Y69.9441 Z-13.2000 F800
G1 X111.8614 Y71.2037 Z-13.2000 F800
G1 X111.8661 Y71.2146 Z-13.2000 F800
G1 X112.4033 Y72.4871 Z-13.2000 F800
G1 X112.4075 Y72.4973 Z-13.2000 F800
G1 X112.9379 Y73.7786 Z-13.2000 F800
G1 X112.9419 Y73.7882 Z-13.2000 F800
G1 X113.4643 Y75.0742 Z-13.2000 F800
G1 X113.4680 Y75.0833 Z-13.2000 F800
G1 X113.9815 Y76.3699 Z-13.2000 F800
G1 X113.9849 Y76.3786 Z-13.2000 F800
G1 X114.4884 Y77.6618 Z-13.2000 F800
G1 X114.4916 Y77.6700 Z-13.2000 F800
G1 X114.9840 Y78.9458 Z-13.2000 F800
G1 X114.9870 Y78.9537 Z-13.2000 F800
G1 X115.4673 Y80.2180 Z-13.2000 F800
G1 X115.4701 Y80.2256 Z-13.2000 F800
G1 X115.9372 Y81.4743 Z-13.2000 F800
G1 X115.9399 Y81.4817 Z-13.2000 F800
G1 X116.3927 Y82.7107 Z-13.2000 F800
G1 X116.3953 Y82.7179 Z-13.2000 F800
G1 X116.8327 Y83.9232 Z-13.2000 F800
G1 X116.8352 Y83.9304 Z-13.2000 F800
G1 X117.2562 Y85.1079 Z-13.2000 F800
G1 X117.2587 Y85.1150 Z-13.2000 F800
G1 X117.6622 Y86.2607 Z-13.2000 F800
G1 X117.6647 Y86.2678 Z-13.2000 F800
G1 X118.0496 Y87.3775 Z-13.2000 F800
G1 X118.0521 Y87.3847 Z-13.2000 F800
G1 X118.4175 Y88.4545 Z-13.2000 F800
G1 X118.4200 Y88.4620 Z-13.2000 F800
G1 X118.7646 Y89.4877 Z-13.2000 F800
G1 X118.7672 Y89.4955 Z-13.2000 F800
G1 X119.0901 Y90.4731 Z-13.2000 F800
G1 X119.0928 Y90.4813 Z-13.2000 F800
G1 X119.3929 Y91.4068 Z-13.2000 F800
G1 X119.3957 Y91.4157 Z-13.2000 F800
G1 X119.6720 Y92.2849 Z-13.2000 F800
G1 X119.6751 Y92.2948 Z-13.2000 F800
G1 X119.9263 Y93.1037 Z-13.2000 F800
G1 X119.9298 Y93.1150 Z-13.2000 F800
G1 X120.1551 Y93.8595 Z-13.2000 F800
G1 X120.1590 Y93.8727 Z-13.2000 F800
G1 X120.3572 Y94.5489 Z-13.2000 F800
G1 X120.3618 Y94.5649 Z-13.2000 F800
G1 X120.5319 Y95.1686 Z-13.2000 F800
G1 X120.5375 Y95.1892 Z-13.2000 F800
G1 X120.6784 Y95.7163 Z-13.2000 F800
G1 X120.6856 Y95.7445 Z-13.2000 F800
G1 X120.7826 Y96.1360 Z-13.2000 F800
G1 X121.5117 Y96.2860 Z-13.2000 F800
G1 X122.7972 Y96.4729 Z-13.2000 F800
G1 X124.4530 Y96.6572 Z-13.2000 F800
G1 X126.4477 Y96.8357 Z-13.2000 F800
G1 X128.7581 Y97.0073 Z-13.2000 F800
G1 X131.3643 Y97.1718 Z-13.2000 F800
G1 X134.2475 Y97.3290 Z-13.2000 F800
G1 X137.3897 Y97.4790 Z-13.2000 F800
G1 X140.7735 Y97.6219 Z-13.2000 F800
G1 X144.3814 Y97.7577 Z-13.2000 F800
G1 X148.1961 Y97.8867 Z-13.2000 F800
G1 X152.2005 Y98.0089 Z-13.2000 F800
G1 X156.3775 Y98.1245 Z-13.2000 F800
G1 X160.7100 Y98.2337 Z-13.2000 F800
G1 X165.1811 Y98.3365 Z-13.2000 F800
G1 X169.7736 Y98.4333 Z-13.2000 F800
G1 X174.4705 Y98.5240 Z-13.2000 F800
G1 X179.2550 Y98.6089 Z-13.2000 F800
G1 X184.1100 Y98.6881 Z-13.2000 F800
G1 X189.0185 Y98.7618 Z-13.2000 F800
G1 X193.9636 Y98.8302 Z-13.2000 F800
G1 X198.9283 Y98.8933 Z-13.2000 F800
G1 X203.8956 Y98.9514 Z-13.2000 F800
G1 X208.8487 Y99.0046 Z-13.2000 F800
G1 X213.7704 Y99.0531 Z-13.2000 F800
G1 X218.6439 Y99.0970 Z-13.2000 F800
G1 X223.4523 Y99.1365 Z-13.2000 F800
G1 X228.1785 Y99.1717 Z-13.2000 F800
G1 X232.8056 Y99.2028 Z-13.2000 F800
G1 X237.3167 Y99.2300 Z-13.2000 F800
G1 X241.6948 Y99.2534 Z-13.2000 F800
G1 X245.9230 Y99.2731 Z-13.2000 F800
G1 X249.9842 Y99.2894 Z-13.2000 F800
G1 X253.8616 Y99.3024 Z-13.2000 F800
G1 X257.5382 Y99.3122 Z-13.2000 F800
G1 X260.9970 Y99.3190 Z-13.2000 F800
G1 X264.2210 Y99.3230 Z-13.2000 F800
G1 X267.1934 Y99.3243 Z-13.2000 F800
G1 X269.8969 Y99.3230 Z-13.2000 F800
G1 X272.3147 Y99.3194 Z-13.2000 F800
G1 X274.4295 Y99.3136 Z-13.2000 F800
G1 X276.2242 Y99.3058 Z-13.2000 F800
G1 X277.6808 Y99.2960 Z-13.2000 F800
G1 X278.7802 Y99.2846 Z-13.2000 F800
G1 X279.3263 Y99.2750 Z-13.2000 F800
G1 X279.4757 Y99.0799 Z-13.2000 F800
G1 X279.7307 Y98.7069 Z-13.2000 F800
G1 X280.0283 Y98.2358 Z-13.2000 F800
G1 X280.3614 Y97.6769 Z-13.2000 F800
G1 X280.7257 Y97.0382 Z-13.2000 F800
G1 X281.1184 Y96.3260 Z-13.2000 F800
G1 X281.5371 Y95.5461 Z-13.2000 F800
G1 X281.9802 Y94.7036 Z-13.2000 F800
G1 X282.4458 Y93.8034 Z-13.2000 F800
G1 X282.9324 Y92.8503 Z-13.2000 F800
G1 X283.4388 Y91.8489 Z-13.2000 F800
G1 X283.9635 Y90.8037 Z-13.2000 F800
G1 X284.5051 Y89.7191 Z-13.2000 F800
G1 X285.0624 Y88.5997 Z-13.2000 F800
G1 X285.6342 Y87.4496 Z-13.2000 F800
G1 X286.2192 Y86.2729 Z-13.2000 F800
G1 X286.8153 Y85.0761 Z-13.2000 F800
G1 X286.8162 Y85.0743 Z-13.2000 F800
G1 X287.4226 Y83.8607 Z-13.2000 F800
G1 X287.4239 Y83.8582 Z-13.2000 F800
G1 X288.0392 Y82.6321 Z-13.2000 F800
G1 X288.0409 Y82.6287 Z-13.2000 F800
G1 X288.6641 Y81.3944 Z-13.2000 F800
G1 X288.6662 Y81.3902 Z-13.2000 F800
G1 X289.2960 Y80.1519 Z-11.7000 F800
G1 X289.2986 Y80.1469 Z-11.7000 F800
G1 X289.9337 Y78.9090 Z-11.7000 F800
G1 X289.9368 Y78.9031 Z-11.7000 F800
G1 X290.5761 Y77.6697 Z-11.7000 F800
G1 X290.5796 Y77.6629 Z-11.7000 F800
G1 X291.2218 Y76.4384 Z-13.2000 F800
G1 X291.2259 Y76.4307 Z-13.2000 F800
G1 X291.8699 Y75.2193 Z-13.2000 F800
G1 X291.8746 Y75.2104 Z-13.2000 F800
G1 X292.5190 Y74.0165 Z-13.2000 F800
G1 X292.5245 Y74.0064 Z-13.2000 F800
G1 X293.1681 Y72.8342 Z-13.2000 F800
G1 X293.1744 Y72.8228 Z-13.2000 F800
G1 X293.8161 Y71.6765 Z-13.2000 F800
G1 X293.8234 Y71.6636 Z-13.2000 F800
G1 X294.4618 Y70.5476 Z-13.2000 F800
G1 X294.4703 Y70.5330 Z-13.2000 F800
G1 X295.1043 Y69.4515 Z-13.2000 F800
G1 X295.1141 Y69.4350 Z-13.2000 F800
G1 X295.7426 Y68.3922 Z-13.2000 F800
G1 X295.7541 Y68.3734 Z-13.2000 F800
G1 X296.3756 Y67.3738 Z-13.2000 F800
G1 X296.3892 Y67.3523 Z-13.2000 F800
G1 X297.0026 Y66.4000 Z-13.2000 F800
G1 X297.0188 Y66.3754 Z-13.2000 F800
G1 X297.6230 Y65.4746 Z-13.2000 F800
G1 X297.6424 Y65.4463 Z-13.2000 F800
G1 X298.2360 Y64.6015 Z-13.2000 F800
G1 X298.2598 Y64.5686 Z-13.2000 F800
G1 X298.8416 Y63.7839 Z-13.2000 F800
G1 X298.8710 Y63.7455 Z-13.2000 F800
G1 X299.4399 Y63.0253 Z-13.2000 F800
G1 X299.4769 Y62.9802 Z-13.2000 F800
G1 X300.0315 Y62.3287 Z-13.2000 F800
G1 X300.0790 Y62.2754 Z-13.2000 F800
G1 X300.6183 Y61.6969 Z-13.2000 F800
G1 X300.6806 Y61.6336 Z-13.2000 F800
G1 X301.2032 Y61.1324 Z-13.2000 F800
G1 X301.2871 Y61.0575 Z-13.2000 F800
G1 X301.7918 Y60.6378 Z-13.2000 F800
G1 X301.9074 Y60.5503 Z-13.2000 F800
G1 X302.3930 Y60.2164 Z-13.2000 F800
G1 X302.5556 Y60.1184 Z-13.2000 F800
G1 X303.0209 Y59.8746 Z-13.2000 F800
G1 X303.1341 Y59.8209 Z-13.2000 F800
G1 X303.2511 Y59.7763 Z-13.2000 F800
G1 X303.6948 Y59.6269 Z-13.2000 F800
G1 X303.8512 Y59.5830 Z-13.2000 F800
G1 X304.0113 Y59.5553 Z-13.2000 F800
G1 X304.4323 Y59.5046 Z-13.2000 F800
G1 X304.6086 Y59.4932 Z-13.2000 F800
G1 X304.7852 Y59.5015 Z-13.2000 F800
G1 X305.1927 Y59.5436 Z-13.2000 F800
G1 X305.3451 Y59.5668 Z-13.2000 F800
G1 X305.4945 Y59.6047 Z-13.2000 F800
G1 X305.8988 Y59.7285 Z-13.2000 F800
G1 X306.0257 Y59.7733 Z-13.2000 F800
G1 X306.1483 Y59.8286 Z-13.2000 F800
G1 X306.5493 Y60.0306 Z-13.2000 F800
G1 X306.7419 Y60.1454 Z-13.2000 F800
G1 X307.1396 Y60.4221 Z-13.2000 F800
G1 X307.2833 Y60.5349 Z-13.2000 F800
G1 X307.6775 Y60.8828 Z-13.2000 F800
G1 X307.7837 Y60.9857 Z-13.2000 F800
G1 X308.1743 Y61.4013 Z-13.2000 F800
G1 X308.2532 Y61.4919 Z-13.2000 F800
G1 X308.6401 Y61.9716 Z-13.2000 F800
G1 X308.6994 Y62.0499 Z-13.2000 F800
G1 X309.0827 Y62.5903 Z-13.2000 F800
G1 X309.1279 Y62.6576 Z-13.2000 F800
G1 X309.5073 Y63.2551 Z-13.2000 F800
G1 X309.5424 Y63.3130 Z-13.2000 F800
G1 X309.9180 Y63.9641 Z-13.2000 F800
G1 X309.9455 Y64.0139 Z-13.2000 F800
G1 X310.3172 Y64.7152 Z-13.2000 F800
G1 X310.3392 Y64.7583 Z-13.2000 F800
G1 X310.7068 Y65.5061 Z-13.2000 F800
G1 X310.7246 Y65.5435 Z-13.2000 F800
G1 X311.0881 Y66.3345 Z-13.2000 F800
G1 X311.1026 Y66.3671 Z-13.2000 F800
G1 X311.4620 Y67.1976 Z-13.2000 F800
G1 X311.4739 Y67.2261 Z-13.2000 F800
G1 X311.8290 Y68.0927 Z-13.2000 F800
G1 X311.8390 Y68.1177 Z-13.2000 F800
G1 X312.1898 Y69.0169 Z-13.2000 F800
G1 X312.1981 Y69.0388 Z-13.2000 F800
G1 X312.5444 Y69.9671 Z-13.2000 F800
G1 X312.5515 Y69.9864 Z-13.2000 F800
G1 X312.8933 Y70.9402 Z-13.2000 F800
G1 X312.8993 Y70.9572 Z-13.2000 F800
G1 X313.2366 Y71.9330 Z-13.2000 F800
G1 X313.2417 Y71.9479 Z-13.2000 F800
G1 X313.5742 Y72.9422 Z-13.2000 F800
G1 X313.5786 Y72.9554 Z-13.2000 F800
G1 X313.9064 Y73.9646 Z-13.2000 F800
G1 X313.9101 Y73.9761 Z-13.2000 F800
G1 X314.2331 Y74.9969 Z-13.2000 F800
G1 X314.2362 Y75.0068 Z-13.2000 F800
G1 X314.5544 Y76.0355 Z-13.2000 F800
G1 X314.5570 Y76.0441 Z-13.2000 F800
G1 X314.8702 Y77.0773 Z-13.2000 F800
G1 X314.8723 Y77.0845 Z-13.2000 F800
G1 X315.1804 Y78.1186 Z-13.2000 F800
G1 X315.1822 Y78.1245 Z-13.2000 F800
G1 X315.4852 Y79.1561 Z-13.2000 F800
G1 X315.4865 Y79.1608 Z-13.2000 F800
G1 X315.7843 Y80.1863 Z-13.2000 F800
G1 X315.7853 Y80.1898 Z-13.2000 F800
G1 X316.0778 Y81.2057 Z-13.2000 F800
G1 X316.0785 Y81.2079 Z-13.2000 F800
G1 X316.3659 Y82.2117 Z-13.2000 F800
G1 X316.6475 Y83.1977 Z-13.2000 F800
G1 X316.9233 Y84.1628 Z-13.2000 F800
G1 X317.1932 Y85.1027 Z-13.2000 F800
G1 X317.4569 Y86.0139 Z-13.2000 F800
G1 X317.7142 Y86.8926 Z-13.2000 F800
G1 X317.9651 Y87.7351 Z-13.2000 F800
G1 X318.2093 Y88.5374 Z-13.2000 F800
G1 X318.4465 Y89.2956 Z-13.2000 F800
G1 X318.6762 Y90.0055 Z-13.2000 F800
G1 X318.8981 Y90.6626 Z-13.2000 F800
G1 X319.1113 Y91.2622 Z-13.2000 F800
G1 X319.3145 Y91.7987 Z-13.2000 F800
G1 X319.5059 Y92.2657 Z-13.2000 F800
G1 X319.6819 Y92.6551 Z-13.2000 F800
G1 X319.8361 Y92.9561 Z-13.2000 F800
G1 X319.9097 Y93.0779 Z-13.2000 F800
G1 X320.0416 Y93.1045 Z-13.2000 F800
G1 X320.4767 Y93.1851 Z-13.2000 F800
G1 X321.0256 Y93.2814 Z-13.2000 F800
G1 X321.6793 Y93.3920 Z-13.2000 F800
G1 X322.4311 Y93.5158 Z-13.2000 F800
G1 X323.2748 Y93.6519 Z-13.2000 F800
G1 X324.2048 Y93.7996 Z-13.2000 F800
G1 X325.2156 Y93.9580 Z-13.2000 F800
G1 X326.3018 Y94.1263 Z-13.2000 F800
G1 X327.4580 Y94.3040 Z-13.2000 F800
G1 X328.6789 Y94.4901 Z-13.2000 F800
G1 X329.9592 Y94.6840 Z-13.2000 F800
G1 X331.2937 Y94.8849 Z-13.2000 F800
G1 X332.6770 Y95.0922 Z-13.2000 F800
G1 X334.1041 Y95.3050 Z-13.2000 F800
G1 X335.5695 Y95.5227 Z-13.2000 F800
G1 X337.0682 Y95.7445 Z-13.2000 F800
G1 X338.5947 Y95.9698 Z-13.2000 F800
G1 X340.1440 Y96.1977 Z-13.2000 F800
G1 X341.7107 Y96.4275 Z-13.2000 F800
G1 X343.2897 Y96.6586 Z-13.2000 F800
G1 X344.8757 Y96.8902 Z-13.2000 F800
G1 X346.4635 Y97.1216 Z-13.2000 F800
G1 X348.0479 Y97.3521 Z-13.2000 F800
G1 X349.6235 Y97.5808 Z-13.2000 F800
G1 X351.1853 Y97.8072 Z-13.2000 F800
G1 X352.7280 Y98.0305 Z-13.2000 F800
G1 X354.2464 Y98.2499 Z-13.2000 F800
G1 X355.7351 Y98.4648 Z-13.2000 F800
G1 X357.1891 Y98.6744 Z-13.2000 F800
G1 X358.6031 Y98.8780 Z-13.2000 F800
G1 X359.9718 Y99.0748 Z-13.2000 F800
G1 X361.2901 Y99.2642 Z-13.2000 F800
G1 X362.5527 Y99.4454 Z-13.2000 F800
G1 X363.7544 Y99.6177 Z-13.2000 F800
G1 X364.8899 Y99.7804 Z-13.2000 F800
G1 X365.9541 Y99.9327 Z-13.2000 F800
G1 X366.9418 Y100.0740 Z-13.2000 F800
G1 X367.8476 Y100.2034 Z-13.2000 F800
G1 X368.6664 Y100.3204 Z-13.2000 F800
G1 X368.7440 Y100.3314 Z-13.2000 F800
G1 X368.5083 Y99.7168 Z-13.2000 F800
G1 X367.9973 Y98.4060 Z-13.2000 F800
G1 X367.3924 Y96.8955 Z-13.2000 F800
G1 X366.6881 Y95.1948 Z-13.2000 F800
G1 X365.8793 Y93.3142 Z-13.2000 F800
G1 X364.9611 Y91.2644 Z-13.2000 F800
G1 X363.9284 Y89.0562 Z-13.2000 F800
G1 X362.7763 Y86.7004 Z-13.2000 F800
G1 X361.4999 Y84.2080 Z-13.2000 F800
G1 X360.0943 Y81.5900 Z-13.2000 F800
G1 X358.5547 Y78.8573 Z-13.2000 F800
G1 X356.8761 Y76.0210 Z-13.2000 F800
G1 X355.0537 Y73.0921 Z-13.2000 F800
G1 X353.0826 Y70.0815 Z-13.2000 F800
G1 X350.9580 Y67.0004 Z-13.2000 F800
G1 X348.6750 Y63.8596 Z-13.2000 F800
G1 X346.2287 Y60.6702 Z-13.2000 F800
G1 X343.6142 Y57.4432 Z-13.2000 F800
G1 X340.8267 Y54.1895 Z-13.2000 F800
G1 X337.8612 Y50.9202 Z-13.2000 F800
G1 X334.7130 Y47.6461 Z-13.2000 F800
G1 X331.3769 Y44.3782 Z-13.2000 F800
G1 X327.8482 Y41.1276 Z-13.2000 F800
G1 X324.1219 Y37.9050 Z-13.2000 F800
G1 X320.1929 Y34.7214 Z-13.2000 F800
G1 X316.0564 Y31.5878 Z-13.2000 F800
G1 X311.7073 Y28.5151 Z-13.2000 F800
G1 X307.1406 Y25.5142 Z-11.7000 F800
G1 X302.3513 Y22.5960 Z-13.2000 F800
G1 X297.3343 Y19.7715 Z-13.2000 F800
G1 X292.0844 Y17.0516 Z-13.2000 F800
G1 X286.5967 Y14.4474 Z-13.2000 F800
G1 X280.8659 Y11.9697 Z-13.2000 F800
G1 X274.8870 Y9.6296 Z-13.2000 F800
G1 X268.6549 Y7.4382 Z-13.2000 F800
G1 X262.1643 Y5.4064 Z-13.2000 F800
G1 X255.4102 Y3.5454 Z-13.2000 F800
G1 X248.3875 Y1.8662 Z-13.2000 F800
G1 X241.0909 Y0.3800 Z-13.2000 F800
G1 X233.5155 Y-0.9021 Z-13.2000 F800
G1 X225.6561 Y-1.9690 Z-13.2000 F800
G1 X217.5077 Y-2.8096 Z-13.2000 F800
G1 X209.0651 Y-3.4125 Z-13.2000 F800
G1 X200.3226 Y-3.7668 Z-13.2000 F800
G1 X191.5754 Y-3.8658 Z-13.2000 F800
G1 X183.1208 Y-3.7177 Z-13.2000 F800
G1 X174.9549 Y-3.3329 Z-13.2000 F800
G1 X167.0731 Y-2.7218 Z-13.2000 F800
G1 X159.4706 Y-1.8949 Z-13.2000 F800
G1 X152.1427 Y-0.8627 Z-13.2000 F800
G1 X145.0848 Y0.3645 Z-13.2000 F800
G1 X138.2921 Y1.7762 Z-13.2000 F800
G1 X131.7599 Y3.3619 Z-13.2000 F800
G1 X125.4833 Y5.1113 Z-13.2000 F800
G1 X119.4578 Y7.0140 Z-13.2000 F800
G1 X113.6785 Y9.0597 Z-13.2000 F800
G1 X108.1405 Y11.2380 Z-13.2000 F800
G1 X102.8393 Y13.5386 Z-13.2000 F800
G1 X97.7700 Y15.9512 Z-13.2000 F800
G1 X92.9278 Y18.4656 Z-13.2000 F800
G1 X88.3080 Y21.0714 Z-13.2000 F800
G1 X83.9060 Y23.7583 Z-13.2000 F800
G1 X79.7169 Y26.5163 Z-13.2000 F800
G1 X75.7362 Y29.3350 Z-13.2000 F800
G1 X71.9590 Y32.2042 Z-13.2000 F800
G1 X68.3808 Y35.1137 Z-13.2000 F800
G1 X64.9970 Y38.0533 Z-13.2000 F800
G1 X61.8029 Y41.0128 Z-13.2000 F800
G1 X58.7939 Y43.9819 Z-13.2000 F800
G1 X55.9655 Y46.9503 Z-13.2000 F800
G1 X53.3130 Y49.9079 Z-13.2000 F800
G1 X50.8320 Y52.8444 Z-13.2000 F800
G1 X48.5179 Y55.7495 Z-13.2000 F800
G1 X46.3662 Y58.6129 Z-13.2000 F800
G1 X44.3723 Y61.4244 Z-13.2000 F800
G1 X42.5317 Y64.1735 Z-13.2000 F800
G1 X40.8400 Y66.8501 Z-13.2000 F800
G1 X39.2926 Y69.4436 Z-13.2000 F800
G1 X37.8851 Y71.9438 Z-13.2000 F800
G1 X36.6129 Y74.3402 Z-13.2000 F800
G1 X35.4716 Y76.6224 Z-13.2000 F800
G1 X34.4567 Y78.7799 Z-13.2000 F800
G1 X33.5638 Y80.8020 Z-13.2000 F800
G1 X32.7884 Y82.6782 Z-13.2000 F800
G1 X32.1260 Y84.3975 Z-13.2000 F800
G1 X31.5724 Y85.9488 Z-13.2000 F800
G1 X31.1232 Y87.3203 Z-13.2000 F800
G1 X30.7743 Y88.4993 Z-13.2000 F800
G1 X30.5219 Y89.4701 Z-13.2000 F800
G1 X30.3700 Y90.1759 Z-13.2000 F800
G0 Z5.000
G0 Z5.000
M5
M2
